2026-07-01 15:20:59,498 [INFO] from com.jpro.activity in scala-execution-context-global-30 - Starting the server
2026-07-01 15:20:59,500 [INFO] from com.jpro.internal.server.JProInitializer$ in scala-execution-context-global-30 -  *** Starting JPro: https://www.jpro.one/ ***
2026-07-01 15:20:59,500 [INFO] from com.jpro.internal.server.JProInitializer$ in scala-execution-context-global-30 - OS: Windows 11
2026-07-01 15:20:59,518 [INFO] from com.jpro.internal.server.JProInitializer$ in scala-execution-context-global-30 - JPro: 2024.1.0
2026-07-01 15:20:59,518 [INFO] from com.jpro.internal.server.JProInitializer$ in scala-execution-context-global-30 - Java version: 17.0.18
2026-07-01 15:20:59,518 [INFO] from com.jpro.internal.server.JProInitializer$ in scala-execution-context-global-30 - JVM: 17.0.18 Eclipse Adoptium
2026-07-01 15:20:59,523 [INFO] from com.jpro.internal.server.JProInitializer$ in scala-execution-context-global-30 - JavaFX jar: file:/C:/Users/EMD-572/.m2/repository/org/openjfx/javafx-graphics/21.0.2.4-jpro+0/javafx-graphics-21.0.2.4-jpro+0-win.jar
2026-07-01 15:20:59,525 [INFO] from com.jpro.internal.server.JProInitializer$ in scala-execution-context-global-30 - Configuring logging from url: 'jar:file:/C:/Users/EMD-572/.m2/repository/com/sandec/jpro/jpro-server_2.12/2024.1.0/jpro-server_2.12-2024.1.0.jar!/logback-jpro-default.xml'
2026-07-01 15:21:00,160 [INFO] from com.jpro.internal.server.JProInitializer$ in JavaFX Application Thread - JavaFX version: 21.0.2.4-jpro+0
2026-07-01 15:21:00,167 [INFO] from akka.event.slf4j.Slf4jLogger in application-akka.actor.default-dispatcher-5 - Slf4jLogger started
2026-07-01 15:21:00,213 [INFO] from com.jpro.internal.server.JProInitializer$ in scala-execution-context-global-30 - finished init!
2026-07-01 15:21:00,216 [INFO] from com.jpro.internal.server.JProInitializer$ in scala-execution-context-global-30 - [JPro] -> Server started: {start_time: 1782886859497, os_name: Windows 11, jpro_version: 2024.1.0}
2026-07-01 15:21:00,562 [INFO] from play.api.Play in Thread-0 - Application started (Prod) (no global state)
2026-07-01 15:21:00,887 [INFO] from play.core.server.AkkaHttpServer in Thread-0 - Enabling HTTP/2 on Akka HTTP server...
2026-07-01 15:21:00,887 [INFO] from play.core.server.AkkaHttpServer in Thread-0 - Listening for HTTP on /[0:0:0:0:0:0:0:0]:8080
2026-07-01 15:21:01,481 [INFO] from controllers.jpro in application-akka.actor.default-dispatcher-6 - application requested: default
2026-07-01 15:21:01,489 [INFO] from controllers.jpro in application-akka.actor.default-dispatcher-6 - Creating Application: default
2026-07-01 15:21:01,493 [INFO] from controllers.jpro in application-akka.actor.default-dispatcher-6 - remoteAddress 0:0:0:0:0:0:0:1
2026-07-01 15:21:01,494 [INFO] from controllers.jpro in application-akka.actor.default-dispatcher-6 - host          localhost:8080
2026-07-01 15:21:01,496 [INFO] from controllers.jpro in application-akka.actor.default-dispatcher-6 - uri           /app/ws/default
2026-07-01 15:21:01,650 [INFO] from com.jpro.internal.stats.ViewInfo$ in JavaFX Application Thread - [JPro] -> View created: {app_name: default, host_name: localhost:8080, instance_id: 832432863, browser: Google Chrome 149.0.0.0, browser_url: http://localhost:8080/, client_ip: 0:0:0:0:0:0:0:1}
2026-07-01 15:21:01,835 [ERROR] from com.jpro.internal.communicator.InstanceImpl in JavaFX Application Thread - Error while starting application: 
java.lang.UnsatisfiedLinkError: no glib-lite in java.library.path: C:\pleiades\2026-03\java\17\bin;C:\Windows\Sun\Java\bin;C:\Windows\system32;C:\Windows;C:/pleiades/2026-03/eclipse//plugins/org.eclipse.justj.openjdk.hotspot.jre.full.win32.x86_64_21.0.11.v20260515-1531/jre/bin/server;C:/pleiades/2026-03/eclipse//plugins/org.eclipse.justj.openjdk.hotspot.jre.full.win32.x86_64_21.0.11.v20260515-1531/jre/bin;C:\Windows\system32;C:\Windows;C:\Windows\System32\Wbem;C:\Windows\System32\WindowsPowerShell\v1.0\;C:\Windows\System32\OpenSSH\;C:\Program Files\dotnet\;C:\Users\EMD-572\AppData\Local\Microsoft\WindowsApps;;C:\pleiades\2026-03\eclipse;;.
	at java.base/java.lang.ClassLoader.loadLibrary(ClassLoader.java:2434)
	at java.base/java.lang.Runtime.loadLibrary0(Runtime.java:818)
	at java.base/java.lang.System.loadLibrary(System.java:2006)
	at com.sun.glass.utils.NativeLibLoader.loadLibraryInternal(NativeLibLoader.java:170)
	at com.sun.glass.utils.NativeLibLoader.loadLibrary(NativeLibLoader.java:58)
	at com.sun.media.jfxmediaimpl.NativeMediaManager.lambda$new$0(NativeMediaManager.java:111)
	at java.base/java.security.AccessController.doPrivileged(AccessController.java:569)
	at com.sun.media.jfxmediaimpl.NativeMediaManager.<init>(NativeMediaManager.java:108)
	at com.sun.media.jfxmediaimpl.NativeMediaManager$NativeMediaManagerInitializer.<clinit>(NativeMediaManager.java:78)
	at com.sun.media.jfxmediaimpl.NativeMediaManager.getDefaultInstance(NativeMediaManager.java:90)
	at com.sun.media.jfxmedia.MediaManager.canPlayProtocol(MediaManager.java:78)
	at com.sun.media.jfxmedia.locator.Locator.<init>(Locator.java:240)
	at javafx.scene.media.Media.<init>(Media.java:392)
	at start.Bgm.playBGM(Bgm.java:14)
	at start.Start.start(Start.java:142)
	at com.jpro.internal.config.ApplicationStarter$.$anonfun$startJApplication$1(ApplicationStarter.scala:131)
	at com.jpro.internal.config.ApplicationStarter$.$anonfun$startJApplication$1$adapted(ApplicationStarter.scala:128)
	at com.jpro.internal.communicator.InstanceImpl.start(InstanceImpl.scala:53)
	at com.jpro.internal.communicator.InstanceImpl.$anonfun$new$2(InstanceImpl.scala:45)
	at scala.runtime.java8.JFunction0$mcV$sp.apply(JFunction0$mcV$sp.java:23)
	at simplefx.cores.standard.parts.CoreTimeEvent.doIt$lzycompute$1(CoreTimeEvent.scala:147)
	at simplefx.cores.standard.parts.CoreTimeEvent.doIt$1(CoreTimeEvent.scala:145)
	at simplefx.cores.standard.parts.CoreTimeEvent.$anonfun$runOnceWhen$2(CoreTimeEvent.scala:149)
	at simplefx.cores.standard.parts.CoreTimeEvent.$anonfun$runOnceWhen$2$adapted(CoreTimeEvent.scala:149)
	at simplefx.cores.standard.parts.CoreTypesBindable$BindableImpl.$anonfun$triggerOnChange$3(CoreTypesBindable.scala:208)
	at simplefx.cores.standard.parts.CoreScheduler.runSchedulerImpl(CoreScheduler.scala:73)
	at simplefx.cores.standard.parts.CoreScheduler.runSchedulerImpl$(CoreScheduler.scala:52)
	at simplefx.cores.standard.Core.runSchedulerImpl(Core.scala:9)
	at simplefx.cores.standard.parts.CoreScheduler.tryStartSchedulerStop(CoreScheduler.scala:44)
	at simplefx.cores.standard.parts.CoreScheduler.tryStartSchedulerStop$(CoreScheduler.scala:42)
	at simplefx.cores.standard.Core.tryStartSchedulerStop(Core.scala:9)
	at com.jpro.internal.server.ViewSerializerActor$$anonfun$handleFirstClientMessage$1.$anonfun$applyOrElse$1(ViewSerializerActor.scala:67)
	at simplefx.cores.standard.parts.CoreTimeEvent$$anon$3.run(CoreTimeEvent.scala:62)
	at com.sun.javafx.application.PlatformImpl.lambda$runLater$10(PlatformImpl.java:457)
	at java.base/java.security.AccessController.doPrivileged(AccessController.java:399)
	at com.sun.javafx.application.PlatformImpl.lambda$runLater$11(PlatformImpl.java:456)
	at com.sun.glass.ui.monocle.RunnableProcessor.runLoop(RunnableProcessor.java:92)
	at com.sun.glass.ui.monocle.RunnableProcessor.run(RunnableProcessor.java:51)
	at java.base/java.lang.Thread.run(Thread.java:840)
2026-07-01 15:21:01,836 [WARN] from com.jpro.internal.communicator.InstanceImpl in JavaFX Application Thread - Application didn't show the stage. JPro is now calling show()
2026-07-01 15:21:02,599 [INFO] from com.jpro.meta.stream.Util$ in JavaFX Application Thread - WORKAROUND! setting XY for Window because current XY is NaN
2026-07-01 15:24:09,437 [INFO] from com.jpro.activity in scala-execution-context-global-30 - Starting the server
2026-07-01 15:24:09,439 [INFO] from com.jpro.internal.server.JProInitializer$ in scala-execution-context-global-30 -  *** Starting JPro: https://www.jpro.one/ ***
2026-07-01 15:24:09,439 [INFO] from com.jpro.internal.server.JProInitializer$ in scala-execution-context-global-30 - OS: Windows 11
2026-07-01 15:24:09,454 [INFO] from com.jpro.internal.server.JProInitializer$ in scala-execution-context-global-30 - JPro: 2024.1.0
2026-07-01 15:24:09,454 [INFO] from com.jpro.internal.server.JProInitializer$ in scala-execution-context-global-30 - Java version: 17.0.18
2026-07-01 15:24:09,454 [INFO] from com.jpro.internal.server.JProInitializer$ in scala-execution-context-global-30 - JVM: 17.0.18 Eclipse Adoptium
2026-07-01 15:24:09,456 [INFO] from com.jpro.internal.server.JProInitializer$ in scala-execution-context-global-30 - JavaFX jar: file:/C:/Users/EMD-572/.m2/repository/org/openjfx/javafx-graphics/21.0.2.4-jpro+0/javafx-graphics-21.0.2.4-jpro+0-win.jar
2026-07-01 15:24:09,458 [INFO] from com.jpro.internal.server.JProInitializer$ in scala-execution-context-global-30 - Configuring logging from url: 'jar:file:/C:/Users/EMD-572/.m2/repository/com/sandec/jpro/jpro-server_2.12/2024.1.0/jpro-server_2.12-2024.1.0.jar!/logback-jpro-default.xml'
2026-07-01 15:24:10,073 [INFO] from com.jpro.internal.server.JProInitializer$ in JavaFX Application Thread - JavaFX version: 21.0.2.4-jpro+0
2026-07-01 15:24:10,120 [INFO] from akka.event.slf4j.Slf4jLogger in application-akka.actor.default-dispatcher-5 - Slf4jLogger started
2026-07-01 15:24:10,130 [INFO] from com.jpro.internal.server.JProInitializer$ in scala-execution-context-global-30 - finished init!
2026-07-01 15:24:10,133 [INFO] from com.jpro.internal.server.JProInitializer$ in scala-execution-context-global-30 - [JPro] -> Server started: {start_time: 1782887049436, os_name: Windows 11, jpro_version: 2024.1.0}
2026-07-01 15:24:10,522 [INFO] from play.api.Play in Thread-0 - Application started (Prod) (no global state)
2026-07-01 15:24:10,864 [INFO] from play.core.server.AkkaHttpServer in Thread-0 - Enabling HTTP/2 on Akka HTTP server...
2026-07-01 15:24:10,864 [INFO] from play.core.server.AkkaHttpServer in Thread-0 - Listening for HTTP on /[0:0:0:0:0:0:0:0]:8080
2026-07-01 15:24:11,335 [INFO] from controllers.jpro in application-akka.actor.default-dispatcher-9 - application requested: default
2026-07-01 15:24:11,342 [INFO] from controllers.jpro in application-akka.actor.default-dispatcher-9 - Creating Application: default
2026-07-01 15:24:11,344 [INFO] from controllers.jpro in application-akka.actor.default-dispatcher-9 - remoteAddress 0:0:0:0:0:0:0:1
2026-07-01 15:24:11,345 [INFO] from controllers.jpro in application-akka.actor.default-dispatcher-9 - host          localhost:8080
2026-07-01 15:24:11,345 [INFO] from controllers.jpro in application-akka.actor.default-dispatcher-9 - uri           /app/ws/default
2026-07-01 15:24:11,489 [INFO] from com.jpro.internal.stats.ViewInfo$ in JavaFX Application Thread - [JPro] -> View created: {app_name: default, host_name: localhost:8080, instance_id: 1797591777, browser: Google Chrome 149.0.0.0, browser_url: http://localhost:8080/, client_ip: 0:0:0:0:0:0:0:1}
2026-07-01 15:24:11,669 [ERROR] from com.jpro.internal.communicator.InstanceImpl in JavaFX Application Thread - Error while starting application: 
java.lang.UnsatisfiedLinkError: no glib-lite in java.library.path: C:\pleiades\2026-03\java\17\bin;C:\Windows\Sun\Java\bin;C:\Windows\system32;C:\Windows;C:/pleiades/2026-03/eclipse//plugins/org.eclipse.justj.openjdk.hotspot.jre.full.win32.x86_64_21.0.11.v20260515-1531/jre/bin/server;C:/pleiades/2026-03/eclipse//plugins/org.eclipse.justj.openjdk.hotspot.jre.full.win32.x86_64_21.0.11.v20260515-1531/jre/bin;C:\Windows\system32;C:\Windows;C:\Windows\System32\Wbem;C:\Windows\System32\WindowsPowerShell\v1.0\;C:\Windows\System32\OpenSSH\;C:\Program Files\dotnet\;C:\Users\EMD-572\AppData\Local\Microsoft\WindowsApps;;C:\pleiades\2026-03\eclipse;;.
	at java.base/java.lang.ClassLoader.loadLibrary(ClassLoader.java:2434)
	at java.base/java.lang.Runtime.loadLibrary0(Runtime.java:818)
	at java.base/java.lang.System.loadLibrary(System.java:2006)
	at com.sun.glass.utils.NativeLibLoader.loadLibraryInternal(NativeLibLoader.java:170)
	at com.sun.glass.utils.NativeLibLoader.loadLibrary(NativeLibLoader.java:58)
	at com.sun.media.jfxmediaimpl.NativeMediaManager.lambda$new$0(NativeMediaManager.java:111)
	at java.base/java.security.AccessController.doPrivileged(AccessController.java:569)
	at com.sun.media.jfxmediaimpl.NativeMediaManager.<init>(NativeMediaManager.java:108)
	at com.sun.media.jfxmediaimpl.NativeMediaManager$NativeMediaManagerInitializer.<clinit>(NativeMediaManager.java:78)
	at com.sun.media.jfxmediaimpl.NativeMediaManager.getDefaultInstance(NativeMediaManager.java:90)
	at com.sun.media.jfxmedia.MediaManager.canPlayProtocol(MediaManager.java:78)
	at com.sun.media.jfxmedia.locator.Locator.<init>(Locator.java:240)
	at com.sun.media.jfxmediaimpl.NativeMediaAudioClip.<init>(NativeMediaAudioClip.java:53)
	at com.sun.media.jfxmediaimpl.NativeMediaAudioClip.load(NativeMediaAudioClip.java:63)
	at com.sun.media.jfxmediaimpl.AudioClipProvider.load(AudioClipProvider.java:66)
	at com.sun.media.jfxmedia.AudioClip.load(AudioClip.java:135)
	at javafx.scene.media.AudioClip.<init>(AudioClip.java:83)
	at start.Start.start(Start.java:146)
	at com.jpro.internal.config.ApplicationStarter$.$anonfun$startJApplication$1(ApplicationStarter.scala:131)
	at com.jpro.internal.config.ApplicationStarter$.$anonfun$startJApplication$1$adapted(ApplicationStarter.scala:128)
	at com.jpro.internal.communicator.InstanceImpl.start(InstanceImpl.scala:53)
	at com.jpro.internal.communicator.InstanceImpl.$anonfun$new$2(InstanceImpl.scala:45)
	at scala.runtime.java8.JFunction0$mcV$sp.apply(JFunction0$mcV$sp.java:23)
	at simplefx.cores.standard.parts.CoreTimeEvent.doIt$lzycompute$1(CoreTimeEvent.scala:147)
	at simplefx.cores.standard.parts.CoreTimeEvent.doIt$1(CoreTimeEvent.scala:145)
	at simplefx.cores.standard.parts.CoreTimeEvent.$anonfun$runOnceWhen$2(CoreTimeEvent.scala:149)
	at simplefx.cores.standard.parts.CoreTimeEvent.$anonfun$runOnceWhen$2$adapted(CoreTimeEvent.scala:149)
	at simplefx.cores.standard.parts.CoreTypesBindable$BindableImpl.$anonfun$triggerOnChange$3(CoreTypesBindable.scala:208)
	at simplefx.cores.standard.parts.CoreScheduler.runSchedulerImpl(CoreScheduler.scala:73)
	at simplefx.cores.standard.parts.CoreScheduler.runSchedulerImpl$(CoreScheduler.scala:52)
	at simplefx.cores.standard.Core.runSchedulerImpl(Core.scala:9)
	at simplefx.cores.standard.parts.CoreScheduler.tryStartSchedulerStop(CoreScheduler.scala:44)
	at simplefx.cores.standard.parts.CoreScheduler.tryStartSchedulerStop$(CoreScheduler.scala:42)
	at simplefx.cores.standard.Core.tryStartSchedulerStop(Core.scala:9)
	at com.jpro.internal.server.ViewSerializerActor$$anonfun$handleFirstClientMessage$1.$anonfun$applyOrElse$1(ViewSerializerActor.scala:67)
	at simplefx.cores.standard.parts.CoreTimeEvent$$anon$3.run(CoreTimeEvent.scala:62)
	at com.sun.javafx.application.PlatformImpl.lambda$runLater$10(PlatformImpl.java:457)
	at java.base/java.security.AccessController.doPrivileged(AccessController.java:399)
	at com.sun.javafx.application.PlatformImpl.lambda$runLater$11(PlatformImpl.java:456)
	at com.sun.glass.ui.monocle.RunnableProcessor.runLoop(RunnableProcessor.java:92)
	at com.sun.glass.ui.monocle.RunnableProcessor.run(RunnableProcessor.java:51)
	at java.base/java.lang.Thread.run(Thread.java:840)
2026-07-01 15:24:11,671 [WARN] from com.jpro.internal.communicator.InstanceImpl in JavaFX Application Thread - Application didn't show the stage. JPro is now calling show()
2026-07-01 15:24:12,451 [INFO] from com.jpro.meta.stream.Util$ in JavaFX Application Thread - WORKAROUND! setting XY for Window because current XY is NaN
2026-07-01 15:26:03,574 [INFO] from com.jpro.activity in scala-execution-context-global-30 - Starting the server
2026-07-01 15:26:03,575 [INFO] from com.jpro.internal.server.JProInitializer$ in scala-execution-context-global-30 -  *** Starting JPro: https://www.jpro.one/ ***
2026-07-01 15:26:03,576 [INFO] from com.jpro.internal.server.JProInitializer$ in scala-execution-context-global-30 - OS: Windows 11
2026-07-01 15:26:03,591 [INFO] from com.jpro.internal.server.JProInitializer$ in scala-execution-context-global-30 - JPro: 2024.1.0
2026-07-01 15:26:03,591 [INFO] from com.jpro.internal.server.JProInitializer$ in scala-execution-context-global-30 - Java version: 17.0.18
2026-07-01 15:26:03,591 [INFO] from com.jpro.internal.server.JProInitializer$ in scala-execution-context-global-30 - JVM: 17.0.18 Eclipse Adoptium
2026-07-01 15:26:03,593 [INFO] from com.jpro.internal.server.JProInitializer$ in scala-execution-context-global-30 - JavaFX jar: file:/C:/Users/EMD-572/.m2/repository/org/openjfx/javafx-graphics/21.0.2.4-jpro+0/javafx-graphics-21.0.2.4-jpro+0-win.jar
2026-07-01 15:26:03,597 [INFO] from com.jpro.internal.server.JProInitializer$ in scala-execution-context-global-30 - Configuring logging from url: 'jar:file:/C:/Users/EMD-572/.m2/repository/com/sandec/jpro/jpro-server_2.12/2024.1.0/jpro-server_2.12-2024.1.0.jar!/logback-jpro-default.xml'
2026-07-01 15:26:04,245 [INFO] from akka.event.slf4j.Slf4jLogger in application-akka.actor.default-dispatcher-4 - Slf4jLogger started
2026-07-01 15:26:04,279 [INFO] from com.jpro.internal.server.JProInitializer$ in JavaFX Application Thread - JavaFX version: 21.0.2.4-jpro+0
2026-07-01 15:26:04,341 [INFO] from com.jpro.internal.server.JProInitializer$ in scala-execution-context-global-30 - finished init!
2026-07-01 15:26:04,343 [INFO] from com.jpro.internal.server.JProInitializer$ in scala-execution-context-global-30 - [JPro] -> Server started: {start_time: 1782887163573, os_name: Windows 11, jpro_version: 2024.1.0}
2026-07-01 15:26:04,671 [INFO] from play.api.Play in Thread-0 - Application started (Prod) (no global state)
2026-07-01 15:26:04,993 [INFO] from play.core.server.AkkaHttpServer in Thread-0 - Enabling HTTP/2 on Akka HTTP server...
2026-07-01 15:26:04,994 [INFO] from play.core.server.AkkaHttpServer in Thread-0 - Listening for HTTP on /[0:0:0:0:0:0:0:0]:8080
2026-07-01 15:26:05,389 [INFO] from controllers.jpro in application-akka.actor.default-dispatcher-10 - application requested: default
2026-07-01 15:26:05,394 [INFO] from controllers.jpro in application-akka.actor.default-dispatcher-10 - Creating Application: default
2026-07-01 15:26:05,396 [INFO] from controllers.jpro in application-akka.actor.default-dispatcher-10 - remoteAddress 0:0:0:0:0:0:0:1
2026-07-01 15:26:05,397 [INFO] from controllers.jpro in application-akka.actor.default-dispatcher-10 - host          localhost:8080
2026-07-01 15:26:05,397 [INFO] from controllers.jpro in application-akka.actor.default-dispatcher-10 - uri           /app/ws/default
2026-07-01 15:26:05,542 [INFO] from com.jpro.internal.stats.ViewInfo$ in JavaFX Application Thread - [JPro] -> View created: {app_name: default, host_name: localhost:8080, instance_id: 132794878, browser: Google Chrome 149.0.0.0, browser_url: http://localhost:8080/, client_ip: 0:0:0:0:0:0:0:1}
2026-07-01 15:26:05,701 [ERROR] from com.jpro.internal.communicator.InstanceImpl in JavaFX Application Thread - Error while starting application: 
java.lang.UnsatisfiedLinkError: no glib-lite in java.library.path: C:\pleiades\2026-03\java\17\bin;C:\Windows\Sun\Java\bin;C:\Windows\system32;C:\Windows;C:/pleiades/2026-03/eclipse//plugins/org.eclipse.justj.openjdk.hotspot.jre.full.win32.x86_64_21.0.11.v20260515-1531/jre/bin/server;C:/pleiades/2026-03/eclipse//plugins/org.eclipse.justj.openjdk.hotspot.jre.full.win32.x86_64_21.0.11.v20260515-1531/jre/bin;C:\Windows\system32;C:\Windows;C:\Windows\System32\Wbem;C:\Windows\System32\WindowsPowerShell\v1.0\;C:\Windows\System32\OpenSSH\;C:\Program Files\dotnet\;C:\Users\EMD-572\AppData\Local\Microsoft\WindowsApps;;C:\pleiades\2026-03\eclipse;;.
	at java.base/java.lang.ClassLoader.loadLibrary(ClassLoader.java:2434)
	at java.base/java.lang.Runtime.loadLibrary0(Runtime.java:818)
	at java.base/java.lang.System.loadLibrary(System.java:2006)
	at com.sun.glass.utils.NativeLibLoader.loadLibraryInternal(NativeLibLoader.java:170)
	at com.sun.glass.utils.NativeLibLoader.loadLibrary(NativeLibLoader.java:58)
	at com.sun.media.jfxmediaimpl.NativeMediaManager.lambda$new$0(NativeMediaManager.java:111)
	at java.base/java.security.AccessController.doPrivileged(AccessController.java:569)
	at com.sun.media.jfxmediaimpl.NativeMediaManager.<init>(NativeMediaManager.java:108)
	at com.sun.media.jfxmediaimpl.NativeMediaManager$NativeMediaManagerInitializer.<clinit>(NativeMediaManager.java:78)
	at com.sun.media.jfxmediaimpl.NativeMediaManager.getDefaultInstance(NativeMediaManager.java:90)
	at com.sun.media.jfxmedia.MediaManager.canPlayProtocol(MediaManager.java:78)
	at com.sun.media.jfxmedia.locator.Locator.<init>(Locator.java:240)
	at com.sun.media.jfxmediaimpl.NativeMediaAudioClip.<init>(NativeMediaAudioClip.java:53)
	at com.sun.media.jfxmediaimpl.NativeMediaAudioClip.load(NativeMediaAudioClip.java:63)
	at com.sun.media.jfxmediaimpl.AudioClipProvider.load(AudioClipProvider.java:66)
	at com.sun.media.jfxmedia.AudioClip.load(AudioClip.java:135)
	at javafx.scene.media.AudioClip.<init>(AudioClip.java:83)
	at start.Start.start(Start.java:146)
	at com.jpro.internal.config.ApplicationStarter$.$anonfun$startJApplication$1(ApplicationStarter.scala:131)
	at com.jpro.internal.config.ApplicationStarter$.$anonfun$startJApplication$1$adapted(ApplicationStarter.scala:128)
	at com.jpro.internal.communicator.InstanceImpl.start(InstanceImpl.scala:53)
	at com.jpro.internal.communicator.InstanceImpl.$anonfun$new$2(InstanceImpl.scala:45)
	at scala.runtime.java8.JFunction0$mcV$sp.apply(JFunction0$mcV$sp.java:23)
	at simplefx.cores.standard.parts.CoreTimeEvent.doIt$lzycompute$1(CoreTimeEvent.scala:147)
	at simplefx.cores.standard.parts.CoreTimeEvent.doIt$1(CoreTimeEvent.scala:145)
	at simplefx.cores.standard.parts.CoreTimeEvent.$anonfun$runOnceWhen$2(CoreTimeEvent.scala:149)
	at simplefx.cores.standard.parts.CoreTimeEvent.$anonfun$runOnceWhen$2$adapted(CoreTimeEvent.scala:149)
	at simplefx.cores.standard.parts.CoreTypesBindable$BindableImpl.$anonfun$triggerOnChange$3(CoreTypesBindable.scala:208)
	at simplefx.cores.standard.parts.CoreScheduler.runSchedulerImpl(CoreScheduler.scala:73)
	at simplefx.cores.standard.parts.CoreScheduler.runSchedulerImpl$(CoreScheduler.scala:52)
	at simplefx.cores.standard.Core.runSchedulerImpl(Core.scala:9)
	at simplefx.cores.standard.parts.CoreScheduler.tryStartSchedulerStop(CoreScheduler.scala:44)
	at simplefx.cores.standard.parts.CoreScheduler.tryStartSchedulerStop$(CoreScheduler.scala:42)
	at simplefx.cores.standard.Core.tryStartSchedulerStop(Core.scala:9)
	at com.jpro.internal.server.ViewSerializerActor$$anonfun$handleFirstClientMessage$1.$anonfun$applyOrElse$1(ViewSerializerActor.scala:67)
	at simplefx.cores.standard.parts.CoreTimeEvent$$anon$3.run(CoreTimeEvent.scala:62)
	at com.sun.javafx.application.PlatformImpl.lambda$runLater$10(PlatformImpl.java:457)
	at java.base/java.security.AccessController.doPrivileged(AccessController.java:399)
	at com.sun.javafx.application.PlatformImpl.lambda$runLater$11(PlatformImpl.java:456)
	at com.sun.glass.ui.monocle.RunnableProcessor.runLoop(RunnableProcessor.java:92)
	at com.sun.glass.ui.monocle.RunnableProcessor.run(RunnableProcessor.java:51)
	at java.base/java.lang.Thread.run(Thread.java:840)
2026-07-01 15:26:05,702 [WARN] from com.jpro.internal.communicator.InstanceImpl in JavaFX Application Thread - Application didn't show the stage. JPro is now calling show()
2026-07-01 15:26:06,501 [INFO] from com.jpro.meta.stream.Util$ in JavaFX Application Thread - WORKAROUND! setting XY for Window because current XY is NaN
2026-07-01 15:32:53,289 [INFO] from com.jpro.activity in scala-execution-context-global-30 - Starting the server
2026-07-01 15:32:53,291 [INFO] from com.jpro.internal.server.JProInitializer$ in scala-execution-context-global-30 -  *** Starting JPro: https://www.jpro.one/ ***
2026-07-01 15:32:53,291 [INFO] from com.jpro.internal.server.JProInitializer$ in scala-execution-context-global-30 - OS: Windows 11
2026-07-01 15:32:53,308 [INFO] from com.jpro.internal.server.JProInitializer$ in scala-execution-context-global-30 - JPro: 2024.1.0
2026-07-01 15:32:53,308 [INFO] from com.jpro.internal.server.JProInitializer$ in scala-execution-context-global-30 - Java version: 17.0.18
2026-07-01 15:32:53,308 [INFO] from com.jpro.internal.server.JProInitializer$ in scala-execution-context-global-30 - JVM: 17.0.18 Eclipse Adoptium
2026-07-01 15:32:53,310 [INFO] from com.jpro.internal.server.JProInitializer$ in scala-execution-context-global-30 - JavaFX jar: file:/C:/Users/EMD-572/.m2/repository/org/openjfx/javafx-graphics/21.0.2.4-jpro+0/javafx-graphics-21.0.2.4-jpro+0-win.jar
2026-07-01 15:32:53,312 [INFO] from com.jpro.internal.server.JProInitializer$ in scala-execution-context-global-30 - Configuring logging from url: 'jar:file:/C:/Users/EMD-572/.m2/repository/com/sandec/jpro/jpro-server_2.12/2024.1.0/jpro-server_2.12-2024.1.0.jar!/logback-jpro-default.xml'
2026-07-01 15:32:53,916 [INFO] from com.jpro.internal.server.JProInitializer$ in JavaFX Application Thread - JavaFX version: 21.0.2.4-jpro+0
2026-07-01 15:32:53,950 [INFO] from akka.event.slf4j.Slf4jLogger in application-akka.actor.default-dispatcher-5 - Slf4jLogger started
2026-07-01 15:32:53,953 [INFO] from com.jpro.internal.server.JProInitializer$ in scala-execution-context-global-30 - finished init!
2026-07-01 15:32:53,954 [INFO] from com.jpro.internal.server.JProInitializer$ in scala-execution-context-global-30 - [JPro] -> Server started: {start_time: 1782887573289, os_name: Windows 11, jpro_version: 2024.1.0}
2026-07-01 15:32:54,368 [INFO] from play.api.Play in Thread-0 - Application started (Prod) (no global state)
2026-07-01 15:32:54,694 [INFO] from play.core.server.AkkaHttpServer in Thread-0 - Enabling HTTP/2 on Akka HTTP server...
2026-07-01 15:32:54,695 [INFO] from play.core.server.AkkaHttpServer in Thread-0 - Listening for HTTP on /[0:0:0:0:0:0:0:0]:8080
2026-07-01 15:32:55,173 [INFO] from controllers.jpro in application-akka.actor.default-dispatcher-5 - application requested: default
2026-07-01 15:32:55,179 [INFO] from controllers.jpro in application-akka.actor.default-dispatcher-5 - Creating Application: default
2026-07-01 15:32:55,180 [INFO] from controllers.jpro in application-akka.actor.default-dispatcher-5 - remoteAddress 0:0:0:0:0:0:0:1
2026-07-01 15:32:55,181 [INFO] from controllers.jpro in application-akka.actor.default-dispatcher-5 - host          localhost:8080
2026-07-01 15:32:55,181 [INFO] from controllers.jpro in application-akka.actor.default-dispatcher-5 - uri           /app/ws/default
2026-07-01 15:32:55,369 [INFO] from com.jpro.internal.stats.ViewInfo$ in JavaFX Application Thread - [JPro] -> View created: {app_name: default, host_name: localhost:8080, instance_id: 1460431296, browser: Google Chrome 149.0.0.0, browser_url: http://localhost:8080/, client_ip: 0:0:0:0:0:0:0:1}
2026-07-01 15:32:55,649 [INFO] from com.jpro.internal.communicator.InstanceImpl in JavaFX Application Thread - [JPro] -> Instance created: {app_name: default, host_name: localhost:8080, instance_id: 1460431296, browser: Google Chrome 149.0.0.0, browser_url: http://localhost:8080/, client_ip: 0:0:0:0:0:0:0:1}
2026-07-01 15:33:10,463 [INFO] from com.jpro.internal.stats.ViewInfo$ in JavaFX Application Thread - [JPro] -> View closed: {app_name: default, host_name: localhost:8080, instance_id: 1460431296, browser: Google Chrome 149.0.0.0, browser_url: http://localhost:8080/, client_ip: 0:0:0:0:0:0:0:1, reason: tab-closed}
2026-07-01 15:33:10,467 [INFO] from com.jpro.internal.stats.ViewInfo$ in JavaFX Application Thread - 
2026-07-01 15:33:10,467 [INFO] from com.jpro.internal.stats.ViewInfo$ in JavaFX Application Thread - Application closed:
2026-07-01 15:33:10,477 [INFO] from com.jpro.internal.stats.ViewInfo$ in JavaFX Application Thread - startTime      : Wed Jul 01 15:33:10 JST 2026      
2026-07-01 15:33:10,477 [INFO] from com.jpro.internal.stats.ViewInfo$ in JavaFX Application Thread - averageLatency : 00:00:00.001 
2026-07-01 15:33:10,477 [INFO] from com.jpro.internal.stats.ViewInfo$ in JavaFX Application Thread - averageJitter  : 00:00:00.000  
2026-07-01 15:33:10,478 [INFO] from com.jpro.internal.stats.ViewInfo$ in JavaFX Application Thread - framerateServer: 00:00:00.000
2026-07-01 15:33:10,478 [INFO] from com.jpro.internal.stats.ViewInfo$ in JavaFX Application Thread - framerateClient: 00:00:00.000
2026-07-01 15:33:10,478 [INFO] from com.jpro.internal.stats.ViewInfo$ in JavaFX Application Thread - raw            : 429772
2026-07-01 15:33:10,478 [INFO] from com.jpro.internal.stats.ViewInfo$ in JavaFX Application Thread - zipped         : 127724
2026-07-01 15:33:10,478 [INFO] from com.jpro.internal.stats.ViewInfo$ in JavaFX Application Thread - 
2026-07-01 15:33:10,483 [INFO] from controllers.jpro in application-akka.actor.default-dispatcher-10 - application requested: default
2026-07-01 15:33:10,484 [INFO] from controllers.jpro in application-akka.actor.default-dispatcher-10 - Creating Application: default
2026-07-01 15:33:10,484 [INFO] from controllers.jpro in application-akka.actor.default-dispatcher-10 - remoteAddress 0:0:0:0:0:0:0:1
2026-07-01 15:33:10,484 [INFO] from controllers.jpro in application-akka.actor.default-dispatcher-10 - host          localhost:8080
2026-07-01 15:33:10,484 [INFO] from controllers.jpro in application-akka.actor.default-dispatcher-10 - uri           /app/ws/default
2026-07-01 15:33:10,498 [INFO] from com.jpro.internal.stats.ViewInfo$ in JavaFX Application Thread - [JPro] -> View created: {app_name: default, host_name: localhost:8080, instance_id: 2138793388, browser: Google Chrome 149.0.0.0, browser_url: http://localhost:8080/, client_ip: 0:0:0:0:0:0:0:1}
2026-07-01 15:33:10,553 [INFO] from com.jpro.internal.communicator.InstanceImpl in JavaFX Application Thread - [JPro] -> Instance created: {app_name: default, host_name: localhost:8080, instance_id: 2138793388, browser: Google Chrome 149.0.0.0, browser_url: http://localhost:8080/, client_ip: 0:0:0:0:0:0:0:1}
2026-07-01 15:33:11,460 [INFO] from com.jpro.internal.communicator.InstanceImpl in JavaFX Application Thread - [JPro] -> Instance closed: {app_name: default, host_name: localhost:8080, instance_id: 1460431296, browser: Google Chrome 149.0.0.0, browser_url: http://localhost:8080/, client_ip: 0:0:0:0:0:0:0:1, reason: close-tab-closed}
2026-07-01 16:33:20,569 [INFO] from controllers.jpro in application-akka.actor.default-dispatcher-19 - application requested: default
2026-07-01 16:33:20,569 [INFO] from controllers.jpro in application-akka.actor.default-dispatcher-19 - Creating Application: default
2026-07-01 16:33:20,575 [INFO] from controllers.jpro in application-akka.actor.default-dispatcher-19 - remoteAddress 114.172.95.146
2026-07-01 16:33:20,575 [INFO] from controllers.jpro in application-akka.actor.default-dispatcher-19 - host          task-ignition-retrain.ngrok-free.dev
2026-07-01 16:33:20,575 [INFO] from controllers.jpro in application-akka.actor.default-dispatcher-19 - uri           /app/ws/default
2026-07-01 16:33:20,697 [INFO] from com.jpro.internal.stats.ViewInfo$ in JavaFX Application Thread - [JPro] -> View created: {app_name: default, host_name: task-ignition-retrain.ngrok-free.dev, instance_id: 505683310, browser: Google Chrome 149.0.0.0, browser_url: https://task-ignition-retrain.ngrok-free.dev/, client_ip: 114.172.95.146}
2026-07-01 16:33:20,770 [INFO] from com.jpro.internal.communicator.InstanceImpl in JavaFX Application Thread - [JPro] -> Instance created: {app_name: default, host_name: task-ignition-retrain.ngrok-free.dev, instance_id: 505683310, browser: Google Chrome 149.0.0.0, browser_url: https://task-ignition-retrain.ngrok-free.dev/, client_ip: 114.172.95.146}
2026-07-01 16:33:29,436 [INFO] from com.jpro.internal.stats.ViewInfo$ in JavaFX Application Thread - [JPro] -> View closed: {app_name: default, host_name: task-ignition-retrain.ngrok-free.dev, instance_id: 505683310, browser: Google Chrome 149.0.0.0, browser_url: https://task-ignition-retrain.ngrok-free.dev/, client_ip: 114.172.95.146, reason: tab-closed}
2026-07-01 16:33:29,437 [INFO] from com.jpro.internal.stats.ViewInfo$ in JavaFX Application Thread - 
2026-07-01 16:33:29,437 [INFO] from com.jpro.internal.stats.ViewInfo$ in JavaFX Application Thread - Application closed:
2026-07-01 16:33:29,437 [INFO] from com.jpro.internal.stats.ViewInfo$ in JavaFX Application Thread - startTime      : Wed Jul 01 16:33:29 JST 2026      
2026-07-01 16:33:29,437 [INFO] from com.jpro.internal.stats.ViewInfo$ in JavaFX Application Thread - averageLatency : 00:00:00.023 
2026-07-01 16:33:29,437 [INFO] from com.jpro.internal.stats.ViewInfo$ in JavaFX Application Thread - averageJitter  : 00:00:00.001  
2026-07-01 16:33:29,437 [INFO] from com.jpro.internal.stats.ViewInfo$ in JavaFX Application Thread - framerateServer: 00:00:00.000
2026-07-01 16:33:29,437 [INFO] from com.jpro.internal.stats.ViewInfo$ in JavaFX Application Thread - framerateClient: 00:00:00.000
2026-07-01 16:33:29,437 [INFO] from com.jpro.internal.stats.ViewInfo$ in JavaFX Application Thread - raw            : 332475
2026-07-01 16:33:29,437 [INFO] from com.jpro.internal.stats.ViewInfo$ in JavaFX Application Thread - zipped         : 66687
2026-07-01 16:33:29,437 [INFO] from com.jpro.internal.stats.ViewInfo$ in JavaFX Application Thread - 
2026-07-01 16:33:30,119 [INFO] from com.jpro.internal.stats.ViewInfo$ in JavaFX Application Thread - [JPro] -> View closed: {app_name: default, host_name: localhost:8080, instance_id: 2138793388, browser: Google Chrome 149.0.0.0, browser_url: http://localhost:8080/, client_ip: 0:0:0:0:0:0:0:1, reason: tab-closed}
2026-07-01 16:33:30,120 [INFO] from com.jpro.internal.stats.ViewInfo$ in JavaFX Application Thread - 
2026-07-01 16:33:30,120 [INFO] from com.jpro.internal.stats.ViewInfo$ in JavaFX Application Thread - Application closed:
2026-07-01 16:33:30,120 [INFO] from com.jpro.internal.stats.ViewInfo$ in JavaFX Application Thread - startTime      : Wed Jul 01 16:33:30 JST 2026      
2026-07-01 16:33:30,120 [INFO] from com.jpro.internal.stats.ViewInfo$ in JavaFX Application Thread - averageLatency : 00:00:00.000 
2026-07-01 16:33:30,120 [INFO] from com.jpro.internal.stats.ViewInfo$ in JavaFX Application Thread - averageJitter  : 00:00:00.000  
2026-07-01 16:33:30,122 [INFO] from com.jpro.internal.stats.ViewInfo$ in JavaFX Application Thread - framerateServer: 00:00:00.000
2026-07-01 16:33:30,122 [INFO] from com.jpro.internal.stats.ViewInfo$ in JavaFX Application Thread - framerateClient: 00:00:00.000
2026-07-01 16:33:30,122 [INFO] from com.jpro.internal.stats.ViewInfo$ in JavaFX Application Thread - raw            : 116080189
2026-07-01 16:33:30,122 [INFO] from com.jpro.internal.stats.ViewInfo$ in JavaFX Application Thread - zipped         : 35503681
2026-07-01 16:33:30,122 [INFO] from com.jpro.internal.stats.ViewInfo$ in JavaFX Application Thread - 
2026-07-01 16:33:30,136 [INFO] from controllers.jpro in application-akka.actor.default-dispatcher-9 - application requested: default
2026-07-01 16:33:30,136 [INFO] from controllers.jpro in application-akka.actor.default-dispatcher-9 - Creating Application: default
2026-07-01 16:33:30,136 [INFO] from controllers.jpro in application-akka.actor.default-dispatcher-9 - remoteAddress 0:0:0:0:0:0:0:1
2026-07-01 16:33:30,136 [INFO] from controllers.jpro in application-akka.actor.default-dispatcher-9 - host          localhost:8080
2026-07-01 16:33:30,136 [INFO] from controllers.jpro in application-akka.actor.default-dispatcher-9 - uri           /app/ws/default
2026-07-01 16:33:30,144 [INFO] from com.jpro.internal.stats.ViewInfo$ in JavaFX Application Thread - [JPro] -> View created: {app_name: default, host_name: localhost:8080, instance_id: 1246932084, browser: Google Chrome 149.0.0.0, browser_url: http://localhost:8080/, client_ip: 0:0:0:0:0:0:0:1}
2026-07-01 16:33:30,207 [INFO] from com.jpro.internal.communicator.InstanceImpl in JavaFX Application Thread - [JPro] -> Instance created: {app_name: default, host_name: localhost:8080, instance_id: 1246932084, browser: Google Chrome 149.0.0.0, browser_url: http://localhost:8080/, client_ip: 0:0:0:0:0:0:0:1}
2026-07-01 16:33:30,431 [INFO] from com.jpro.internal.communicator.InstanceImpl in JavaFX Application Thread - [JPro] -> Instance closed: {app_name: default, host_name: task-ignition-retrain.ngrok-free.dev, instance_id: 505683310, browser: Google Chrome 149.0.0.0, browser_url: https://task-ignition-retrain.ngrok-free.dev/, client_ip: 114.172.95.146, reason: close-tab-closed}
2026-07-01 16:33:30,874 [INFO] from com.jpro.internal.stats.ViewInfo$ in JavaFX Application Thread - [JPro] -> View closed: {app_name: default, host_name: localhost:8080, instance_id: 1246932084, browser: Google Chrome 149.0.0.0, browser_url: http://localhost:8080/, client_ip: 0:0:0:0:0:0:0:1, reason: tab-closed}
2026-07-01 16:33:30,876 [INFO] from com.jpro.internal.stats.ViewInfo$ in JavaFX Application Thread - 
2026-07-01 16:33:30,876 [INFO] from com.jpro.internal.stats.ViewInfo$ in JavaFX Application Thread - Application closed:
2026-07-01 16:33:30,877 [INFO] from com.jpro.internal.stats.ViewInfo$ in JavaFX Application Thread - startTime      : Wed Jul 01 16:33:30 JST 2026      
2026-07-01 16:33:30,877 [INFO] from com.jpro.internal.stats.ViewInfo$ in JavaFX Application Thread - averageLatency : 00:00:00.000 
2026-07-01 16:33:30,877 [INFO] from com.jpro.internal.stats.ViewInfo$ in JavaFX Application Thread - averageJitter  : 00:00:00.000  
2026-07-01 16:33:30,877 [INFO] from com.jpro.internal.stats.ViewInfo$ in JavaFX Application Thread - framerateServer: 00:00:00.000
2026-07-01 16:33:30,877 [INFO] from com.jpro.internal.stats.ViewInfo$ in JavaFX Application Thread - framerateClient: 00:00:00.000
2026-07-01 16:33:30,877 [INFO] from com.jpro.internal.stats.ViewInfo$ in JavaFX Application Thread - raw            : 44078
2026-07-01 16:33:30,877 [INFO] from com.jpro.internal.stats.ViewInfo$ in JavaFX Application Thread - zipped         : 9629
2026-07-01 16:33:30,877 [INFO] from com.jpro.internal.stats.ViewInfo$ in JavaFX Application Thread - 
2026-07-01 16:33:30,891 [INFO] from controllers.jpro in application-akka.actor.default-dispatcher-19 - application requested: default
2026-07-01 16:33:30,891 [INFO] from controllers.jpro in application-akka.actor.default-dispatcher-19 - Creating Application: default
2026-07-01 16:33:30,891 [INFO] from controllers.jpro in application-akka.actor.default-dispatcher-19 - remoteAddress 0:0:0:0:0:0:0:1
2026-07-01 16:33:30,891 [INFO] from controllers.jpro in application-akka.actor.default-dispatcher-19 - host          localhost:8080
2026-07-01 16:33:30,891 [INFO] from controllers.jpro in application-akka.actor.default-dispatcher-19 - uri           /app/ws/default
2026-07-01 16:33:30,901 [INFO] from com.jpro.internal.stats.ViewInfo$ in JavaFX Application Thread - [JPro] -> View created: {app_name: default, host_name: localhost:8080, instance_id: 1151575928, browser: Google Chrome 149.0.0.0, browser_url: http://localhost:8080/, client_ip: 0:0:0:0:0:0:0:1}
2026-07-01 16:33:30,958 [INFO] from com.jpro.internal.communicator.InstanceImpl in JavaFX Application Thread - [JPro] -> Instance created: {app_name: default, host_name: localhost:8080, instance_id: 1151575928, browser: Google Chrome 149.0.0.0, browser_url: http://localhost:8080/, client_ip: 0:0:0:0:0:0:0:1}
2026-07-01 16:33:31,117 [INFO] from com.jpro.internal.communicator.InstanceImpl in JavaFX Application Thread - [JPro] -> Instance closed: {app_name: default, host_name: localhost:8080, instance_id: 2138793388, browser: Google Chrome 149.0.0.0, browser_url: http://localhost:8080/, client_ip: 0:0:0:0:0:0:0:1, reason: close-tab-closed}
2026-07-01 16:33:31,870 [INFO] from com.jpro.internal.communicator.InstanceImpl in JavaFX Application Thread - [JPro] -> Instance closed: {app_name: default, host_name: localhost:8080, instance_id: 1246932084, browser: Google Chrome 149.0.0.0, browser_url: http://localhost:8080/, client_ip: 0:0:0:0:0:0:0:1, reason: close-tab-closed}
2026-07-01 16:33:56,757 [INFO] from controllers.jpro in application-akka.actor.default-dispatcher-9 - application requested: default
2026-07-01 16:33:56,757 [INFO] from controllers.jpro in application-akka.actor.default-dispatcher-9 - Creating Application: default
2026-07-01 16:33:56,758 [INFO] from controllers.jpro in application-akka.actor.default-dispatcher-9 - remoteAddress 240a:61:5c44:25d4:6523:c760:56a0:f168
2026-07-01 16:33:56,758 [INFO] from controllers.jpro in application-akka.actor.default-dispatcher-9 - host          task-ignition-retrain.ngrok-free.dev
2026-07-01 16:33:56,758 [INFO] from controllers.jpro in application-akka.actor.default-dispatcher-9 - uri           /app/ws/default
2026-07-01 16:33:56,868 [INFO] from com.jpro.internal.stats.ViewInfo$ in JavaFX Application Thread - [JPro] -> View created: {app_name: default, host_name: task-ignition-retrain.ngrok-free.dev, instance_id: 1170403734, browser: Safari 604.1, browser_url: https://task-ignition-retrain.ngrok-free.dev/, client_ip: 240a:61:5c44:25d4:6523:c760:56a0:f168}
2026-07-01 16:33:56,922 [INFO] from com.jpro.internal.communicator.InstanceImpl in JavaFX Application Thread - [JPro] -> Instance created: {app_name: default, host_name: task-ignition-retrain.ngrok-free.dev, instance_id: 1170403734, browser: Safari 604.1, browser_url: https://task-ignition-retrain.ngrok-free.dev/, client_ip: 240a:61:5c44:25d4:6523:c760:56a0:f168}
2026-07-01 16:34:16,976 [INFO] from controllers.jpro in application-akka.actor.default-dispatcher-12 - application requested: default
2026-07-01 16:34:16,976 [INFO] from controllers.jpro in application-akka.actor.default-dispatcher-12 - Creating Application: default
2026-07-01 16:34:16,977 [INFO] from controllers.jpro in application-akka.actor.default-dispatcher-12 - remoteAddress 114.172.95.146
2026-07-01 16:34:16,977 [INFO] from controllers.jpro in application-akka.actor.default-dispatcher-12 - host          task-ignition-retrain.ngrok-free.dev
2026-07-01 16:34:16,977 [INFO] from controllers.jpro in application-akka.actor.default-dispatcher-12 - uri           /app/ws/default
2026-07-01 16:34:17,068 [INFO] from com.jpro.internal.stats.ViewInfo$ in JavaFX Application Thread - [JPro] -> View created: {app_name: default, host_name: task-ignition-retrain.ngrok-free.dev, instance_id: 1995149969, browser: Google Chrome 149.0.0.0, browser_url: https://task-ignition-retrain.ngrok-free.dev/, client_ip: 114.172.95.146}
2026-07-01 16:34:17,135 [INFO] from com.jpro.internal.communicator.InstanceImpl in JavaFX Application Thread - [JPro] -> Instance created: {app_name: default, host_name: task-ignition-retrain.ngrok-free.dev, instance_id: 1995149969, browser: Google Chrome 149.0.0.0, browser_url: https://task-ignition-retrain.ngrok-free.dev/, client_ip: 114.172.95.146}
2026-07-01 16:34:25,594 [INFO] from com.jpro.internal.stats.ViewInfo$ in JavaFX Application Thread - [JPro] -> View closed: {app_name: default, host_name: task-ignition-retrain.ngrok-free.dev, instance_id: 1170403734, browser: Safari 604.1, browser_url: https://task-ignition-retrain.ngrok-free.dev/, client_ip: 240a:61:5c44:25d4:6523:c760:56a0:f168, reason: tab-closed}
2026-07-01 16:34:25,594 [INFO] from com.jpro.internal.stats.ViewInfo$ in JavaFX Application Thread - 
2026-07-01 16:34:25,594 [INFO] from com.jpro.internal.stats.ViewInfo$ in JavaFX Application Thread - Application closed:
2026-07-01 16:34:25,595 [INFO] from com.jpro.internal.stats.ViewInfo$ in JavaFX Application Thread - startTime      : Wed Jul 01 16:34:25 JST 2026      
2026-07-01 16:34:25,595 [INFO] from com.jpro.internal.stats.ViewInfo$ in JavaFX Application Thread - averageLatency : 00:00:00.132 
2026-07-01 16:34:25,595 [INFO] from com.jpro.internal.stats.ViewInfo$ in JavaFX Application Thread - averageJitter  : 00:00:00.002  
2026-07-01 16:34:25,595 [INFO] from com.jpro.internal.stats.ViewInfo$ in JavaFX Application Thread - framerateServer: 00:00:00.000
2026-07-01 16:34:25,595 [INFO] from com.jpro.internal.stats.ViewInfo$ in JavaFX Application Thread - framerateClient: 00:00:00.000
2026-07-01 16:34:25,595 [INFO] from com.jpro.internal.stats.ViewInfo$ in JavaFX Application Thread - raw            : 942141
2026-07-01 16:34:25,595 [INFO] from com.jpro.internal.stats.ViewInfo$ in JavaFX Application Thread - zipped         : 224863
2026-07-01 16:34:25,595 [INFO] from com.jpro.internal.stats.ViewInfo$ in JavaFX Application Thread - 
2026-07-01 16:34:25,806 [INFO] from com.jpro.internal.stats.ViewInfo$ in JavaFX Application Thread - [JPro] -> View closed: {app_name: default, host_name: task-ignition-retrain.ngrok-free.dev, instance_id: 1995149969, browser: Google Chrome 149.0.0.0, browser_url: https://task-ignition-retrain.ngrok-free.dev/, client_ip: 114.172.95.146, reason: tab-closed}
2026-07-01 16:34:25,806 [INFO] from com.jpro.internal.stats.ViewInfo$ in JavaFX Application Thread - 
2026-07-01 16:34:25,806 [INFO] from com.jpro.internal.stats.ViewInfo$ in JavaFX Application Thread - Application closed:
2026-07-01 16:34:25,806 [INFO] from com.jpro.internal.stats.ViewInfo$ in JavaFX Application Thread - startTime      : Wed Jul 01 16:34:25 JST 2026      
2026-07-01 16:34:25,806 [INFO] from com.jpro.internal.stats.ViewInfo$ in JavaFX Application Thread - averageLatency : -00:00:00.067 
2026-07-01 16:34:25,806 [INFO] from com.jpro.internal.stats.ViewInfo$ in JavaFX Application Thread - averageJitter  : 00:00:00.006  
2026-07-01 16:34:25,806 [INFO] from com.jpro.internal.stats.ViewInfo$ in JavaFX Application Thread - framerateServer: 00:00:00.000
2026-07-01 16:34:25,806 [INFO] from com.jpro.internal.stats.ViewInfo$ in JavaFX Application Thread - framerateClient: 00:00:00.000
2026-07-01 16:34:25,806 [INFO] from com.jpro.internal.stats.ViewInfo$ in JavaFX Application Thread - raw            : 174175
2026-07-01 16:34:25,806 [INFO] from com.jpro.internal.stats.ViewInfo$ in JavaFX Application Thread - zipped         : 43738
2026-07-01 16:34:25,806 [INFO] from com.jpro.internal.stats.ViewInfo$ in JavaFX Application Thread - 
2026-07-01 16:34:26,589 [INFO] from com.jpro.internal.communicator.InstanceImpl in JavaFX Application Thread - [JPro] -> Instance closed: {app_name: default, host_name: task-ignition-retrain.ngrok-free.dev, instance_id: 1170403734, browser: Safari 604.1, browser_url: https://task-ignition-retrain.ngrok-free.dev/, client_ip: 240a:61:5c44:25d4:6523:c760:56a0:f168, reason: close-tab-closed}
2026-07-01 16:34:26,797 [INFO] from com.jpro.internal.communicator.InstanceImpl in JavaFX Application Thread - [JPro] -> Instance closed: {app_name: default, host_name: task-ignition-retrain.ngrok-free.dev, instance_id: 1995149969, browser: Google Chrome 149.0.0.0, browser_url: https://task-ignition-retrain.ngrok-free.dev/, client_ip: 114.172.95.146, reason: close-tab-closed}
2026-07-01 16:34:26,934 [INFO] from controllers.jpro in application-akka.actor.default-dispatcher-5 - application requested: 1995149969!default
2026-07-01 16:34:26,935 [INFO] from controllers.jpro in application-akka.actor.default-dispatcher-5 - Creating Application: 1995149969!default
2026-07-01 16:34:26,935 [INFO] from controllers.jpro in application-akka.actor.default-dispatcher-5 - remoteAddress 114.172.95.146
2026-07-01 16:34:26,935 [INFO] from controllers.jpro in application-akka.actor.default-dispatcher-5 - host          task-ignition-retrain.ngrok-free.dev
2026-07-01 16:34:26,935 [INFO] from controllers.jpro in application-akka.actor.default-dispatcher-5 - uri           /app/ws/1995149969!default
2026-07-01 16:34:27,075 [INFO] from com.jpro.internal.stats.ViewInfo$ in JavaFX Application Thread - [JPro] -> View created: {app_name: default, host_name: task-ignition-retrain.ngrok-free.dev, instance_id: 699768855, browser: Google Chrome 149.0.0.0, browser_url: https://task-ignition-retrain.ngrok-free.dev/, client_ip: 114.172.95.146}
2026-07-01 16:34:27,129 [INFO] from com.jpro.internal.communicator.InstanceImpl in JavaFX Application Thread - [JPro] -> Instance created: {app_name: default, host_name: task-ignition-retrain.ngrok-free.dev, instance_id: 699768855, browser: Google Chrome 149.0.0.0, browser_url: https://task-ignition-retrain.ngrok-free.dev/, client_ip: 114.172.95.146}
2026-07-01 16:38:04,511 [INFO] from com.jpro.activity in scala-execution-context-global-30 - Starting the server
2026-07-01 16:38:04,513 [INFO] from com.jpro.internal.server.JProInitializer$ in scala-execution-context-global-30 -  *** Starting JPro: https://www.jpro.one/ ***
2026-07-01 16:38:04,513 [INFO] from com.jpro.internal.server.JProInitializer$ in scala-execution-context-global-30 - OS: Windows 11
2026-07-01 16:38:04,529 [INFO] from com.jpro.internal.server.JProInitializer$ in scala-execution-context-global-30 - JPro: 2024.1.0
2026-07-01 16:38:04,529 [INFO] from com.jpro.internal.server.JProInitializer$ in scala-execution-context-global-30 - Java version: 17.0.18
2026-07-01 16:38:04,529 [INFO] from com.jpro.internal.server.JProInitializer$ in scala-execution-context-global-30 - JVM: 17.0.18 Eclipse Adoptium
2026-07-01 16:38:04,531 [INFO] from com.jpro.internal.server.JProInitializer$ in scala-execution-context-global-30 - JavaFX jar: file:/C:/Users/EMD-572/.m2/repository/org/openjfx/javafx-graphics/21.0.2.4-jpro+0/javafx-graphics-21.0.2.4-jpro+0-win.jar
2026-07-01 16:38:04,532 [INFO] from com.jpro.internal.server.JProInitializer$ in scala-execution-context-global-30 - Configuring logging from url: 'jar:file:/C:/Users/EMD-572/.m2/repository/com/sandec/jpro/jpro-server_2.12/2024.1.0/jpro-server_2.12-2024.1.0.jar!/logback-jpro-default.xml'
2026-07-01 16:38:05,168 [INFO] from com.jpro.internal.server.JProInitializer$ in JavaFX Application Thread - JavaFX version: 21.0.2.4-jpro+0
2026-07-01 16:38:05,180 [INFO] from akka.event.slf4j.Slf4jLogger in application-akka.actor.default-dispatcher-5 - Slf4jLogger started
2026-07-01 16:38:05,257 [INFO] from com.jpro.internal.server.JProInitializer$ in scala-execution-context-global-30 - finished init!
2026-07-01 16:38:05,260 [INFO] from com.jpro.internal.server.JProInitializer$ in scala-execution-context-global-30 - [JPro] -> Server started: {start_time: 1782891484510, os_name: Windows 11, jpro_version: 2024.1.0}
2026-07-01 16:38:05,610 [INFO] from play.api.Play in Thread-0 - Application started (Prod) (no global state)
2026-07-01 16:38:05,932 [INFO] from play.core.server.AkkaHttpServer in Thread-0 - Enabling HTTP/2 on Akka HTTP server...
2026-07-01 16:38:05,933 [INFO] from play.core.server.AkkaHttpServer in Thread-0 - Listening for HTTP on /[0:0:0:0:0:0:0:0]:8080
2026-07-01 16:38:06,440 [INFO] from controllers.jpro in application-akka.actor.default-dispatcher-11 - application requested: default
2026-07-01 16:38:06,446 [INFO] from controllers.jpro in application-akka.actor.default-dispatcher-11 - Creating Application: default
2026-07-01 16:38:06,450 [INFO] from controllers.jpro in application-akka.actor.default-dispatcher-11 - remoteAddress 0:0:0:0:0:0:0:1
2026-07-01 16:38:06,451 [INFO] from controllers.jpro in application-akka.actor.default-dispatcher-11 - host          localhost:8080
2026-07-01 16:38:06,451 [INFO] from controllers.jpro in application-akka.actor.default-dispatcher-11 - uri           /app/ws/default
2026-07-01 16:38:06,606 [INFO] from com.jpro.internal.stats.ViewInfo$ in JavaFX Application Thread - [JPro] -> View created: {app_name: default, host_name: localhost:8080, instance_id: 756278220, browser: Google Chrome 149.0.0.0, browser_url: http://localhost:8080/, client_ip: 0:0:0:0:0:0:0:1}
2026-07-01 16:38:06,875 [INFO] from com.jpro.internal.communicator.InstanceImpl in JavaFX Application Thread - [JPro] -> Instance created: {app_name: default, host_name: localhost:8080, instance_id: 756278220, browser: Google Chrome 149.0.0.0, browser_url: http://localhost:8080/, client_ip: 0:0:0:0:0:0:0:1}
2026-07-01 16:38:15,688 [INFO] from controllers.jpro in application-akka.actor.default-dispatcher-12 - application requested: default
2026-07-01 16:38:15,689 [INFO] from controllers.jpro in application-akka.actor.default-dispatcher-12 - Creating Application: default
2026-07-01 16:38:15,692 [INFO] from controllers.jpro in application-akka.actor.default-dispatcher-12 - remoteAddress 114.172.95.146
2026-07-01 16:38:15,692 [INFO] from controllers.jpro in application-akka.actor.default-dispatcher-12 - host          task-ignition-retrain.ngrok-free.dev
2026-07-01 16:38:15,692 [INFO] from controllers.jpro in application-akka.actor.default-dispatcher-12 - uri           /app/ws/default
2026-07-01 16:38:15,780 [INFO] from com.jpro.internal.stats.ViewInfo$ in JavaFX Application Thread - [JPro] -> View created: {app_name: default, host_name: task-ignition-retrain.ngrok-free.dev, instance_id: 1519371731, browser: Google Chrome 149.0.0.0, browser_url: https://task-ignition-retrain.ngrok-free.dev/, client_ip: 114.172.95.146}
2026-07-01 16:38:15,841 [INFO] from com.jpro.internal.communicator.InstanceImpl in JavaFX Application Thread - [JPro] -> Instance created: {app_name: default, host_name: task-ignition-retrain.ngrok-free.dev, instance_id: 1519371731, browser: Google Chrome 149.0.0.0, browser_url: https://task-ignition-retrain.ngrok-free.dev/, client_ip: 114.172.95.146}
2026-07-02 09:33:40,940 [INFO] from com.jpro.activity in scala-execution-context-global-30 - Starting the server
2026-07-02 09:33:40,942 [INFO] from com.jpro.internal.server.JProInitializer$ in scala-execution-context-global-30 -  *** Starting JPro: https://www.jpro.one/ ***
2026-07-02 09:33:40,942 [INFO] from com.jpro.internal.server.JProInitializer$ in scala-execution-context-global-30 - OS: Windows 11
2026-07-02 09:33:40,963 [INFO] from com.jpro.internal.server.JProInitializer$ in scala-execution-context-global-30 - JPro: 2024.1.0
2026-07-02 09:33:40,963 [INFO] from com.jpro.internal.server.JProInitializer$ in scala-execution-context-global-30 - Java version: 17.0.18
2026-07-02 09:33:40,963 [INFO] from com.jpro.internal.server.JProInitializer$ in scala-execution-context-global-30 - JVM: 17.0.18 Eclipse Adoptium
2026-07-02 09:33:40,969 [INFO] from com.jpro.internal.server.JProInitializer$ in scala-execution-context-global-30 - JavaFX jar: file:/C:/Users/EMD-572/.m2/repository/org/openjfx/javafx-graphics/21.0.2.4-jpro+0/javafx-graphics-21.0.2.4-jpro+0-win.jar
2026-07-02 09:33:40,973 [INFO] from com.jpro.internal.server.JProInitializer$ in scala-execution-context-global-30 - Configuring logging from url: 'jar:file:/C:/Users/EMD-572/.m2/repository/com/sandec/jpro/jpro-server_2.12/2024.1.0/jpro-server_2.12-2024.1.0.jar!/logback-jpro-default.xml'
2026-07-02 09:33:41,688 [INFO] from com.jpro.internal.server.JProInitializer$ in JavaFX Application Thread - JavaFX version: 21.0.2.4-jpro+0
2026-07-02 09:33:41,730 [INFO] from com.jpro.internal.server.JProInitializer$ in scala-execution-context-global-30 - finished init!
2026-07-02 09:33:41,733 [INFO] from com.jpro.internal.server.JProInitializer$ in scala-execution-context-global-30 - [JPro] -> Server started: {start_time: 1782952420939, os_name: Windows 11, jpro_version: 2024.1.0}
2026-07-02 09:33:41,788 [INFO] from akka.event.slf4j.Slf4jLogger in application-akka.actor.default-dispatcher-6 - Slf4jLogger started
2026-07-02 09:33:42,314 [INFO] from play.api.Play in Thread-0 - Application started (Prod) (no global state)
2026-07-02 09:33:42,743 [INFO] from play.core.server.AkkaHttpServer in Thread-0 - Enabling HTTP/2 on Akka HTTP server...
2026-07-02 09:33:42,743 [INFO] from play.core.server.AkkaHttpServer in Thread-0 - Listening for HTTP on /[0:0:0:0:0:0:0:0]:8080
2026-07-02 09:33:43,323 [INFO] from controllers.jpro in application-akka.actor.default-dispatcher-11 - application requested: default
2026-07-02 09:33:43,332 [INFO] from controllers.jpro in application-akka.actor.default-dispatcher-11 - Creating Application: default
2026-07-02 09:33:43,334 [INFO] from controllers.jpro in application-akka.actor.default-dispatcher-11 - remoteAddress 0:0:0:0:0:0:0:1
2026-07-02 09:33:43,336 [INFO] from controllers.jpro in application-akka.actor.default-dispatcher-11 - host          localhost:8080
2026-07-02 09:33:43,336 [INFO] from controllers.jpro in application-akka.actor.default-dispatcher-11 - uri           /app/ws/default
2026-07-02 09:33:43,529 [INFO] from com.jpro.internal.stats.ViewInfo$ in JavaFX Application Thread - [JPro] -> View created: {app_name: default, host_name: localhost:8080, instance_id: 1308418366, browser: Google Chrome 149.0.0.0, browser_url: http://localhost:8080/, client_ip: 0:0:0:0:0:0:0:1}
2026-07-02 09:33:43,724 [ERROR] from com.jpro.internal.communicator.InstanceImpl in JavaFX Application Thread - Error while starting application: 
java.lang.UnsatisfiedLinkError: no glib-lite in java.library.path: C:\pleiades\2026-03\java\17\bin;C:\Windows\Sun\Java\bin;C:\Windows\system32;C:\Windows;C:/pleiades/2026-03/eclipse//plugins/org.eclipse.justj.openjdk.hotspot.jre.full.win32.x86_64_21.0.11.v20260515-1531/jre/bin/server;C:/pleiades/2026-03/eclipse//plugins/org.eclipse.justj.openjdk.hotspot.jre.full.win32.x86_64_21.0.11.v20260515-1531/jre/bin;C:\Windows\system32;C:\Windows;C:\Windows\System32\Wbem;C:\Windows\System32\WindowsPowerShell\v1.0\;C:\Windows\System32\OpenSSH\;C:\Program Files\dotnet\;C:\Users\EMD-572\AppData\Local\Microsoft\WindowsApps;;C:\pleiades\2026-03\eclipse;;.
	at java.base/java.lang.ClassLoader.loadLibrary(ClassLoader.java:2434)
	at java.base/java.lang.Runtime.loadLibrary0(Runtime.java:818)
	at java.base/java.lang.System.loadLibrary(System.java:2006)
	at com.sun.glass.utils.NativeLibLoader.loadLibraryInternal(NativeLibLoader.java:170)
	at com.sun.glass.utils.NativeLibLoader.loadLibrary(NativeLibLoader.java:58)
	at com.sun.media.jfxmediaimpl.NativeMediaManager.lambda$new$0(NativeMediaManager.java:111)
	at java.base/java.security.AccessController.doPrivileged(AccessController.java:569)
	at com.sun.media.jfxmediaimpl.NativeMediaManager.<init>(NativeMediaManager.java:108)
	at com.sun.media.jfxmediaimpl.NativeMediaManager$NativeMediaManagerInitializer.<clinit>(NativeMediaManager.java:78)
	at com.sun.media.jfxmediaimpl.NativeMediaManager.getDefaultInstance(NativeMediaManager.java:90)
	at com.sun.media.jfxmedia.MediaManager.canPlayProtocol(MediaManager.java:78)
	at com.sun.media.jfxmedia.locator.Locator.<init>(Locator.java:240)
	at javafx.scene.media.Media.<init>(Media.java:392)
	at start.Bgm.playBGM(Bgm.java:14)
	at start.Start.start(Start.java:142)
	at com.jpro.internal.config.ApplicationStarter$.$anonfun$startJApplication$1(ApplicationStarter.scala:131)
	at com.jpro.internal.config.ApplicationStarter$.$anonfun$startJApplication$1$adapted(ApplicationStarter.scala:128)
	at com.jpro.internal.communicator.InstanceImpl.start(InstanceImpl.scala:53)
	at com.jpro.internal.communicator.InstanceImpl.$anonfun$new$2(InstanceImpl.scala:45)
	at scala.runtime.java8.JFunction0$mcV$sp.apply(JFunction0$mcV$sp.java:23)
	at simplefx.cores.standard.parts.CoreTimeEvent.doIt$lzycompute$1(CoreTimeEvent.scala:147)
	at simplefx.cores.standard.parts.CoreTimeEvent.doIt$1(CoreTimeEvent.scala:145)
	at simplefx.cores.standard.parts.CoreTimeEvent.$anonfun$runOnceWhen$2(CoreTimeEvent.scala:149)
	at simplefx.cores.standard.parts.CoreTimeEvent.$anonfun$runOnceWhen$2$adapted(CoreTimeEvent.scala:149)
	at simplefx.cores.standard.parts.CoreTypesBindable$BindableImpl.$anonfun$triggerOnChange$3(CoreTypesBindable.scala:208)
	at simplefx.cores.standard.parts.CoreScheduler.runSchedulerImpl(CoreScheduler.scala:73)
	at simplefx.cores.standard.parts.CoreScheduler.runSchedulerImpl$(CoreScheduler.scala:52)
	at simplefx.cores.standard.Core.runSchedulerImpl(Core.scala:9)
	at simplefx.cores.standard.parts.CoreScheduler.tryStartSchedulerStop(CoreScheduler.scala:44)
	at simplefx.cores.standard.parts.CoreScheduler.tryStartSchedulerStop$(CoreScheduler.scala:42)
	at simplefx.cores.standard.Core.tryStartSchedulerStop(Core.scala:9)
	at com.jpro.internal.server.ViewSerializerActor$$anonfun$handleFirstClientMessage$1.$anonfun$applyOrElse$1(ViewSerializerActor.scala:67)
	at simplefx.cores.standard.parts.CoreTimeEvent$$anon$3.run(CoreTimeEvent.scala:62)
	at com.sun.javafx.application.PlatformImpl.lambda$runLater$10(PlatformImpl.java:457)
	at java.base/java.security.AccessController.doPrivileged(AccessController.java:399)
	at com.sun.javafx.application.PlatformImpl.lambda$runLater$11(PlatformImpl.java:456)
	at com.sun.glass.ui.monocle.RunnableProcessor.runLoop(RunnableProcessor.java:92)
	at com.sun.glass.ui.monocle.RunnableProcessor.run(RunnableProcessor.java:51)
	at java.base/java.lang.Thread.run(Thread.java:840)
2026-07-02 09:33:43,726 [WARN] from com.jpro.internal.communicator.InstanceImpl in JavaFX Application Thread - Application didn't show the stage. JPro is now calling show()
2026-07-02 09:33:44,481 [INFO] from com.jpro.meta.stream.Util$ in JavaFX Application Thread - WORKAROUND! setting XY for Window because current XY is NaN
2026-07-02 17:54:56,746 [INFO] from com.jpro.activity in scala-execution-context-global-30 - Starting the server
2026-07-02 17:54:56,747 [INFO] from com.jpro.internal.server.JProInitializer$ in scala-execution-context-global-30 -  *** Starting JPro: https://www.jpro.one/ ***
2026-07-02 17:54:56,748 [INFO] from com.jpro.internal.server.JProInitializer$ in scala-execution-context-global-30 - OS: Windows 11
2026-07-02 17:54:56,773 [INFO] from com.jpro.internal.server.JProInitializer$ in scala-execution-context-global-30 - JPro: 2024.1.0
2026-07-02 17:54:56,773 [INFO] from com.jpro.internal.server.JProInitializer$ in scala-execution-context-global-30 - Java version: 17.0.18
2026-07-02 17:54:56,774 [INFO] from com.jpro.internal.server.JProInitializer$ in scala-execution-context-global-30 - JVM: 17.0.18 Eclipse Adoptium
2026-07-02 17:54:56,776 [INFO] from com.jpro.internal.server.JProInitializer$ in scala-execution-context-global-30 - JavaFX jar: file:/C:/Users/EMD-572/.m2/repository/org/openjfx/javafx-graphics/21.0.2.4-jpro+0/javafx-graphics-21.0.2.4-jpro+0-win.jar
2026-07-02 17:54:56,778 [INFO] from com.jpro.internal.server.JProInitializer$ in scala-execution-context-global-30 - Configuring logging from url: 'jar:file:/C:/Users/EMD-572/.m2/repository/com/sandec/jpro/jpro-server_2.12/2024.1.0/jpro-server_2.12-2024.1.0.jar!/logback-jpro-default.xml'
2026-07-02 17:54:57,577 [INFO] from com.jpro.internal.server.JProInitializer$ in JavaFX Application Thread - JavaFX version: 21.0.2.4-jpro+0
2026-07-02 17:54:57,635 [INFO] from com.jpro.internal.server.JProInitializer$ in scala-execution-context-global-30 - finished init!
2026-07-02 17:54:57,636 [INFO] from com.jpro.internal.server.JProInitializer$ in scala-execution-context-global-30 - [JPro] -> Server started: {start_time: 1782982496745, os_name: Windows 11, jpro_version: 2024.1.0}
2026-07-02 17:54:57,669 [INFO] from akka.event.slf4j.Slf4jLogger in application-akka.actor.default-dispatcher-5 - Slf4jLogger started
2026-07-02 17:54:58,234 [INFO] from play.api.Play in Thread-0 - Application started (Prod) (no global state)
2026-07-02 17:54:58,762 [INFO] from play.core.server.AkkaHttpServer in Thread-0 - Enabling HTTP/2 on Akka HTTP server...
2026-07-02 17:54:58,763 [INFO] from play.core.server.AkkaHttpServer in Thread-0 - Listening for HTTP on /[0:0:0:0:0:0:0:0]:8080
2026-07-02 17:54:59,353 [INFO] from controllers.jpro in application-akka.actor.default-dispatcher-8 - application requested: default
2026-07-02 17:54:59,364 [INFO] from controllers.jpro in application-akka.actor.default-dispatcher-8 - Creating Application: default
2026-07-02 17:54:59,367 [INFO] from controllers.jpro in application-akka.actor.default-dispatcher-8 - remoteAddress 0:0:0:0:0:0:0:1
2026-07-02 17:54:59,369 [INFO] from controllers.jpro in application-akka.actor.default-dispatcher-8 - host          localhost:8080
2026-07-02 17:54:59,369 [INFO] from controllers.jpro in application-akka.actor.default-dispatcher-8 - uri           /app/ws/default
2026-07-02 17:54:59,614 [INFO] from com.jpro.internal.stats.ViewInfo$ in JavaFX Application Thread - [JPro] -> View created: {app_name: default, host_name: localhost:8080, instance_id: 2023985549, browser: Google Chrome 149.0.0.0, browser_url: http://localhost:8080/, client_ip: 0:0:0:0:0:0:0:1}
2026-07-02 17:54:59,984 [INFO] from com.jpro.internal.communicator.InstanceImpl in JavaFX Application Thread - [JPro] -> Instance created: {app_name: default, host_name: localhost:8080, instance_id: 2023985549, browser: Google Chrome 149.0.0.0, browser_url: http://localhost:8080/, client_ip: 0:0:0:0:0:0:0:1}
2026-07-02 17:55:07,739 [INFO] from com.jpro.meta.tk.SceneInputListener in JavaFX Application Thread - On disposing SceneInputListener: primaryScene.window was null. Skipped the forced release of the mouse.
2026-07-02 17:55:11,540 [INFO] from com.jpro.meta.tk.SceneInputListener in JavaFX Application Thread - On disposing SceneInputListener: primaryScene.window was null. Skipped the forced release of the mouse.
2026-07-02 17:55:11,657 [INFO] from com.jpro.meta.stream.Util$ in JavaFX Application Thread - workaround for image, lossless: true filetype: png img: javafx.scene.image.Image@4af37a74
2026-07-02 17:55:11,905 [INFO] from com.jpro.meta.stream.Util$ in JavaFX Application Thread - workaround for image, lossless: true filetype: png img: javafx.scene.image.Image@37b1beee
2026-07-02 17:55:12,096 [INFO] from com.jpro.meta.stream.Util$ in JavaFX Application Thread - workaround for image, lossless: true filetype: png img: javafx.scene.image.Image@d84887
2026-07-02 17:55:12,175 [INFO] from com.jpro.meta.stream.Util$ in JavaFX Application Thread - workaround for image, lossless: true filetype: png img: javafx.scene.image.Image@733bfa6c
2026-07-02 17:55:12,239 [INFO] from com.jpro.meta.stream.Util$ in JavaFX Application Thread - workaround for image, lossless: true filetype: png img: javafx.scene.image.Image@5726c7c7
2026-07-02 17:55:12,335 [INFO] from com.jpro.meta.stream.Util$ in JavaFX Application Thread - workaround for image, lossless: true filetype: png img: javafx.scene.image.Image@578b3627
2026-07-02 17:55:12,431 [INFO] from com.jpro.meta.stream.Util$ in JavaFX Application Thread - workaround for image, lossless: true filetype: png img: javafx.scene.image.Image@3b5e0cc7
2026-07-02 17:55:12,542 [INFO] from com.jpro.meta.stream.Util$ in JavaFX Application Thread - workaround for image, lossless: true filetype: png img: javafx.scene.image.Image@2d320dff
2026-07-02 17:55:12,590 [INFO] from com.jpro.meta.stream.Util$ in JavaFX Application Thread - workaround for image, lossless: true filetype: png img: javafx.scene.image.Image@705feca9
2026-07-02 17:55:12,638 [INFO] from com.jpro.meta.stream.Util$ in JavaFX Application Thread - workaround for image, lossless: true filetype: png img: javafx.scene.image.Image@15974c8d
2026-07-02 17:55:12,717 [INFO] from com.jpro.meta.stream.Util$ in JavaFX Application Thread - workaround for image, lossless: true filetype: png img: javafx.scene.image.Image@4f45a86f
2026-07-02 17:55:30,475 [INFO] from com.jpro.internal.stats.ViewInfo$ in JavaFX Application Thread - [JPro] -> View closed: {app_name: default, host_name: localhost:8080, instance_id: 2023985549, browser: Google Chrome 149.0.0.0, browser_url: http://localhost:8080/, client_ip: 0:0:0:0:0:0:0:1, reason: tab-closed}
2026-07-02 17:55:30,480 [INFO] from com.jpro.internal.stats.ViewInfo$ in JavaFX Application Thread - 
2026-07-02 17:55:30,480 [INFO] from com.jpro.internal.stats.ViewInfo$ in JavaFX Application Thread - Application closed:
2026-07-02 17:55:30,491 [INFO] from com.jpro.internal.stats.ViewInfo$ in JavaFX Application Thread - startTime      : Thu Jul 02 17:55:30 JST 2026      
2026-07-02 17:55:30,491 [INFO] from com.jpro.internal.stats.ViewInfo$ in JavaFX Application Thread - averageLatency : 00:00:00.001 
2026-07-02 17:55:30,491 [INFO] from com.jpro.internal.stats.ViewInfo$ in JavaFX Application Thread - averageJitter  : 00:00:00.000  
2026-07-02 17:55:30,491 [INFO] from com.jpro.internal.stats.ViewInfo$ in JavaFX Application Thread - framerateServer: 00:00:00.000
2026-07-02 17:55:30,491 [INFO] from com.jpro.internal.stats.ViewInfo$ in JavaFX Application Thread - framerateClient: 00:00:00.000
2026-07-02 17:55:30,491 [INFO] from com.jpro.internal.stats.ViewInfo$ in JavaFX Application Thread - raw            : 11939922
2026-07-02 17:55:30,491 [INFO] from com.jpro.internal.stats.ViewInfo$ in JavaFX Application Thread - zipped         : 3086229
2026-07-02 17:55:30,491 [INFO] from com.jpro.internal.stats.ViewInfo$ in JavaFX Application Thread - 
2026-07-02 17:55:31,481 [INFO] from com.jpro.internal.communicator.InstanceImpl in JavaFX Application Thread - [JPro] -> Instance closed: {app_name: default, host_name: localhost:8080, instance_id: 2023985549, browser: Google Chrome 149.0.0.0, browser_url: http://localhost:8080/, client_ip: 0:0:0:0:0:0:0:1, reason: close-tab-closed}
2026-07-02 17:56:20,865 [INFO] from com.jpro.activity in scala-execution-context-global-30 - Starting the server
2026-07-02 17:56:20,867 [INFO] from com.jpro.internal.server.JProInitializer$ in scala-execution-context-global-30 -  *** Starting JPro: https://www.jpro.one/ ***
2026-07-02 17:56:20,867 [INFO] from com.jpro.internal.server.JProInitializer$ in scala-execution-context-global-30 - OS: Windows 11
2026-07-02 17:56:20,883 [INFO] from com.jpro.internal.server.JProInitializer$ in scala-execution-context-global-30 - JPro: 2024.1.0
2026-07-02 17:56:20,883 [INFO] from com.jpro.internal.server.JProInitializer$ in scala-execution-context-global-30 - Java version: 17.0.18
2026-07-02 17:56:20,883 [INFO] from com.jpro.internal.server.JProInitializer$ in scala-execution-context-global-30 - JVM: 17.0.18 Eclipse Adoptium
2026-07-02 17:56:20,885 [INFO] from com.jpro.internal.server.JProInitializer$ in scala-execution-context-global-30 - JavaFX jar: file:/C:/Users/EMD-572/.m2/repository/org/openjfx/javafx-graphics/21.0.2.4-jpro+0/javafx-graphics-21.0.2.4-jpro+0-win.jar
2026-07-02 17:56:20,887 [INFO] from com.jpro.internal.server.JProInitializer$ in scala-execution-context-global-30 - Configuring logging from url: 'jar:file:/C:/Users/EMD-572/.m2/repository/com/sandec/jpro/jpro-server_2.12/2024.1.0/jpro-server_2.12-2024.1.0.jar!/logback-jpro-default.xml'
2026-07-02 17:56:21,504 [INFO] from com.jpro.internal.server.JProInitializer$ in JavaFX Application Thread - JavaFX version: 21.0.2.4-jpro+0
2026-07-02 17:56:21,542 [INFO] from akka.event.slf4j.Slf4jLogger in application-akka.actor.default-dispatcher-5 - Slf4jLogger started
2026-07-02 17:56:21,555 [INFO] from com.jpro.internal.server.JProInitializer$ in scala-execution-context-global-30 - finished init!
2026-07-02 17:56:21,557 [INFO] from com.jpro.internal.server.JProInitializer$ in scala-execution-context-global-30 - [JPro] -> Server started: {start_time: 1782982580864, os_name: Windows 11, jpro_version: 2024.1.0}
2026-07-02 17:56:21,955 [INFO] from play.api.Play in Thread-0 - Application started (Prod) (no global state)
2026-07-02 17:56:22,279 [INFO] from play.core.server.AkkaHttpServer in Thread-0 - Enabling HTTP/2 on Akka HTTP server...
2026-07-02 17:56:22,279 [INFO] from play.core.server.AkkaHttpServer in Thread-0 - Listening for HTTP on /[0:0:0:0:0:0:0:0]:8080
2026-07-02 17:56:22,658 [INFO] from controllers.jpro in application-akka.actor.default-dispatcher-10 - application requested: default
2026-07-02 17:56:22,664 [INFO] from controllers.jpro in application-akka.actor.default-dispatcher-10 - Creating Application: default
2026-07-02 17:56:22,665 [INFO] from controllers.jpro in application-akka.actor.default-dispatcher-10 - remoteAddress 0:0:0:0:0:0:0:1
2026-07-02 17:56:22,666 [INFO] from controllers.jpro in application-akka.actor.default-dispatcher-10 - host          localhost:8080
2026-07-02 17:56:22,666 [INFO] from controllers.jpro in application-akka.actor.default-dispatcher-10 - uri           /app/ws/default
2026-07-02 17:56:22,823 [INFO] from com.jpro.internal.stats.ViewInfo$ in JavaFX Application Thread - [JPro] -> View created: {app_name: default, host_name: localhost:8080, instance_id: 894177000, browser: Google Chrome 149.0.0.0, browser_url: http://localhost:8080/, client_ip: 0:0:0:0:0:0:0:1}
2026-07-02 17:56:23,115 [INFO] from com.jpro.internal.communicator.InstanceImpl in JavaFX Application Thread - [JPro] -> Instance created: {app_name: default, host_name: localhost:8080, instance_id: 894177000, browser: Google Chrome 149.0.0.0, browser_url: http://localhost:8080/, client_ip: 0:0:0:0:0:0:0:1}
2026-07-02 17:56:54,956 [INFO] from controllers.jpro in application-akka.actor.default-dispatcher-14 - application requested: default
2026-07-02 17:56:54,957 [INFO] from controllers.jpro in application-akka.actor.default-dispatcher-14 - Creating Application: default
2026-07-02 17:56:54,965 [INFO] from controllers.jpro in application-akka.actor.default-dispatcher-14 - remoteAddress 240a:61:5c44:25d4:51e9:76df:92ac:9de8
2026-07-02 17:56:54,965 [INFO] from controllers.jpro in application-akka.actor.default-dispatcher-14 - host          task-ignition-retrain.ngrok-free.dev
2026-07-02 17:56:54,965 [INFO] from controllers.jpro in application-akka.actor.default-dispatcher-14 - uri           /app/ws/default
2026-07-02 17:56:55,113 [INFO] from com.jpro.internal.stats.ViewInfo$ in JavaFX Application Thread - [JPro] -> View created: {app_name: default, host_name: task-ignition-retrain.ngrok-free.dev, instance_id: 1811345089, browser: Safari 604.1, browser_url: https://task-ignition-retrain.ngrok-free.dev/, client_ip: 240a:61:5c44:25d4:51e9:76df:92ac:9de8}
2026-07-02 17:56:55,182 [INFO] from com.jpro.internal.communicator.InstanceImpl in JavaFX Application Thread - [JPro] -> Instance created: {app_name: default, host_name: task-ignition-retrain.ngrok-free.dev, instance_id: 1811345089, browser: Safari 604.1, browser_url: https://task-ignition-retrain.ngrok-free.dev/, client_ip: 240a:61:5c44:25d4:51e9:76df:92ac:9de8}
2026-07-02 17:57:13,228 [INFO] from com.jpro.internal.stats.ViewInfo$ in JavaFX Application Thread - [JPro] -> View closed: {app_name: default, host_name: task-ignition-retrain.ngrok-free.dev, instance_id: 1811345089, browser: Safari 604.1, browser_url: https://task-ignition-retrain.ngrok-free.dev/, client_ip: 240a:61:5c44:25d4:51e9:76df:92ac:9de8, reason: tab-closed}
2026-07-02 17:57:13,238 [INFO] from com.jpro.internal.stats.ViewInfo$ in JavaFX Application Thread - 
2026-07-02 17:57:13,240 [INFO] from com.jpro.internal.stats.ViewInfo$ in JavaFX Application Thread - Application closed:
2026-07-02 17:57:13,243 [INFO] from com.jpro.internal.stats.ViewInfo$ in JavaFX Application Thread - startTime      : Thu Jul 02 17:57:13 JST 2026      
2026-07-02 17:57:13,243 [INFO] from com.jpro.internal.stats.ViewInfo$ in JavaFX Application Thread - averageLatency : 00:00:00.285 
2026-07-02 17:57:13,243 [INFO] from com.jpro.internal.stats.ViewInfo$ in JavaFX Application Thread - averageJitter  : 00:00:00.002  
2026-07-02 17:57:13,243 [INFO] from com.jpro.internal.stats.ViewInfo$ in JavaFX Application Thread - framerateServer: 00:00:00.000
2026-07-02 17:57:13,243 [INFO] from com.jpro.internal.stats.ViewInfo$ in JavaFX Application Thread - framerateClient: 00:00:00.000
2026-07-02 17:57:13,243 [INFO] from com.jpro.internal.stats.ViewInfo$ in JavaFX Application Thread - raw            : 2707459
2026-07-02 17:57:13,243 [INFO] from com.jpro.internal.stats.ViewInfo$ in JavaFX Application Thread - zipped         : 556088
2026-07-02 17:57:13,243 [INFO] from com.jpro.internal.stats.ViewInfo$ in JavaFX Application Thread - 
2026-07-02 17:57:14,204 [INFO] from com.jpro.internal.communicator.InstanceImpl in JavaFX Application Thread - [JPro] -> Instance closed: {app_name: default, host_name: task-ignition-retrain.ngrok-free.dev, instance_id: 1811345089, browser: Safari 604.1, browser_url: https://task-ignition-retrain.ngrok-free.dev/, client_ip: 240a:61:5c44:25d4:51e9:76df:92ac:9de8, reason: close-tab-closed}
2026-07-02 17:57:20,949 [INFO] from controllers.jpro in application-akka.actor.default-dispatcher-7 - application requested: default
2026-07-02 17:57:20,949 [INFO] from controllers.jpro in application-akka.actor.default-dispatcher-7 - Creating Application: default
2026-07-02 17:57:20,949 [INFO] from controllers.jpro in application-akka.actor.default-dispatcher-7 - remoteAddress 114.172.95.146
2026-07-02 17:57:20,949 [INFO] from controllers.jpro in application-akka.actor.default-dispatcher-7 - host          task-ignition-retrain.ngrok-free.dev
2026-07-02 17:57:20,949 [INFO] from controllers.jpro in application-akka.actor.default-dispatcher-7 - uri           /app/ws/default
2026-07-02 17:57:21,038 [INFO] from com.jpro.internal.stats.ViewInfo$ in JavaFX Application Thread - [JPro] -> View created: {app_name: default, host_name: task-ignition-retrain.ngrok-free.dev, instance_id: 1536559374, browser: Microsoft Edge 149.0.0.0, browser_url: https://task-ignition-retrain.ngrok-free.dev/, client_ip: 114.172.95.146}
2026-07-02 17:57:21,167 [INFO] from com.jpro.internal.communicator.InstanceImpl in JavaFX Application Thread - [JPro] -> Instance created: {app_name: default, host_name: task-ignition-retrain.ngrok-free.dev, instance_id: 1536559374, browser: Microsoft Edge 149.0.0.0, browser_url: https://task-ignition-retrain.ngrok-free.dev/, client_ip: 114.172.95.146}
2026-07-02 17:57:27,200 [INFO] from com.jpro.internal.stats.ViewInfo$ in JavaFX Application Thread - [JPro] -> View closed: {app_name: default, host_name: task-ignition-retrain.ngrok-free.dev, instance_id: 1536559374, browser: Microsoft Edge 149.0.0.0, browser_url: https://task-ignition-retrain.ngrok-free.dev/, client_ip: 114.172.95.146, reason: tab-closed}
2026-07-02 17:57:27,215 [INFO] from com.jpro.internal.stats.ViewInfo$ in JavaFX Application Thread - 
2026-07-02 17:57:27,216 [INFO] from com.jpro.internal.stats.ViewInfo$ in JavaFX Application Thread - Application closed:
2026-07-02 17:57:27,216 [INFO] from com.jpro.internal.stats.ViewInfo$ in JavaFX Application Thread - startTime      : Thu Jul 02 17:57:27 JST 2026      
2026-07-02 17:57:27,216 [INFO] from com.jpro.internal.stats.ViewInfo$ in JavaFX Application Thread - averageLatency : -00:00:00.037 
2026-07-02 17:57:27,216 [INFO] from com.jpro.internal.stats.ViewInfo$ in JavaFX Application Thread - averageJitter  : 00:00:00.004  
2026-07-02 17:57:27,216 [INFO] from com.jpro.internal.stats.ViewInfo$ in JavaFX Application Thread - framerateServer: 00:00:00.000
2026-07-02 17:57:27,217 [INFO] from com.jpro.internal.stats.ViewInfo$ in JavaFX Application Thread - framerateClient: 00:00:00.000
2026-07-02 17:57:27,217 [INFO] from com.jpro.internal.stats.ViewInfo$ in JavaFX Application Thread - raw            : 205343
2026-07-02 17:57:27,217 [INFO] from com.jpro.internal.stats.ViewInfo$ in JavaFX Application Thread - zipped         : 47907
2026-07-02 17:57:27,217 [INFO] from com.jpro.internal.stats.ViewInfo$ in JavaFX Application Thread - 
2026-07-02 17:57:27,409 [INFO] from controllers.jpro in application-akka.actor.default-dispatcher-23 - application requested: default
2026-07-02 17:57:27,409 [INFO] from controllers.jpro in application-akka.actor.default-dispatcher-23 - Creating Application: default
2026-07-02 17:57:27,409 [INFO] from controllers.jpro in application-akka.actor.default-dispatcher-23 - remoteAddress 114.172.95.146
2026-07-02 17:57:27,409 [INFO] from controllers.jpro in application-akka.actor.default-dispatcher-23 - host          task-ignition-retrain.ngrok-free.dev
2026-07-02 17:57:27,409 [INFO] from controllers.jpro in application-akka.actor.default-dispatcher-23 - uri           /app/ws/default
2026-07-02 17:57:27,500 [INFO] from com.jpro.internal.stats.ViewInfo$ in JavaFX Application Thread - [JPro] -> View created: {app_name: default, host_name: task-ignition-retrain.ngrok-free.dev, instance_id: 417070364, browser: Microsoft Edge 149.0.0.0, browser_url: https://task-ignition-retrain.ngrok-free.dev/, client_ip: 114.172.95.146}
2026-07-02 17:57:27,636 [INFO] from com.jpro.internal.communicator.InstanceImpl in JavaFX Application Thread - [JPro] -> Instance created: {app_name: default, host_name: task-ignition-retrain.ngrok-free.dev, instance_id: 417070364, browser: Microsoft Edge 149.0.0.0, browser_url: https://task-ignition-retrain.ngrok-free.dev/, client_ip: 114.172.95.146}
2026-07-02 17:57:28,220 [INFO] from com.jpro.internal.communicator.InstanceImpl in JavaFX Application Thread - [JPro] -> Instance closed: {app_name: default, host_name: task-ignition-retrain.ngrok-free.dev, instance_id: 1536559374, browser: Microsoft Edge 149.0.0.0, browser_url: https://task-ignition-retrain.ngrok-free.dev/, client_ip: 114.172.95.146, reason: close-tab-closed}
2026-07-02 17:57:34,236 [INFO] from com.jpro.meta.tk.SceneInputListener in JavaFX Application Thread - On disposing SceneInputListener: primaryScene.window was null. Skipped the forced release of the mouse.
2026-07-02 17:57:47,362 [INFO] from com.jpro.meta.tk.SceneInputListener in JavaFX Application Thread - On disposing SceneInputListener: primaryScene.window was null. Skipped the forced release of the mouse.
2026-07-02 17:57:52,835 [INFO] from com.jpro.internal.stats.ViewInfo$ in JavaFX Application Thread - [JPro] -> View closed: {app_name: default, host_name: task-ignition-retrain.ngrok-free.dev, instance_id: 417070364, browser: Microsoft Edge 149.0.0.0, browser_url: https://task-ignition-retrain.ngrok-free.dev/, client_ip: 114.172.95.146, reason: tab-closed}
2026-07-02 17:57:52,836 [INFO] from com.jpro.internal.stats.ViewInfo$ in JavaFX Application Thread - 
2026-07-02 17:57:52,836 [INFO] from com.jpro.internal.stats.ViewInfo$ in JavaFX Application Thread - Application closed:
2026-07-02 17:57:52,836 [INFO] from com.jpro.internal.stats.ViewInfo$ in JavaFX Application Thread - startTime      : Thu Jul 02 17:57:52 JST 2026      
2026-07-02 17:57:52,836 [INFO] from com.jpro.internal.stats.ViewInfo$ in JavaFX Application Thread - averageLatency : -00:00:00.044 
2026-07-02 17:57:52,836 [INFO] from com.jpro.internal.stats.ViewInfo$ in JavaFX Application Thread - averageJitter  : 00:00:00.002  
2026-07-02 17:57:52,836 [INFO] from com.jpro.internal.stats.ViewInfo$ in JavaFX Application Thread - framerateServer: 00:00:00.000
2026-07-02 17:57:52,836 [INFO] from com.jpro.internal.stats.ViewInfo$ in JavaFX Application Thread - framerateClient: 00:00:00.000
2026-07-02 17:57:52,836 [INFO] from com.jpro.internal.stats.ViewInfo$ in JavaFX Application Thread - raw            : 1367768
2026-07-02 17:57:52,836 [INFO] from com.jpro.internal.stats.ViewInfo$ in JavaFX Application Thread - zipped         : 344858
2026-07-02 17:57:52,836 [INFO] from com.jpro.internal.stats.ViewInfo$ in JavaFX Application Thread - 
2026-07-02 17:57:53,839 [INFO] from com.jpro.internal.communicator.InstanceImpl in JavaFX Application Thread - [JPro] -> Instance closed: {app_name: default, host_name: task-ignition-retrain.ngrok-free.dev, instance_id: 417070364, browser: Microsoft Edge 149.0.0.0, browser_url: https://task-ignition-retrain.ngrok-free.dev/, client_ip: 114.172.95.146, reason: close-tab-closed}
2026-07-02 17:57:59,360 [INFO] from controllers.jpro in application-akka.actor.default-dispatcher-7 - application requested: default
2026-07-02 17:57:59,361 [INFO] from controllers.jpro in application-akka.actor.default-dispatcher-7 - Creating Application: default
2026-07-02 17:57:59,361 [INFO] from controllers.jpro in application-akka.actor.default-dispatcher-7 - remoteAddress 114.172.95.146
2026-07-02 17:57:59,361 [INFO] from controllers.jpro in application-akka.actor.default-dispatcher-7 - host          task-ignition-retrain.ngrok-free.dev
2026-07-02 17:57:59,361 [INFO] from controllers.jpro in application-akka.actor.default-dispatcher-7 - uri           /app/ws/default
2026-07-02 17:57:59,465 [INFO] from com.jpro.internal.stats.ViewInfo$ in JavaFX Application Thread - [JPro] -> View created: {app_name: default, host_name: task-ignition-retrain.ngrok-free.dev, instance_id: 951177219, browser: Microsoft Edge 149.0.0.0, browser_url: https://task-ignition-retrain.ngrok-free.dev/, client_ip: 114.172.95.146}
2026-07-02 17:57:59,521 [INFO] from com.jpro.internal.communicator.InstanceImpl in JavaFX Application Thread - [JPro] -> Instance created: {app_name: default, host_name: task-ignition-retrain.ngrok-free.dev, instance_id: 951177219, browser: Microsoft Edge 149.0.0.0, browser_url: https://task-ignition-retrain.ngrok-free.dev/, client_ip: 114.172.95.146}
2026-07-02 17:58:05,624 [INFO] from com.jpro.meta.tk.SceneInputListener in JavaFX Application Thread - On disposing SceneInputListener: primaryScene.window was null. Skipped the forced release of the mouse.
2026-07-02 17:58:27,159 [INFO] from com.jpro.meta.tk.SceneInputListener in JavaFX Application Thread - On disposing SceneInputListener: primaryScene.window was null. Skipped the forced release of the mouse.
2026-07-02 17:58:27,178 [INFO] from com.jpro.meta.stream.Util$ in JavaFX Application Thread - workaround for image, lossless: true filetype: png img: javafx.scene.image.Image@67076295
2026-07-02 17:58:27,246 [INFO] from com.jpro.meta.stream.Util$ in JavaFX Application Thread - workaround for image, lossless: true filetype: png img: javafx.scene.image.Image@597b6df6
2026-07-02 17:58:27,297 [INFO] from com.jpro.meta.stream.Util$ in JavaFX Application Thread - workaround for image, lossless: true filetype: png img: javafx.scene.image.Image@8100bdc
2026-07-02 17:58:27,335 [INFO] from com.jpro.meta.stream.Util$ in JavaFX Application Thread - workaround for image, lossless: true filetype: png img: javafx.scene.image.Image@17efae12
2026-07-02 17:58:27,365 [INFO] from com.jpro.meta.stream.Util$ in JavaFX Application Thread - workaround for image, lossless: true filetype: png img: javafx.scene.image.Image@367aee92
2026-07-02 17:58:27,396 [INFO] from com.jpro.meta.stream.Util$ in JavaFX Application Thread - workaround for image, lossless: true filetype: png img: javafx.scene.image.Image@2787b61b
2026-07-02 17:58:27,427 [INFO] from com.jpro.meta.stream.Util$ in JavaFX Application Thread - workaround for image, lossless: true filetype: png img: javafx.scene.image.Image@179ef1ff
2026-07-02 17:58:27,460 [INFO] from com.jpro.meta.stream.Util$ in JavaFX Application Thread - workaround for image, lossless: true filetype: png img: javafx.scene.image.Image@60f5eaa7
2026-07-02 17:58:27,480 [INFO] from com.jpro.meta.stream.Util$ in JavaFX Application Thread - workaround for image, lossless: true filetype: png img: javafx.scene.image.Image@25730bd6
2026-07-02 17:58:27,503 [INFO] from com.jpro.meta.stream.Util$ in JavaFX Application Thread - workaround for image, lossless: true filetype: png img: javafx.scene.image.Image@278d06c4
2026-07-02 17:58:27,525 [INFO] from com.jpro.meta.stream.Util$ in JavaFX Application Thread - workaround for image, lossless: true filetype: png img: javafx.scene.image.Image@15ccdc3c
2026-07-02 17:58:45,908 [INFO] from com.jpro.meta.tk.SceneInputListener in JavaFX Application Thread - On disposing SceneInputListener: primaryScene.window was null. Skipped the forced release of the mouse.
2026-07-02 17:58:45,982 [ERROR] from com.jpro.JS in JavaFX Application Thread - received msg: Unexpected exception: DLinearGradient((0,0),(0,1),true,DCycle_NO_CYCLE,List((0,RGBA(1,0.37254902720451355,0.37254902720451355,1)), (1,RGBA(0.7764706015586853,0.1568627506494522,0.1568627506494522,1)))) (of class p.Data$DLinearGradient)
2026-07-02 17:58:49,471 [INFO] from com.jpro.meta.tk.SceneInputListener in JavaFX Application Thread - On disposing SceneInputListener: primaryScene.window was null. Skipped the forced release of the mouse.
2026-07-02 17:58:49,477 [INFO] from com.jpro.meta.stream.Util$ in JavaFX Application Thread - workaround for image, lossless: true filetype: png img: javafx.scene.image.Image@d01672d
2026-07-02 17:58:49,519 [INFO] from com.jpro.meta.stream.Util$ in JavaFX Application Thread - workaround for image, lossless: true filetype: png img: javafx.scene.image.Image@65ecd2c1
2026-07-02 17:58:49,550 [INFO] from com.jpro.meta.stream.Util$ in JavaFX Application Thread - workaround for image, lossless: true filetype: png img: javafx.scene.image.Image@1d1e9f84
2026-07-02 17:58:49,585 [INFO] from com.jpro.meta.stream.Util$ in JavaFX Application Thread - workaround for image, lossless: true filetype: png img: javafx.scene.image.Image@3e660ea0
2026-07-02 17:58:49,620 [INFO] from com.jpro.meta.stream.Util$ in JavaFX Application Thread - workaround for image, lossless: true filetype: png img: javafx.scene.image.Image@60f75f5d
2026-07-02 17:58:49,653 [INFO] from com.jpro.meta.stream.Util$ in JavaFX Application Thread - workaround for image, lossless: true filetype: png img: javafx.scene.image.Image@14879d6
2026-07-02 17:58:49,687 [INFO] from com.jpro.meta.stream.Util$ in JavaFX Application Thread - workaround for image, lossless: true filetype: png img: javafx.scene.image.Image@7225872f
2026-07-02 17:58:49,720 [INFO] from com.jpro.meta.stream.Util$ in JavaFX Application Thread - workaround for image, lossless: true filetype: png img: javafx.scene.image.Image@2f0b1c9c
2026-07-02 17:58:49,743 [INFO] from com.jpro.meta.stream.Util$ in JavaFX Application Thread - workaround for image, lossless: true filetype: png img: javafx.scene.image.Image@40444679
2026-07-02 17:58:49,764 [INFO] from com.jpro.meta.stream.Util$ in JavaFX Application Thread - workaround for image, lossless: true filetype: png img: javafx.scene.image.Image@231b0299
2026-07-02 17:58:49,785 [INFO] from com.jpro.meta.stream.Util$ in JavaFX Application Thread - workaround for image, lossless: true filetype: png img: javafx.scene.image.Image@50019b5e
2026-07-02 17:59:07,445 [ERROR] from com.jpro.JS in JavaFX Application Thread - received msg: Unexpected exception: DLinearGradient((0,0),(0,1),true,DCycle_NO_CYCLE,List((0,RGBA(1,0.37254902720451355,0.37254902720451355,1)), (1,RGBA(0.7764706015586853,0.1568627506494522,0.1568627506494522,1)))) (of class p.Data$DLinearGradient)
2026-07-02 17:59:15,849 [INFO] from com.jpro.meta.tk.SceneInputListener in JavaFX Application Thread - On disposing SceneInputListener: primaryScene.window was null. Skipped the forced release of the mouse.
2026-07-02 17:59:18,779 [INFO] from com.jpro.internal.stats.ViewInfo$ in JavaFX Application Thread - [JPro] -> View closed: {app_name: default, host_name: task-ignition-retrain.ngrok-free.dev, instance_id: 951177219, browser: Microsoft Edge 149.0.0.0, browser_url: https://task-ignition-retrain.ngrok-free.dev/, client_ip: 114.172.95.146, reason: tab-closed}
2026-07-02 17:59:18,782 [INFO] from com.jpro.internal.stats.ViewInfo$ in JavaFX Application Thread - 
2026-07-02 17:59:18,782 [INFO] from com.jpro.internal.stats.ViewInfo$ in JavaFX Application Thread - Application closed:
2026-07-02 17:59:18,782 [INFO] from com.jpro.internal.stats.ViewInfo$ in JavaFX Application Thread - startTime      : Thu Jul 02 17:59:18 JST 2026      
2026-07-02 17:59:18,782 [INFO] from com.jpro.internal.stats.ViewInfo$ in JavaFX Application Thread - averageLatency : -00:00:00.042 
2026-07-02 17:59:18,782 [INFO] from com.jpro.internal.stats.ViewInfo$ in JavaFX Application Thread - averageJitter  : 00:00:00.004  
2026-07-02 17:59:18,782 [INFO] from com.jpro.internal.stats.ViewInfo$ in JavaFX Application Thread - framerateServer: 00:00:00.000
2026-07-02 17:59:18,782 [INFO] from com.jpro.internal.stats.ViewInfo$ in JavaFX Application Thread - framerateClient: 00:00:00.000
2026-07-02 17:59:18,782 [INFO] from com.jpro.internal.stats.ViewInfo$ in JavaFX Application Thread - raw            : 23946947
2026-07-02 17:59:18,782 [INFO] from com.jpro.internal.stats.ViewInfo$ in JavaFX Application Thread - zipped         : 6095330
2026-07-02 17:59:18,782 [INFO] from com.jpro.internal.stats.ViewInfo$ in JavaFX Application Thread - 
2026-07-02 17:59:19,775 [INFO] from com.jpro.internal.communicator.InstanceImpl in JavaFX Application Thread - [JPro] -> Instance closed: {app_name: default, host_name: task-ignition-retrain.ngrok-free.dev, instance_id: 951177219, browser: Microsoft Edge 149.0.0.0, browser_url: https://task-ignition-retrain.ngrok-free.dev/, client_ip: 114.172.95.146, reason: close-tab-closed}
2026-07-02 17:59:32,912 [INFO] from com.jpro.internal.stats.ViewInfo$ in JavaFX Application Thread - [JPro] -> View closed: {app_name: default, host_name: localhost:8080, instance_id: 894177000, browser: Google Chrome 149.0.0.0, browser_url: http://localhost:8080/, client_ip: 0:0:0:0:0:0:0:1, reason: tab-closed}
2026-07-02 17:59:32,914 [INFO] from com.jpro.internal.stats.ViewInfo$ in JavaFX Application Thread - 
2026-07-02 17:59:32,914 [INFO] from com.jpro.internal.stats.ViewInfo$ in JavaFX Application Thread - Application closed:
2026-07-02 17:59:32,915 [INFO] from com.jpro.internal.stats.ViewInfo$ in JavaFX Application Thread - startTime      : Thu Jul 02 17:59:32 JST 2026      
2026-07-02 17:59:32,915 [INFO] from com.jpro.internal.stats.ViewInfo$ in JavaFX Application Thread - averageLatency : 00:00:00.000 
2026-07-02 17:59:32,915 [INFO] from com.jpro.internal.stats.ViewInfo$ in JavaFX Application Thread - averageJitter  : 00:00:00.000  
2026-07-02 17:59:32,915 [INFO] from com.jpro.internal.stats.ViewInfo$ in JavaFX Application Thread - framerateServer: 00:00:00.000
2026-07-02 17:59:32,915 [INFO] from com.jpro.internal.stats.ViewInfo$ in JavaFX Application Thread - framerateClient: 00:00:00.000
2026-07-02 17:59:32,915 [INFO] from com.jpro.internal.stats.ViewInfo$ in JavaFX Application Thread - raw            : 6138212
2026-07-02 17:59:32,915 [INFO] from com.jpro.internal.stats.ViewInfo$ in JavaFX Application Thread - zipped         : 1725897
2026-07-02 17:59:32,915 [INFO] from com.jpro.internal.stats.ViewInfo$ in JavaFX Application Thread - 
2026-07-02 17:59:33,905 [INFO] from com.jpro.internal.communicator.InstanceImpl in JavaFX Application Thread - [JPro] -> Instance closed: {app_name: default, host_name: localhost:8080, instance_id: 894177000, browser: Google Chrome 149.0.0.0, browser_url: http://localhost:8080/, client_ip: 0:0:0:0:0:0:0:1, reason: close-tab-closed}
2026-07-03 09:47:31,706 [INFO] from com.jpro.activity in scala-execution-context-global-30 - Starting the server
2026-07-03 09:47:31,708 [INFO] from com.jpro.internal.server.JProInitializer$ in scala-execution-context-global-30 -  *** Starting JPro: https://www.jpro.one/ ***
2026-07-03 09:47:31,708 [INFO] from com.jpro.internal.server.JProInitializer$ in scala-execution-context-global-30 - OS: Windows 11
2026-07-03 09:47:31,727 [INFO] from com.jpro.internal.server.JProInitializer$ in scala-execution-context-global-30 - JPro: 2024.1.0
2026-07-03 09:47:31,728 [INFO] from com.jpro.internal.server.JProInitializer$ in scala-execution-context-global-30 - Java version: 17.0.18
2026-07-03 09:47:31,728 [INFO] from com.jpro.internal.server.JProInitializer$ in scala-execution-context-global-30 - JVM: 17.0.18 Eclipse Adoptium
2026-07-03 09:47:31,729 [INFO] from com.jpro.internal.server.JProInitializer$ in scala-execution-context-global-30 - JavaFX jar: file:/C:/Users/EMD-572/.m2/repository/org/openjfx/javafx-graphics/21.0.2.4-jpro+0/javafx-graphics-21.0.2.4-jpro+0-win.jar
2026-07-03 09:47:31,733 [INFO] from com.jpro.internal.server.JProInitializer$ in scala-execution-context-global-30 - Configuring logging from url: 'jar:file:/C:/Users/EMD-572/.m2/repository/com/sandec/jpro/jpro-server_2.12/2024.1.0/jpro-server_2.12-2024.1.0.jar!/logback-jpro-default.xml'
2026-07-03 09:47:32,475 [INFO] from com.jpro.internal.server.JProInitializer$ in JavaFX Application Thread - JavaFX version: 21.0.2.4-jpro+0
2026-07-03 09:47:32,519 [INFO] from akka.event.slf4j.Slf4jLogger in application-akka.actor.default-dispatcher-5 - Slf4jLogger started
2026-07-03 09:47:32,535 [INFO] from com.jpro.internal.server.JProInitializer$ in scala-execution-context-global-30 - finished init!
2026-07-03 09:47:32,537 [INFO] from com.jpro.internal.server.JProInitializer$ in scala-execution-context-global-30 - [JPro] -> Server started: {start_time: 1783039651705, os_name: Windows 11, jpro_version: 2024.1.0}
2026-07-03 09:47:33,054 [INFO] from play.api.Play in Thread-0 - Application started (Prod) (no global state)
2026-07-03 09:47:33,560 [INFO] from play.core.server.AkkaHttpServer in Thread-0 - Enabling HTTP/2 on Akka HTTP server...
2026-07-03 09:47:33,561 [INFO] from play.core.server.AkkaHttpServer in Thread-0 - Listening for HTTP on /[0:0:0:0:0:0:0:0]:8080
2026-07-03 09:47:34,119 [INFO] from controllers.jpro in application-akka.actor.default-dispatcher-10 - application requested: default
2026-07-03 09:47:34,128 [INFO] from controllers.jpro in application-akka.actor.default-dispatcher-10 - Creating Application: default
2026-07-03 09:47:34,130 [INFO] from controllers.jpro in application-akka.actor.default-dispatcher-10 - remoteAddress 0:0:0:0:0:0:0:1
2026-07-03 09:47:34,133 [INFO] from controllers.jpro in application-akka.actor.default-dispatcher-10 - host          localhost:8080
2026-07-03 09:47:34,133 [INFO] from controllers.jpro in application-akka.actor.default-dispatcher-10 - uri           /app/ws/default
2026-07-03 09:47:34,339 [INFO] from com.jpro.internal.stats.ViewInfo$ in JavaFX Application Thread - [JPro] -> View created: {app_name: default, host_name: localhost:8080, instance_id: 190453468, browser: Google Chrome 149.0.0.0, browser_url: http://localhost:8080/, client_ip: 0:0:0:0:0:0:0:1}
2026-07-03 09:47:34,696 [INFO] from com.jpro.internal.communicator.InstanceImpl in JavaFX Application Thread - [JPro] -> Instance created: {app_name: default, host_name: localhost:8080, instance_id: 190453468, browser: Google Chrome 149.0.0.0, browser_url: http://localhost:8080/, client_ip: 0:0:0:0:0:0:0:1}
2026-07-03 09:47:49,026 [INFO] from com.jpro.internal.stats.ViewInfo$ in JavaFX Application Thread - [JPro] -> View closed: {app_name: default, host_name: localhost:8080, instance_id: 190453468, browser: Google Chrome 149.0.0.0, browser_url: http://localhost:8080/, client_ip: 0:0:0:0:0:0:0:1, reason: tab-closed}
2026-07-03 09:47:49,028 [INFO] from com.jpro.internal.stats.ViewInfo$ in JavaFX Application Thread - 
2026-07-03 09:47:49,028 [INFO] from com.jpro.internal.stats.ViewInfo$ in JavaFX Application Thread - Application closed:
2026-07-03 09:47:49,037 [INFO] from com.jpro.internal.stats.ViewInfo$ in JavaFX Application Thread - startTime      : Fri Jul 03 09:47:49 JST 2026      
2026-07-03 09:47:49,037 [INFO] from com.jpro.internal.stats.ViewInfo$ in JavaFX Application Thread - averageLatency : 00:00:00.000 
2026-07-03 09:47:49,038 [INFO] from com.jpro.internal.stats.ViewInfo$ in JavaFX Application Thread - averageJitter  : 00:00:00.000  
2026-07-03 09:47:49,038 [INFO] from com.jpro.internal.stats.ViewInfo$ in JavaFX Application Thread - framerateServer: 00:00:00.000
2026-07-03 09:47:49,038 [INFO] from com.jpro.internal.stats.ViewInfo$ in JavaFX Application Thread - framerateClient: 00:00:00.000
2026-07-03 09:47:49,038 [INFO] from com.jpro.internal.stats.ViewInfo$ in JavaFX Application Thread - raw            : 143020
2026-07-03 09:47:49,038 [INFO] from com.jpro.internal.stats.ViewInfo$ in JavaFX Application Thread - zipped         : 36554
2026-07-03 09:47:49,038 [INFO] from com.jpro.internal.stats.ViewInfo$ in JavaFX Application Thread - 
2026-07-03 09:47:50,029 [INFO] from com.jpro.internal.communicator.InstanceImpl in JavaFX Application Thread - [JPro] -> Instance closed: {app_name: default, host_name: localhost:8080, instance_id: 190453468, browser: Google Chrome 149.0.0.0, browser_url: http://localhost:8080/, client_ip: 0:0:0:0:0:0:0:1, reason: close-tab-closed}
2026-07-03 10:08:48,209 [INFO] from com.jpro.activity in scala-execution-context-global-30 - Starting the server
2026-07-03 10:08:48,212 [INFO] from com.jpro.internal.server.JProInitializer$ in scala-execution-context-global-30 -  *** Starting JPro: https://www.jpro.one/ ***
2026-07-03 10:08:48,212 [INFO] from com.jpro.internal.server.JProInitializer$ in scala-execution-context-global-30 - OS: Windows 11
2026-07-03 10:08:48,254 [INFO] from com.jpro.internal.server.JProInitializer$ in scala-execution-context-global-30 - JPro: 2024.1.0
2026-07-03 10:08:48,254 [INFO] from com.jpro.internal.server.JProInitializer$ in scala-execution-context-global-30 - Java version: 17.0.18
2026-07-03 10:08:48,255 [INFO] from com.jpro.internal.server.JProInitializer$ in scala-execution-context-global-30 - JVM: 17.0.18 Eclipse Adoptium
2026-07-03 10:08:48,263 [INFO] from com.jpro.internal.server.JProInitializer$ in scala-execution-context-global-30 - JavaFX jar: file:/C:/Users/EMD-572/.m2/repository/org/openjfx/javafx-graphics/21.0.2.4-jpro+0/javafx-graphics-21.0.2.4-jpro+0-win.jar
2026-07-03 10:08:48,266 [INFO] from com.jpro.internal.server.JProInitializer$ in scala-execution-context-global-30 - Configuring logging from url: 'jar:file:/C:/Users/EMD-572/.m2/repository/com/sandec/jpro/jpro-server_2.12/2024.1.0/jpro-server_2.12-2024.1.0.jar!/logback-jpro-default.xml'
2026-07-03 10:08:49,672 [INFO] from com.jpro.internal.server.JProInitializer$ in JavaFX Application Thread - JavaFX version: 21.0.2.4-jpro+0
2026-07-03 10:08:49,759 [INFO] from com.jpro.internal.server.JProInitializer$ in scala-execution-context-global-30 - finished init!
2026-07-03 10:08:49,767 [INFO] from com.jpro.internal.server.JProInitializer$ in scala-execution-context-global-30 - [JPro] -> Server started: {start_time: 1783040928208, os_name: Windows 11, jpro_version: 2024.1.0}
2026-07-03 10:08:49,957 [INFO] from akka.event.slf4j.Slf4jLogger in application-akka.actor.default-dispatcher-5 - Slf4jLogger started
2026-07-03 10:08:50,904 [INFO] from play.api.Play in Thread-0 - Application started (Prod) (no global state)
2026-07-03 10:08:51,804 [INFO] from play.core.server.AkkaHttpServer in Thread-0 - Enabling HTTP/2 on Akka HTTP server...
2026-07-03 10:08:51,811 [INFO] from play.core.server.AkkaHttpServer in Thread-0 - Listening for HTTP on /[0:0:0:0:0:0:0:0]:8080
2026-07-03 10:08:52,767 [INFO] from controllers.jpro in application-akka.actor.default-dispatcher-8 - application requested: default
2026-07-03 10:08:52,783 [INFO] from controllers.jpro in application-akka.actor.default-dispatcher-8 - Creating Application: default
2026-07-03 10:08:52,791 [INFO] from controllers.jpro in application-akka.actor.default-dispatcher-8 - remoteAddress 0:0:0:0:0:0:0:1
2026-07-03 10:08:52,793 [INFO] from controllers.jpro in application-akka.actor.default-dispatcher-8 - host          localhost:8080
2026-07-03 10:08:52,794 [INFO] from controllers.jpro in application-akka.actor.default-dispatcher-8 - uri           /app/ws/default
2026-07-03 10:08:53,267 [INFO] from com.jpro.internal.stats.ViewInfo$ in JavaFX Application Thread - [JPro] -> View created: {app_name: default, host_name: localhost:8080, instance_id: 2017440564, browser: Google Chrome 149.0.0.0, browser_url: http://localhost:8080/, client_ip: 0:0:0:0:0:0:0:1}
2026-07-03 10:08:54,111 [INFO] from com.jpro.internal.communicator.InstanceImpl in JavaFX Application Thread - [JPro] -> Instance created: {app_name: default, host_name: localhost:8080, instance_id: 2017440564, browser: Google Chrome 149.0.0.0, browser_url: http://localhost:8080/, client_ip: 0:0:0:0:0:0:0:1}
2026-07-03 10:08:57,420 [INFO] from com.jpro.meta.tk.SceneInputListener in JavaFX Application Thread - On disposing SceneInputListener: primaryScene.window was null. Skipped the forced release of the mouse.
2026-07-03 10:08:57,544 [INFO] from com.jpro.meta.stream.Util$ in JavaFX Application Thread - workaround for image, lossless: true filetype: png img: javafx.scene.image.Image@7d32b381
2026-07-03 10:08:57,844 [INFO] from com.jpro.meta.stream.Util$ in JavaFX Application Thread - workaround for image, lossless: true filetype: png img: javafx.scene.image.Image@1ddb8ad
2026-07-03 10:08:58,035 [INFO] from com.jpro.meta.stream.Util$ in JavaFX Application Thread - workaround for image, lossless: true filetype: png img: javafx.scene.image.Image@227f89d7
2026-07-03 10:08:58,266 [INFO] from com.jpro.meta.stream.Util$ in JavaFX Application Thread - workaround for image, lossless: true filetype: png img: javafx.scene.image.Image@194813f2
2026-07-03 10:08:59,427 [INFO] from com.jpro.meta.stream.Util$ in JavaFX Application Thread - workaround for image, lossless: true filetype: png img: javafx.scene.image.Image@6f6e04e9
2026-07-03 10:09:32,614 [INFO] from com.jpro.meta.tk.SceneInputListener in JavaFX Application Thread - On disposing SceneInputListener: primaryScene.window was null. Skipped the forced release of the mouse.
2026-07-03 10:09:32,634 [INFO] from com.jpro.meta.stream.Util$ in JavaFX Application Thread - workaround for image, lossless: true filetype: png img: javafx.scene.image.Image@6cb8d806
2026-07-03 10:09:32,939 [INFO] from com.jpro.meta.stream.Util$ in JavaFX Application Thread - workaround for image, lossless: true filetype: png img: javafx.scene.image.Image@811ddfb
2026-07-03 10:09:33,027 [INFO] from com.jpro.meta.stream.Util$ in JavaFX Application Thread - workaround for image, lossless: true filetype: png img: javafx.scene.image.Image@18f2cca6
2026-07-03 10:09:33,119 [INFO] from com.jpro.meta.stream.Util$ in JavaFX Application Thread - workaround for image, lossless: true filetype: png img: javafx.scene.image.Image@4f0871cc
2026-07-03 10:09:33,208 [INFO] from com.jpro.meta.stream.Util$ in JavaFX Application Thread - workaround for image, lossless: true filetype: png img: javafx.scene.image.Image@7b1f0baa
2026-07-03 10:09:33,296 [INFO] from com.jpro.meta.stream.Util$ in JavaFX Application Thread - workaround for image, lossless: true filetype: png img: javafx.scene.image.Image@88e73f3
2026-07-03 10:09:33,383 [INFO] from com.jpro.meta.stream.Util$ in JavaFX Application Thread - workaround for image, lossless: true filetype: png img: javafx.scene.image.Image@19bdbd70
2026-07-03 10:09:33,467 [INFO] from com.jpro.meta.stream.Util$ in JavaFX Application Thread - workaround for image, lossless: true filetype: png img: javafx.scene.image.Image@4e602ae5
2026-07-03 10:09:33,525 [INFO] from com.jpro.meta.stream.Util$ in JavaFX Application Thread - workaround for image, lossless: true filetype: png img: javafx.scene.image.Image@7f894652
2026-07-03 10:09:33,583 [INFO] from com.jpro.meta.stream.Util$ in JavaFX Application Thread - workaround for image, lossless: true filetype: png img: javafx.scene.image.Image@4d1b677a
2026-07-03 10:09:33,638 [INFO] from com.jpro.meta.stream.Util$ in JavaFX Application Thread - workaround for image, lossless: true filetype: png img: javafx.scene.image.Image@756082ce
2026-07-03 10:09:48,636 [INFO] from com.jpro.meta.stream.Util$ in JavaFX Application Thread - workaround for image, lossless: true filetype: png img: javafx.scene.image.Image@1499d355
2026-07-03 10:09:48,710 [INFO] from com.jpro.meta.stream.Util$ in JavaFX Application Thread - workaround for image, lossless: true filetype: png img: javafx.scene.image.Image@2f8ff33
2026-07-03 10:09:48,767 [INFO] from com.jpro.meta.stream.Util$ in JavaFX Application Thread - workaround for image, lossless: true filetype: png img: javafx.scene.image.Image@70e8bec8
2026-07-03 10:09:48,821 [INFO] from com.jpro.meta.stream.Util$ in JavaFX Application Thread - workaround for image, lossless: true filetype: png img: javafx.scene.image.Image@37a53061
2026-07-03 10:10:36,241 [INFO] from com.jpro.meta.stream.Util$ in JavaFX Application Thread - workaround for image, lossless: true filetype: png img: javafx.scene.image.Image@5d7a6c7
2026-07-03 10:11:40,901 [INFO] from com.jpro.meta.tk.SceneInputListener in JavaFX Application Thread - On disposing SceneInputListener: primaryScene.window was null. Skipped the forced release of the mouse.
2026-07-03 10:34:33,475 [INFO] from com.jpro.activity in scala-execution-context-global-30 - Starting the server
2026-07-03 10:34:33,481 [INFO] from com.jpro.internal.server.JProInitializer$ in scala-execution-context-global-30 -  *** Starting JPro: https://www.jpro.one/ ***
2026-07-03 10:34:33,482 [INFO] from com.jpro.internal.server.JProInitializer$ in scala-execution-context-global-30 - OS: Windows 11
2026-07-03 10:34:33,533 [INFO] from com.jpro.internal.server.JProInitializer$ in scala-execution-context-global-30 - JPro: 2024.1.0
2026-07-03 10:34:33,534 [INFO] from com.jpro.internal.server.JProInitializer$ in scala-execution-context-global-30 - Java version: 17.0.18
2026-07-03 10:34:33,535 [INFO] from com.jpro.internal.server.JProInitializer$ in scala-execution-context-global-30 - JVM: 17.0.18 Eclipse Adoptium
2026-07-03 10:34:33,541 [INFO] from com.jpro.internal.server.JProInitializer$ in scala-execution-context-global-30 - JavaFX jar: file:/C:/Users/EMD-572/.m2/repository/org/openjfx/javafx-graphics/21.0.2.4-jpro+0/javafx-graphics-21.0.2.4-jpro+0-win.jar
2026-07-03 10:34:33,545 [INFO] from com.jpro.internal.server.JProInitializer$ in scala-execution-context-global-30 - Configuring logging from url: 'jar:file:/C:/Users/EMD-572/.m2/repository/com/sandec/jpro/jpro-server_2.12/2024.1.0/jpro-server_2.12-2024.1.0.jar!/logback-jpro-default.xml'
2026-07-03 10:34:34,976 [INFO] from com.jpro.internal.server.JProInitializer$ in JavaFX Application Thread - JavaFX version: 21.0.2.4-jpro+0
2026-07-03 10:34:35,065 [INFO] from com.jpro.internal.server.JProInitializer$ in scala-execution-context-global-30 - finished init!
2026-07-03 10:34:35,068 [INFO] from com.jpro.internal.server.JProInitializer$ in scala-execution-context-global-30 - [JPro] -> Server started: {start_time: 1783042473472, os_name: Windows 11, jpro_version: 2024.1.0}
2026-07-03 10:34:35,141 [INFO] from akka.event.slf4j.Slf4jLogger in application-akka.actor.default-dispatcher-6 - Slf4jLogger started
2026-07-03 10:34:36,186 [INFO] from play.api.Play in Thread-0 - Application started (Prod) (no global state)
2026-07-03 10:34:37,021 [INFO] from play.core.server.AkkaHttpServer in Thread-0 - Enabling HTTP/2 on Akka HTTP server...
2026-07-03 10:34:37,023 [INFO] from play.core.server.AkkaHttpServer in Thread-0 - Listening for HTTP on /[0:0:0:0:0:0:0:0]:8080
2026-07-03 10:34:38,060 [INFO] from controllers.jpro in application-akka.actor.default-dispatcher-9 - application requested: default
2026-07-03 10:34:38,077 [INFO] from controllers.jpro in application-akka.actor.default-dispatcher-9 - Creating Application: default
2026-07-03 10:34:38,083 [INFO] from controllers.jpro in application-akka.actor.default-dispatcher-9 - remoteAddress 0:0:0:0:0:0:0:1
2026-07-03 10:34:38,087 [INFO] from controllers.jpro in application-akka.actor.default-dispatcher-9 - host          localhost:8080
2026-07-03 10:34:38,087 [INFO] from controllers.jpro in application-akka.actor.default-dispatcher-9 - uri           /app/ws/default
2026-07-03 10:34:38,544 [INFO] from com.jpro.internal.stats.ViewInfo$ in JavaFX Application Thread - [JPro] -> View created: {app_name: default, host_name: localhost:8080, instance_id: 2034590011, browser: Google Chrome 149.0.0.0, browser_url: http://localhost:8080/, client_ip: 0:0:0:0:0:0:0:1}
2026-07-03 10:34:39,406 [INFO] from com.jpro.internal.communicator.InstanceImpl in JavaFX Application Thread - [JPro] -> Instance created: {app_name: default, host_name: localhost:8080, instance_id: 2034590011, browser: Google Chrome 149.0.0.0, browser_url: http://localhost:8080/, client_ip: 0:0:0:0:0:0:0:1}
2026-07-03 10:36:23,756 [INFO] from com.jpro.meta.tk.SceneInputListener in JavaFX Application Thread - On disposing SceneInputListener: primaryScene.window was null. Skipped the forced release of the mouse.
2026-07-03 10:36:23,824 [INFO] from com.jpro.meta.stream.Util$ in JavaFX Application Thread - workaround for image, lossless: true filetype: png img: javafx.scene.image.Image@235c6b7e
2026-07-03 10:36:24,108 [INFO] from com.jpro.meta.stream.Util$ in JavaFX Application Thread - workaround for image, lossless: true filetype: png img: javafx.scene.image.Image@113b0e11
2026-07-03 10:36:24,411 [INFO] from com.jpro.meta.stream.Util$ in JavaFX Application Thread - workaround for image, lossless: true filetype: png img: javafx.scene.image.Image@75d82125
2026-07-03 10:36:24,751 [INFO] from com.jpro.meta.stream.Util$ in JavaFX Application Thread - workaround for image, lossless: true filetype: png img: javafx.scene.image.Image@2b82a0b9
2026-07-03 10:36:26,706 [INFO] from com.jpro.meta.stream.Util$ in JavaFX Application Thread - workaround for image, lossless: true filetype: png img: javafx.scene.image.Image@2ab4ee87
2026-07-03 10:36:40,344 [INFO] from com.jpro.meta.tk.SceneInputListener in JavaFX Application Thread - On disposing SceneInputListener: primaryScene.window was null. Skipped the forced release of the mouse.
2026-07-03 10:36:40,414 [INFO] from com.jpro.meta.stream.Util$ in JavaFX Application Thread - workaround for image, lossless: true filetype: png img: javafx.scene.image.Image@1e260feb
2026-07-03 10:36:41,033 [INFO] from com.jpro.meta.stream.Util$ in JavaFX Application Thread - workaround for image, lossless: true filetype: png img: javafx.scene.image.Image@462f2f8a
2026-07-03 10:36:41,198 [INFO] from com.jpro.meta.stream.Util$ in JavaFX Application Thread - workaround for image, lossless: true filetype: png img: javafx.scene.image.Image@6902013d
2026-07-03 10:36:41,326 [INFO] from com.jpro.meta.stream.Util$ in JavaFX Application Thread - workaround for image, lossless: true filetype: png img: javafx.scene.image.Image@2658cdba
2026-07-03 10:36:41,450 [INFO] from com.jpro.meta.stream.Util$ in JavaFX Application Thread - workaround for image, lossless: true filetype: png img: javafx.scene.image.Image@11dd0e1b
2026-07-03 10:36:41,656 [INFO] from com.jpro.meta.stream.Util$ in JavaFX Application Thread - workaround for image, lossless: true filetype: png img: javafx.scene.image.Image@869e360
2026-07-03 10:36:41,835 [INFO] from com.jpro.meta.stream.Util$ in JavaFX Application Thread - workaround for image, lossless: true filetype: png img: javafx.scene.image.Image@5552e0fd
2026-07-03 10:36:41,971 [INFO] from com.jpro.meta.stream.Util$ in JavaFX Application Thread - workaround for image, lossless: true filetype: png img: javafx.scene.image.Image@46980d14
2026-07-03 10:36:42,057 [INFO] from com.jpro.meta.stream.Util$ in JavaFX Application Thread - workaround for image, lossless: true filetype: png img: javafx.scene.image.Image@5853128
2026-07-03 10:36:42,130 [INFO] from com.jpro.meta.stream.Util$ in JavaFX Application Thread - workaround for image, lossless: true filetype: png img: javafx.scene.image.Image@66afe541
2026-07-03 10:36:42,199 [INFO] from com.jpro.meta.stream.Util$ in JavaFX Application Thread - workaround for image, lossless: true filetype: png img: javafx.scene.image.Image@cc710c4
2026-07-03 10:37:14,808 [INFO] from com.jpro.meta.stream.Util$ in JavaFX Application Thread - workaround for image, lossless: true filetype: png img: javafx.scene.image.Image@7b4ecc4b
2026-07-03 10:37:14,890 [INFO] from com.jpro.meta.stream.Util$ in JavaFX Application Thread - workaround for image, lossless: true filetype: png img: javafx.scene.image.Image@3da3aea5
2026-07-03 10:37:14,967 [INFO] from com.jpro.meta.stream.Util$ in JavaFX Application Thread - workaround for image, lossless: true filetype: png img: javafx.scene.image.Image@31e68c4e
2026-07-03 10:37:15,046 [INFO] from com.jpro.meta.stream.Util$ in JavaFX Application Thread - workaround for image, lossless: true filetype: png img: javafx.scene.image.Image@2db772b8
2026-07-03 10:37:36,127 [INFO] from com.jpro.meta.stream.Util$ in JavaFX Application Thread - workaround for image, lossless: true filetype: png img: javafx.scene.image.Image@18250d48
2026-07-03 10:38:18,769 [INFO] from com.jpro.meta.stream.Util$ in JavaFX Application Thread - workaround for image, lossless: true filetype: png img: javafx.scene.image.Image@747408aa
2026-07-03 10:38:30,417 [INFO] from com.jpro.meta.stream.Util$ in JavaFX Application Thread - workaround for image, lossless: true filetype: png img: javafx.scene.image.Image@6ef0e448
2026-07-03 10:38:38,776 [INFO] from com.jpro.meta.tk.SceneInputListener in JavaFX Application Thread - On disposing SceneInputListener: primaryScene.window was null. Skipped the forced release of the mouse.
2026-07-03 10:38:38,810 [INFO] from com.jpro.meta.stream.Util$ in JavaFX Application Thread - workaround for image, lossless: true filetype: png img: javafx.scene.image.Image@63e126e3
2026-07-03 10:38:39,779 [INFO] from com.jpro.meta.stream.Util$ in JavaFX Application Thread - workaround for image, lossless: true filetype: png img: javafx.scene.image.Image@6f94f40b
2026-07-03 10:38:39,967 [INFO] from com.jpro.meta.stream.Util$ in JavaFX Application Thread - workaround for image, lossless: true filetype: png img: javafx.scene.image.Image@3bb2d7b7
2026-07-03 10:38:40,203 [INFO] from com.jpro.meta.stream.Util$ in JavaFX Application Thread - workaround for image, lossless: true filetype: png img: javafx.scene.image.Image@18a47d79
2026-07-03 10:38:41,470 [INFO] from com.jpro.meta.stream.Util$ in JavaFX Application Thread - workaround for image, lossless: true filetype: png img: javafx.scene.image.Image@7699d307
2026-07-03 10:38:42,641 [INFO] from com.jpro.meta.stream.Util$ in JavaFX Application Thread - workaround for image, lossless: true filetype: png img: javafx.scene.image.Image@43f2a01d
2026-07-03 10:38:42,777 [INFO] from com.jpro.meta.stream.Util$ in JavaFX Application Thread - workaround for image, lossless: true filetype: png img: javafx.scene.image.Image@24b040d8
2026-07-03 10:39:08,050 [INFO] from com.jpro.meta.tk.SceneInputListener in JavaFX Application Thread - On disposing SceneInputListener: primaryScene.window was null. Skipped the forced release of the mouse.
2026-07-03 10:39:08,074 [INFO] from com.jpro.meta.stream.Util$ in JavaFX Application Thread - workaround for image, lossless: true filetype: png img: javafx.scene.image.Image@688d36c6
2026-07-03 10:39:08,338 [INFO] from com.jpro.meta.stream.Util$ in JavaFX Application Thread - workaround for image, lossless: true filetype: png img: javafx.scene.image.Image@7b80b937
2026-07-03 10:39:08,474 [INFO] from com.jpro.meta.stream.Util$ in JavaFX Application Thread - workaround for image, lossless: true filetype: png img: javafx.scene.image.Image@3b146a9f
2026-07-03 10:39:08,593 [INFO] from com.jpro.meta.stream.Util$ in JavaFX Application Thread - workaround for image, lossless: true filetype: png img: javafx.scene.image.Image@2763ef9b
2026-07-03 10:39:08,721 [INFO] from com.jpro.meta.stream.Util$ in JavaFX Application Thread - workaround for image, lossless: true filetype: png img: javafx.scene.image.Image@48188641
2026-07-03 10:39:08,846 [INFO] from com.jpro.meta.stream.Util$ in JavaFX Application Thread - workaround for image, lossless: true filetype: png img: javafx.scene.image.Image@52f8cc24
2026-07-03 10:39:09,056 [INFO] from com.jpro.meta.stream.Util$ in JavaFX Application Thread - workaround for image, lossless: true filetype: png img: javafx.scene.image.Image@d29bfd
2026-07-03 10:39:09,292 [INFO] from com.jpro.meta.stream.Util$ in JavaFX Application Thread - workaround for image, lossless: true filetype: png img: javafx.scene.image.Image@7fc80d06
2026-07-03 10:39:09,462 [INFO] from com.jpro.meta.stream.Util$ in JavaFX Application Thread - workaround for image, lossless: true filetype: png img: javafx.scene.image.Image@59bd3593
2026-07-03 10:39:09,627 [INFO] from com.jpro.meta.stream.Util$ in JavaFX Application Thread - workaround for image, lossless: true filetype: png img: javafx.scene.image.Image@6b988ea1
2026-07-03 10:39:09,796 [INFO] from com.jpro.meta.stream.Util$ in JavaFX Application Thread - workaround for image, lossless: true filetype: png img: javafx.scene.image.Image@4e54f63b
2026-07-03 10:41:28,249 [INFO] from com.jpro.meta.stream.Util$ in JavaFX Application Thread - workaround for image, lossless: true filetype: png img: javafx.scene.image.Image@4727768a
2026-07-03 10:41:28,337 [INFO] from com.jpro.meta.stream.Util$ in JavaFX Application Thread - workaround for image, lossless: true filetype: png img: javafx.scene.image.Image@3a4bf78e
2026-07-03 10:41:28,405 [INFO] from com.jpro.meta.stream.Util$ in JavaFX Application Thread - workaround for image, lossless: true filetype: png img: javafx.scene.image.Image@28b45447
2026-07-03 10:41:28,470 [INFO] from com.jpro.meta.stream.Util$ in JavaFX Application Thread - workaround for image, lossless: true filetype: png img: javafx.scene.image.Image@8cd097
2026-07-03 10:41:29,349 [INFO] from com.jpro.meta.stream.Util$ in JavaFX Application Thread - workaround for image, lossless: true filetype: png img: javafx.scene.image.Image@6e6b4fb0
2026-07-03 10:41:30,071 [INFO] from com.jpro.meta.stream.Util$ in JavaFX Application Thread - workaround for image, lossless: true filetype: png img: javafx.scene.image.Image@9b4e8a2
2026-07-03 10:41:31,844 [INFO] from com.jpro.meta.stream.Util$ in JavaFX Application Thread - workaround for image, lossless: true filetype: png img: javafx.scene.image.Image@15ab91b1
2026-07-03 10:42:25,212 [INFO] from com.jpro.meta.stream.Util$ in JavaFX Application Thread - workaround for image, lossless: true filetype: png img: javafx.scene.image.Image@5a2fc88f
