<<<<<<< HEAD
2026-07-10 13:35:09,331 [ERROR] from com.jpro.JS in JavaFX Application Thread - received msg: Unexpected exception: DLinearGradient((0,0),(0,1),true,DCycle_NO_CYCLE,List((0,RGBA(1,0.37254902720451355,0.37254902720451355,1)), (1,RGBA(0.7764706015586853,0.1568627506494522,0.1568627506494522,1)))) (of class p.Data$DLinearGradient)
2026-07-10 13:35:09,338 [ERROR] from com.jpro.JS in JavaFX Application Thread - received msg: Unexpected exception: DLinearGradient((0,0),(0,1),true,DCycle_NO_CYCLE,List((0,RGBA(1,0.37254902720451355,0.37254902720451355,1)), (1,RGBA(0.7764706015586853,0.1568627506494522,0.1568627506494522,1)))) (of class p.Data$DLinearGradient)
2026-07-10 13:35:28,478 [ERROR] from com.jpro.JS in JavaFX Application Thread - received msg: Unexpected exception: DLinearGradient((0,0),(0,1),true,DCycle_NO_CYCLE,List((0,RGBA(1,0.37254902720451355,0.37254902720451355,1)), (1,RGBA(0.7764706015586853,0.1568627506494522,0.1568627506494522,1)))) (of class p.Data$DLinearGradient)
2026-07-10 13:35:28,478 [ERROR] from com.jpro.JS in JavaFX Application Thread - received msg: Unexpected exception: DLinearGradient((0,0),(0,1),true,DCycle_NO_CYCLE,List((0,RGBA(1,0.37254902720451355,0.37254902720451355,1)), (1,RGBA(0.7764706015586853,0.1568627506494522,0.1568627506494522,1)))) (of class p.Data$DLinearGradient)
=======
2026-07-07 14:50:21,221 [ERROR] from com.jpro.internal.server.ViewSerializerActor in JavaFX Application Thread - JavaFXStreamer - got Exception: 
java.lang.ClassNotFoundException: null
	at java.base/jdk.internal.loader.BuiltinClassLoader.loadClass(BuiltinClassLoader.java:641)
	at java.base/jdk.internal.loader.ClassLoaders$AppClassLoader.loadClass(ClassLoaders.java:188)
	at java.base/java.lang.ClassLoader.loadClass(ClassLoader.java:525)
	at simplefx.util.ReflectionUtil.loadClass(ReflectionUtil.scala:38)
	at simplefx.util.ReflectionUtil.callNew(ReflectionUtil.scala:103)
	at com.jpro.internal.config.ApplicationStarter$.startApplication(ApplicationStarter.scala:108)
	at com.jpro.internal.config.ApplicationStarter$.requestApplication(ApplicationStarter.scala:94)
	at com.jpro.internal.config.ApplicationStarter$.getApplication(ApplicationStarter.scala:60)
	at com.jpro.internal.communicator.ViewImpl.<init>(ViewImpl.scala:30)
	at com.jpro.internal.server.ViewByActor.<init>(ViewSerializerActor.scala:116)
	at com.jpro.internal.server.ViewSerializerActor$$anonfun$receive$2$$anonfun$applyOrElse$1.$anonfun$applyOrElse$2(ViewSerializerActor.scala:70)
	at simplefx.cores.standard.parts.CoreTimeEvent$$anon$3.run(CoreTimeEvent.scala:62)
	at com.sun.javafx.application.PlatformImpl.lambda$runLater$10(PlatformImpl.java:457)
	at java.base/java.security.AccessController.doPrivileged(AccessController.java:399)
	at com.sun.javafx.application.PlatformImpl.lambda$runLater$11(PlatformImpl.java:456)
	at com.sun.glass.ui.monocle.RunnableProcessor.runLoop(RunnableProcessor.java:92)
	at com.sun.glass.ui.monocle.RunnableProcessor.run(RunnableProcessor.java:51)
	at java.base/java.lang.Thread.run(Thread.java:840)
2026-07-07 14:50:26,249 [ERROR] from com.jpro.internal.server.ViewSerializerActor in JavaFX Application Thread - JavaFXStreamer - got Exception: 
java.lang.ClassNotFoundException: null
	at java.base/jdk.internal.loader.BuiltinClassLoader.loadClass(BuiltinClassLoader.java:641)
	at java.base/jdk.internal.loader.ClassLoaders$AppClassLoader.loadClass(ClassLoaders.java:188)
	at java.base/java.lang.ClassLoader.loadClass(ClassLoader.java:525)
	at simplefx.util.ReflectionUtil.loadClass(ReflectionUtil.scala:38)
	at simplefx.util.ReflectionUtil.callNew(ReflectionUtil.scala:103)
	at com.jpro.internal.config.ApplicationStarter$.startApplication(ApplicationStarter.scala:108)
	at com.jpro.internal.config.ApplicationStarter$.requestApplication(ApplicationStarter.scala:94)
	at com.jpro.internal.config.ApplicationStarter$.getApplication(ApplicationStarter.scala:60)
	at com.jpro.internal.communicator.ViewImpl.<init>(ViewImpl.scala:30)
	at com.jpro.internal.server.ViewByActor.<init>(ViewSerializerActor.scala:116)
	at com.jpro.internal.server.ViewSerializerActor$$anonfun$receive$2$$anonfun$applyOrElse$1.$anonfun$applyOrElse$2(ViewSerializerActor.scala:70)
	at simplefx.cores.standard.parts.CoreTimeEvent$$anon$3.run(CoreTimeEvent.scala:62)
	at com.sun.javafx.application.PlatformImpl.lambda$runLater$10(PlatformImpl.java:457)
	at java.base/java.security.AccessController.doPrivileged(AccessController.java:399)
	at com.sun.javafx.application.PlatformImpl.lambda$runLater$11(PlatformImpl.java:456)
	at com.sun.glass.ui.monocle.RunnableProcessor.runLoop(RunnableProcessor.java:92)
	at com.sun.glass.ui.monocle.RunnableProcessor.run(RunnableProcessor.java:51)
	at java.base/java.lang.Thread.run(Thread.java:840)
2026-07-07 14:52:18,953 [ERROR] from com.jpro.JS in JavaFX Application Thread - received msg: Unexpected exception: DLinearGradient((0,0),(0,1),true,DCycle_NO_CYCLE,List((0,RGBA(1,0.37254902720451355,0.37254902720451355,1)), (1,RGBA(0.7764706015586853,0.1568627506494522,0.1568627506494522,1)))) (of class p.Data$DLinearGradient)
2026-07-08 11:14:59,839 [ERROR] from com.jpro.internal.server.ViewSerializerActor in JavaFX Application Thread - JavaFXStreamer - got Exception: 
java.lang.ClassNotFoundException: tes32.Main3
	at java.base/jdk.internal.loader.BuiltinClassLoader.loadClass(BuiltinClassLoader.java:641)
	at java.base/jdk.internal.loader.ClassLoaders$AppClassLoader.loadClass(ClassLoaders.java:188)
	at java.base/java.lang.ClassLoader.loadClass(ClassLoader.java:525)
	at simplefx.util.ReflectionUtil.loadClass(ReflectionUtil.scala:38)
	at simplefx.util.ReflectionUtil.callNew(ReflectionUtil.scala:103)
	at com.jpro.internal.config.ApplicationStarter$.startApplication(ApplicationStarter.scala:108)
	at com.jpro.internal.config.ApplicationStarter$.requestApplication(ApplicationStarter.scala:94)
	at com.jpro.internal.config.ApplicationStarter$.getApplication(ApplicationStarter.scala:60)
	at com.jpro.internal.communicator.ViewImpl.<init>(ViewImpl.scala:30)
	at com.jpro.internal.server.ViewByActor.<init>(ViewSerializerActor.scala:116)
	at com.jpro.internal.server.ViewSerializerActor$$anonfun$receive$2$$anonfun$applyOrElse$1.$anonfun$applyOrElse$2(ViewSerializerActor.scala:70)
	at simplefx.cores.standard.parts.CoreTimeEvent$$anon$3.run(CoreTimeEvent.scala:62)
	at com.sun.javafx.application.PlatformImpl.lambda$runLater$10(PlatformImpl.java:457)
	at java.base/java.security.AccessController.doPrivileged(AccessController.java:399)
	at com.sun.javafx.application.PlatformImpl.lambda$runLater$11(PlatformImpl.java:456)
	at com.sun.glass.ui.monocle.RunnableProcessor.runLoop(RunnableProcessor.java:92)
	at com.sun.glass.ui.monocle.RunnableProcessor.run(RunnableProcessor.java:51)
	at java.base/java.lang.Thread.run(Thread.java:840)
2026-07-08 11:23:03,742 [ERROR] from com.jpro.internal.server.ViewSerializerActor in JavaFX Application Thread - JavaFXStreamer - got Exception: 
java.lang.ClassNotFoundException: tes3.Main3
	at java.base/jdk.internal.loader.BuiltinClassLoader.loadClass(BuiltinClassLoader.java:641)
	at java.base/jdk.internal.loader.ClassLoaders$AppClassLoader.loadClass(ClassLoaders.java:188)
	at java.base/java.lang.ClassLoader.loadClass(ClassLoader.java:525)
	at simplefx.util.ReflectionUtil.loadClass(ReflectionUtil.scala:38)
	at simplefx.util.ReflectionUtil.callNew(ReflectionUtil.scala:103)
	at com.jpro.internal.config.ApplicationStarter$.startApplication(ApplicationStarter.scala:108)
	at com.jpro.internal.config.ApplicationStarter$.requestApplication(ApplicationStarter.scala:94)
	at com.jpro.internal.config.ApplicationStarter$.getApplication(ApplicationStarter.scala:60)
	at com.jpro.internal.communicator.ViewImpl.<init>(ViewImpl.scala:30)
	at com.jpro.internal.server.ViewByActor.<init>(ViewSerializerActor.scala:116)
	at com.jpro.internal.server.ViewSerializerActor$$anonfun$receive$2$$anonfun$applyOrElse$1.$anonfun$applyOrElse$2(ViewSerializerActor.scala:70)
	at simplefx.cores.standard.parts.CoreTimeEvent$$anon$3.run(CoreTimeEvent.scala:62)
	at com.sun.javafx.application.PlatformImpl.lambda$runLater$10(PlatformImpl.java:457)
	at java.base/java.security.AccessController.doPrivileged(AccessController.java:399)
	at com.sun.javafx.application.PlatformImpl.lambda$runLater$11(PlatformImpl.java:456)
	at com.sun.glass.ui.monocle.RunnableProcessor.runLoop(RunnableProcessor.java:92)
	at com.sun.glass.ui.monocle.RunnableProcessor.run(RunnableProcessor.java:51)
	at java.base/java.lang.Thread.run(Thread.java:840)
2026-07-08 13:14:37,905 [ERROR] from play.api.http.DefaultHttpErrorHandler in application-akka.actor.default-dispatcher-27 - 

! @8e19doc1m - Internal server error, for (GET) [/app/default/resourcesencoded/cp:/picture/title.png] ->
 
play.api.UnexpectedException: Unexpected exception[MalformedURLException: unknown protocol: cp]
	at play.api.http.HttpErrorHandlerExceptions$.throwableToUsefulException(HttpErrorHandler.scala:358)
	at play.api.http.DefaultHttpErrorHandler.onServerError(HttpErrorHandler.scala:264)
	at play.core.server.AkkaHttpServer$$anonfun$2.applyOrElse(AkkaHttpServer.scala:430)
	at play.core.server.AkkaHttpServer$$anonfun$2.applyOrElse(AkkaHttpServer.scala:422)
	at scala.concurrent.Future.$anonfun$recoverWith$1(Future.scala:417)
	at scala.concurrent.impl.Promise.$anonfun$transformWith$1(Promise.scala:41)
	at scala.concurrent.impl.CallbackRunnable.run(Promise.scala:64)
	at akka.dispatch.BatchingExecutor$AbstractBatch.processBatch(BatchingExecutor.scala:63)
	at akka.dispatch.BatchingExecutor$BlockableBatch.$anonfun$run$1(BatchingExecutor.scala:100)
	at scala.runtime.java8.JFunction0$mcV$sp.apply(JFunction0$mcV$sp.java:23)
	at scala.concurrent.BlockContext$.withBlockContext(BlockContext.scala:85)
	at akka.dispatch.BatchingExecutor$BlockableBatch.run(BatchingExecutor.scala:100)
	at akka.dispatch.TaskInvocation.run(AbstractDispatcher.scala:49)
	at akka.dispatch.ForkJoinExecutorConfigurator$AkkaForkJoinTask.exec(ForkJoinExecutorConfigurator.scala:48)
	at java.base/java.util.concurrent.ForkJoinTask.doExec(ForkJoinTask.java:373)
	at java.base/java.util.concurrent.ForkJoinPool$WorkQueue.topLevelExec(ForkJoinPool.java:1182)
	at java.base/java.util.concurrent.ForkJoinPool.scan(ForkJoinPool.java:1655)
	at java.base/java.util.concurrent.ForkJoinPool.runWorker(ForkJoinPool.java:1622)
	at java.base/java.util.concurrent.ForkJoinWorkerThread.run(ForkJoinWorkerThread.java:165)
Caused by: java.net.MalformedURLException: unknown protocol: cp
	at java.base/java.net.URL.<init>(URL.java:681)
	at java.base/java.net.URL.<init>(URL.java:569)
	at java.base/java.net.URL.<init>(URL.java:516)
	at controllers.jpro.$anonfun$genURL$1(jpro.scala:365)
	at scala.Function1.$anonfun$andThen$1(Function1.scala:57)
	at play.api.mvc.ActionBuilderImpl.invokeBlock(Action.scala:441)
	at play.api.mvc.ActionBuilderImpl.invokeBlock(Action.scala:439)
	at play.api.mvc.ActionBuilder$$anon$9.apply(Action.scala:379)
	at play.api.mvc.Action.$anonfun$apply$4(Action.scala:82)
	at play.api.libs.streams.StrictAccumulator.$anonfun$mapFuture$4(Accumulator.scala:168)
	at scala.util.Try$.apply(Try.scala:213)
	at play.api.libs.streams.StrictAccumulator.$anonfun$mapFuture$3(Accumulator.scala:168)
	at scala.Function1.$anonfun$andThen$1(Function1.scala:57)
	at scala.Function1.$anonfun$andThen$1(Function1.scala:57)
	at scala.Function1.$anonfun$andThen$1(Function1.scala:57)
	at play.api.libs.streams.StrictAccumulator.run(Accumulator.scala:199)
	at play.core.server.AkkaHttpServer.$anonfun$runAction$4(AkkaHttpServer.scala:417)
	at akka.http.scaladsl.util.FastFuture$.strictTransform$1(FastFuture.scala:41)
	at akka.http.scaladsl.util.FastFuture$.$anonfun$transformWith$3(FastFuture.scala:51)
	... 13 common frames omitted
2026-07-08 13:15:10,104 [ERROR] from play.api.http.DefaultHttpErrorHandler in application-akka.actor.default-dispatcher-11 - 

! @8e19e07i8 - Internal server error, for (GET) [/app/default/resourcesencoded/home:/AppData/Local/Temp/jpro-7a7cc5dfde30428fe75b9e420af7b774.png] ->
 
play.api.UnexpectedException: Unexpected exception[MalformedURLException: unknown protocol: home]
	at play.api.http.HttpErrorHandlerExceptions$.throwableToUsefulException(HttpErrorHandler.scala:358)
	at play.api.http.DefaultHttpErrorHandler.onServerError(HttpErrorHandler.scala:264)
	at play.core.server.AkkaHttpServer$$anonfun$2.applyOrElse(AkkaHttpServer.scala:430)
	at play.core.server.AkkaHttpServer$$anonfun$2.applyOrElse(AkkaHttpServer.scala:422)
	at scala.concurrent.Future.$anonfun$recoverWith$1(Future.scala:417)
	at scala.concurrent.impl.Promise.$anonfun$transformWith$1(Promise.scala:41)
	at scala.concurrent.impl.CallbackRunnable.run(Promise.scala:64)
	at akka.dispatch.BatchingExecutor$AbstractBatch.processBatch(BatchingExecutor.scala:63)
	at akka.dispatch.BatchingExecutor$BlockableBatch.$anonfun$run$1(BatchingExecutor.scala:100)
	at scala.runtime.java8.JFunction0$mcV$sp.apply(JFunction0$mcV$sp.java:23)
	at scala.concurrent.BlockContext$.withBlockContext(BlockContext.scala:85)
	at akka.dispatch.BatchingExecutor$BlockableBatch.run(BatchingExecutor.scala:100)
	at akka.dispatch.TaskInvocation.run(AbstractDispatcher.scala:49)
	at akka.dispatch.ForkJoinExecutorConfigurator$AkkaForkJoinTask.exec(ForkJoinExecutorConfigurator.scala:48)
	at java.base/java.util.concurrent.ForkJoinTask.doExec(ForkJoinTask.java:373)
	at java.base/java.util.concurrent.ForkJoinPool$WorkQueue.topLevelExec(ForkJoinPool.java:1182)
	at java.base/java.util.concurrent.ForkJoinPool.scan(ForkJoinPool.java:1655)
	at java.base/java.util.concurrent.ForkJoinPool.runWorker(ForkJoinPool.java:1622)
	at java.base/java.util.concurrent.ForkJoinWorkerThread.run(ForkJoinWorkerThread.java:165)
Caused by: java.net.MalformedURLException: unknown protocol: home
	at java.base/java.net.URL.<init>(URL.java:681)
	at java.base/java.net.URL.<init>(URL.java:569)
	at java.base/java.net.URL.<init>(URL.java:516)
	at controllers.jpro.$anonfun$genURL$1(jpro.scala:365)
	at scala.Function1.$anonfun$andThen$1(Function1.scala:57)
	at play.api.mvc.ActionBuilderImpl.invokeBlock(Action.scala:441)
	at play.api.mvc.ActionBuilderImpl.invokeBlock(Action.scala:439)
	at play.api.mvc.ActionBuilder$$anon$9.apply(Action.scala:379)
	at play.api.mvc.Action.$anonfun$apply$4(Action.scala:82)
	at play.api.libs.streams.StrictAccumulator.$anonfun$mapFuture$4(Accumulator.scala:168)
	at scala.util.Try$.apply(Try.scala:213)
	at play.api.libs.streams.StrictAccumulator.$anonfun$mapFuture$3(Accumulator.scala:168)
	at scala.Function1.$anonfun$andThen$1(Function1.scala:57)
	at scala.Function1.$anonfun$andThen$1(Function1.scala:57)
	at scala.Function1.$anonfun$andThen$1(Function1.scala:57)
	at play.api.libs.streams.StrictAccumulator.run(Accumulator.scala:199)
	at play.core.server.AkkaHttpServer.$anonfun$runAction$4(AkkaHttpServer.scala:417)
	at akka.http.scaladsl.util.FastFuture$.strictTransform$1(FastFuture.scala:41)
	at akka.http.scaladsl.util.FastFuture$.$anonfun$transformWith$3(FastFuture.scala:51)
	... 13 common frames omitted
2026-07-08 13:15:10,498 [ERROR] from com.jpro.JS in JavaFX Application Thread - received msg: unexpected error: scala.scalajs.js.JavaScriptException: InvalidStateError: Failed to execute 'drawImage' on 'CanvasRenderingContext2D': The HTMLImageElement provided is in the 'broken' state.
2026-07-08 13:15:10,498 [ERROR] from com.jpro.JS in JavaFX Application Thread - received msg: unexpected error: scala.scalajs.js.JavaScriptException: InvalidStateError: Failed to execute 'drawImage' on 'CanvasRenderingContext2D': The HTMLImageElement provided is in the 'broken' state.
2026-07-08 13:15:10,498 [ERROR] from com.jpro.JS in JavaFX Application Thread - received msg: unexpected error: scala.scalajs.js.JavaScriptException: InvalidStateError: Failed to execute 'drawImage' on 'CanvasRenderingContext2D': The HTMLImageElement provided is in the 'broken' state.
2026-07-08 13:15:10,879 [ERROR] from com.jpro.JS in JavaFX Application Thread - received msg: unexpected error: scala.scalajs.js.JavaScriptException: InvalidStateError: Failed to execute 'drawImage' on 'CanvasRenderingContext2D': The HTMLImageElement provided is in the 'broken' state.
2026-07-08 13:15:10,879 [ERROR] from com.jpro.JS in JavaFX Application Thread - received msg: unexpected error: scala.scalajs.js.JavaScriptException: InvalidStateError: Failed to execute 'drawImage' on 'CanvasRenderingContext2D': The HTMLImageElement provided is in the 'broken' state.
2026-07-08 13:15:11,279 [ERROR] from com.jpro.JS in JavaFX Application Thread - received msg: unexpected error: scala.scalajs.js.JavaScriptException: InvalidStateError: Failed to execute 'drawImage' on 'CanvasRenderingContext2D': The HTMLImageElement provided is in the 'broken' state.
2026-07-08 13:15:11,279 [ERROR] from com.jpro.JS in JavaFX Application Thread - received msg: unexpected error: scala.scalajs.js.JavaScriptException: InvalidStateError: Failed to execute 'drawImage' on 'CanvasRenderingContext2D': The HTMLImageElement provided is in the 'broken' state.
2026-07-08 13:15:11,678 [ERROR] from com.jpro.JS in JavaFX Application Thread - received msg: unexpected error: scala.scalajs.js.JavaScriptException: InvalidStateError: Failed to execute 'drawImage' on 'CanvasRenderingContext2D': The HTMLImageElement provided is in the 'broken' state.
2026-07-08 13:15:11,678 [ERROR] from com.jpro.JS in JavaFX Application Thread - received msg: unexpected error: scala.scalajs.js.JavaScriptException: InvalidStateError: Failed to execute 'drawImage' on 'CanvasRenderingContext2D': The HTMLImageElement provided is in the 'broken' state.
2026-07-08 13:15:11,678 [ERROR] from com.jpro.JS in JavaFX Application Thread - received msg: unexpected error: scala.scalajs.js.JavaScriptException: InvalidStateError: Failed to execute 'drawImage' on 'CanvasRenderingContext2D': The HTMLImageElement provided is in the 'broken' state.
2026-07-08 13:15:12,421 [ERROR] from com.jpro.JS in JavaFX Application Thread - received msg: unexpected error: scala.scalajs.js.JavaScriptException: InvalidStateError: Failed to execute 'drawImage' on 'CanvasRenderingContext2D': The HTMLImageElement provided is in the 'broken' state.
2026-07-08 13:15:12,421 [ERROR] from com.jpro.JS in JavaFX Application Thread - received msg: unexpected error: scala.scalajs.js.JavaScriptException: InvalidStateError: Failed to execute 'drawImage' on 'CanvasRenderingContext2D': The HTMLImageElement provided is in the 'broken' state.
2026-07-08 13:15:12,421 [ERROR] from com.jpro.JS in JavaFX Application Thread - received msg: unexpected error: scala.scalajs.js.JavaScriptException: InvalidStateError: Failed to execute 'drawImage' on 'CanvasRenderingContext2D': The HTMLImageElement provided is in the 'broken' state.
2026-07-08 13:15:12,605 [ERROR] from com.jpro.JS in JavaFX Application Thread - received msg: unexpected error: scala.scalajs.js.JavaScriptException: InvalidStateError: Failed to execute 'drawImage' on 'CanvasRenderingContext2D': The HTMLImageElement provided is in the 'broken' state.
2026-07-08 13:15:12,792 [ERROR] from com.jpro.JS in JavaFX Application Thread - received msg: unexpected error: scala.scalajs.js.JavaScriptException: InvalidStateError: Failed to execute 'drawImage' on 'CanvasRenderingContext2D': The HTMLImageElement provided is in the 'broken' state.
2026-07-08 13:15:12,792 [ERROR] from com.jpro.JS in JavaFX Application Thread - received msg: unexpected error: scala.scalajs.js.JavaScriptException: InvalidStateError: Failed to execute 'drawImage' on 'CanvasRenderingContext2D': The HTMLImageElement provided is in the 'broken' state.
2026-07-08 13:15:12,974 [ERROR] from com.jpro.JS in JavaFX Application Thread - received msg: unexpected error: scala.scalajs.js.JavaScriptException: InvalidStateError: Failed to execute 'drawImage' on 'CanvasRenderingContext2D': The HTMLImageElement provided is in the 'broken' state.
2026-07-08 13:15:12,974 [ERROR] from com.jpro.JS in JavaFX Application Thread - received msg: unexpected error: scala.scalajs.js.JavaScriptException: InvalidStateError: Failed to execute 'drawImage' on 'CanvasRenderingContext2D': The HTMLImageElement provided is in the 'broken' state.
2026-07-08 13:15:13,164 [ERROR] from com.jpro.JS in JavaFX Application Thread - received msg: unexpected error: scala.scalajs.js.JavaScriptException: InvalidStateError: Failed to execute 'drawImage' on 'CanvasRenderingContext2D': The HTMLImageElement provided is in the 'broken' state.
2026-07-08 13:15:13,165 [ERROR] from com.jpro.JS in JavaFX Application Thread - received msg: unexpected error: scala.scalajs.js.JavaScriptException: InvalidStateError: Failed to execute 'drawImage' on 'CanvasRenderingContext2D': The HTMLImageElement provided is in the 'broken' state.
2026-07-08 13:15:13,165 [ERROR] from com.jpro.JS in JavaFX Application Thread - received msg: unexpected error: scala.scalajs.js.JavaScriptException: InvalidStateError: Failed to execute 'drawImage' on 'CanvasRenderingContext2D': The HTMLImageElement provided is in the 'broken' state.
2026-07-08 13:15:13,361 [ERROR] from com.jpro.JS in JavaFX Application Thread - received msg: unexpected error: scala.scalajs.js.JavaScriptException: InvalidStateError: Failed to execute 'drawImage' on 'CanvasRenderingContext2D': The HTMLImageElement provided is in the 'broken' state.
2026-07-08 13:15:13,361 [ERROR] from com.jpro.JS in JavaFX Application Thread - received msg: unexpected error: scala.scalajs.js.JavaScriptException: InvalidStateError: Failed to execute 'drawImage' on 'CanvasRenderingContext2D': The HTMLImageElement provided is in the 'broken' state.
2026-07-08 13:15:13,361 [ERROR] from com.jpro.JS in JavaFX Application Thread - received msg: unexpected error: scala.scalajs.js.JavaScriptException: InvalidStateError: Failed to execute 'drawImage' on 'CanvasRenderingContext2D': The HTMLImageElement provided is in the 'broken' state.
2026-07-08 13:15:13,361 [ERROR] from com.jpro.JS in JavaFX Application Thread - received msg: unexpected error: scala.scalajs.js.JavaScriptException: InvalidStateError: Failed to execute 'drawImage' on 'CanvasRenderingContext2D': The HTMLImageElement provided is in the 'broken' state.
2026-07-08 13:15:13,549 [ERROR] from com.jpro.JS in JavaFX Application Thread - received msg: unexpected error: scala.scalajs.js.JavaScriptException: InvalidStateError: Failed to execute 'drawImage' on 'CanvasRenderingContext2D': The HTMLImageElement provided is in the 'broken' state.
2026-07-08 13:15:13,942 [ERROR] from com.jpro.JS in JavaFX Application Thread - received msg: unexpected error: scala.scalajs.js.JavaScriptException: InvalidStateError: Failed to execute 'drawImage' on 'CanvasRenderingContext2D': The HTMLImageElement provided is in the 'broken' state.
2026-07-08 13:15:13,942 [ERROR] from com.jpro.JS in JavaFX Application Thread - received msg: unexpected error: scala.scalajs.js.JavaScriptException: InvalidStateError: Failed to execute 'drawImage' on 'CanvasRenderingContext2D': The HTMLImageElement provided is in the 'broken' state.
2026-07-08 13:15:14,133 [ERROR] from com.jpro.JS in JavaFX Application Thread - received msg: unexpected error: scala.scalajs.js.JavaScriptException: InvalidStateError: Failed to execute 'drawImage' on 'CanvasRenderingContext2D': The HTMLImageElement provided is in the 'broken' state.
2026-07-08 13:15:14,133 [ERROR] from com.jpro.JS in JavaFX Application Thread - received msg: unexpected error: scala.scalajs.js.JavaScriptException: InvalidStateError: Failed to execute 'drawImage' on 'CanvasRenderingContext2D': The HTMLImageElement provided is in the 'broken' state.
2026-07-08 13:15:14,133 [ERROR] from com.jpro.JS in JavaFX Application Thread - received msg: unexpected error: scala.scalajs.js.JavaScriptException: InvalidStateError: Failed to execute 'drawImage' on 'CanvasRenderingContext2D': The HTMLImageElement provided is in the 'broken' state.
2026-07-08 13:15:14,625 [ERROR] from com.jpro.JS in JavaFX Application Thread - received msg: unexpected error: scala.scalajs.js.JavaScriptException: InvalidStateError: Failed to execute 'drawImage' on 'CanvasRenderingContext2D': The HTMLImageElement provided is in the 'broken' state.
2026-07-08 13:15:14,625 [ERROR] from com.jpro.JS in JavaFX Application Thread - received msg: unexpected error: scala.scalajs.js.JavaScriptException: InvalidStateError: Failed to execute 'drawImage' on 'CanvasRenderingContext2D': The HTMLImageElement provided is in the 'broken' state.
2026-07-08 13:15:14,626 [ERROR] from com.jpro.JS in JavaFX Application Thread - received msg: unexpected error: scala.scalajs.js.JavaScriptException: InvalidStateError: Failed to execute 'drawImage' on 'CanvasRenderingContext2D': The HTMLImageElement provided is in the 'broken' state.
2026-07-08 13:15:14,872 [ERROR] from com.jpro.JS in JavaFX Application Thread - received msg: unexpected error: scala.scalajs.js.JavaScriptException: InvalidStateError: Failed to execute 'drawImage' on 'CanvasRenderingContext2D': The HTMLImageElement provided is in the 'broken' state.
2026-07-08 13:15:14,872 [ERROR] from com.jpro.JS in JavaFX Application Thread - received msg: unexpected error: scala.scalajs.js.JavaScriptException: InvalidStateError: Failed to execute 'drawImage' on 'CanvasRenderingContext2D': The HTMLImageElement provided is in the 'broken' state.
2026-07-08 13:15:15,062 [ERROR] from com.jpro.JS in JavaFX Application Thread - received msg: unexpected error: scala.scalajs.js.JavaScriptException: InvalidStateError: Failed to execute 'drawImage' on 'CanvasRenderingContext2D': The HTMLImageElement provided is in the 'broken' state.
2026-07-08 13:15:15,062 [ERROR] from com.jpro.JS in JavaFX Application Thread - received msg: unexpected error: scala.scalajs.js.JavaScriptException: InvalidStateError: Failed to execute 'drawImage' on 'CanvasRenderingContext2D': The HTMLImageElement provided is in the 'broken' state.
2026-07-08 13:15:15,062 [ERROR] from com.jpro.JS in JavaFX Application Thread - received msg: unexpected error: scala.scalajs.js.JavaScriptException: InvalidStateError: Failed to execute 'drawImage' on 'CanvasRenderingContext2D': The HTMLImageElement provided is in the 'broken' state.
2026-07-08 13:15:15,931 [ERROR] from com.jpro.JS in JavaFX Application Thread - received msg: unexpected error: scala.scalajs.js.JavaScriptException: InvalidStateError: Failed to execute 'drawImage' on 'CanvasRenderingContext2D': The HTMLImageElement provided is in the 'broken' state.
2026-07-08 13:15:15,931 [ERROR] from com.jpro.JS in JavaFX Application Thread - received msg: unexpected error: scala.scalajs.js.JavaScriptException: InvalidStateError: Failed to execute 'drawImage' on 'CanvasRenderingContext2D': The HTMLImageElement provided is in the 'broken' state.
2026-07-08 13:15:16,154 [ERROR] from com.jpro.JS in JavaFX Application Thread - received msg: unexpected error: scala.scalajs.js.JavaScriptException: InvalidStateError: Failed to execute 'drawImage' on 'CanvasRenderingContext2D': The HTMLImageElement provided is in the 'broken' state.
2026-07-08 13:15:16,399 [ERROR] from com.jpro.JS in JavaFX Application Thread - received msg: unexpected error: scala.scalajs.js.JavaScriptException: InvalidStateError: Failed to execute 'drawImage' on 'CanvasRenderingContext2D': The HTMLImageElement provided is in the 'broken' state.
2026-07-08 13:15:16,399 [ERROR] from com.jpro.JS in JavaFX Application Thread - received msg: unexpected error: scala.scalajs.js.JavaScriptException: InvalidStateError: Failed to execute 'drawImage' on 'CanvasRenderingContext2D': The HTMLImageElement provided is in the 'broken' state.
2026-07-08 13:15:16,399 [ERROR] from com.jpro.JS in JavaFX Application Thread - received msg: unexpected error: scala.scalajs.js.JavaScriptException: InvalidStateError: Failed to execute 'drawImage' on 'CanvasRenderingContext2D': The HTMLImageElement provided is in the 'broken' state.
2026-07-08 13:15:16,399 [ERROR] from com.jpro.JS in JavaFX Application Thread - received msg: unexpected error: scala.scalajs.js.JavaScriptException: InvalidStateError: Failed to execute 'drawImage' on 'CanvasRenderingContext2D': The HTMLImageElement provided is in the 'broken' state.
2026-07-08 13:15:17,088 [ERROR] from com.jpro.JS in JavaFX Application Thread - received msg: unexpected error: scala.scalajs.js.JavaScriptException: InvalidStateError: Failed to execute 'drawImage' on 'CanvasRenderingContext2D': The HTMLImageElement provided is in the 'broken' state.
2026-07-08 13:15:17,088 [ERROR] from com.jpro.JS in JavaFX Application Thread - received msg: unexpected error: scala.scalajs.js.JavaScriptException: InvalidStateError: Failed to execute 'drawImage' on 'CanvasRenderingContext2D': The HTMLImageElement provided is in the 'broken' state.
2026-07-08 13:15:17,088 [ERROR] from com.jpro.JS in JavaFX Application Thread - received msg: unexpected error: scala.scalajs.js.JavaScriptException: InvalidStateError: Failed to execute 'drawImage' on 'CanvasRenderingContext2D': The HTMLImageElement provided is in the 'broken' state.
2026-07-08 13:15:17,088 [ERROR] from com.jpro.JS in JavaFX Application Thread - received msg: unexpected error: scala.scalajs.js.JavaScriptException: InvalidStateError: Failed to execute 'drawImage' on 'CanvasRenderingContext2D': The HTMLImageElement provided is in the 'broken' state.
2026-07-08 13:15:17,088 [ERROR] from com.jpro.JS in JavaFX Application Thread - received msg: unexpected error: scala.scalajs.js.JavaScriptException: InvalidStateError: Failed to execute 'drawImage' on 'CanvasRenderingContext2D': The HTMLImageElement provided is in the 'broken' state.
2026-07-08 13:15:17,088 [ERROR] from com.jpro.JS in JavaFX Application Thread - received msg: unexpected error: scala.scalajs.js.JavaScriptException: InvalidStateError: Failed to execute 'drawImage' on 'CanvasRenderingContext2D': The HTMLImageElement provided is in the 'broken' state.
2026-07-08 13:15:17,089 [ERROR] from com.jpro.JS in JavaFX Application Thread - received msg: unexpected error: scala.scalajs.js.JavaScriptException: InvalidStateError: Failed to execute 'drawImage' on 'CanvasRenderingContext2D': The HTMLImageElement provided is in the 'broken' state.
2026-07-08 13:15:17,275 [ERROR] from com.jpro.JS in JavaFX Application Thread - received msg: unexpected error: scala.scalajs.js.JavaScriptException: InvalidStateError: Failed to execute 'drawImage' on 'CanvasRenderingContext2D': The HTMLImageElement provided is in the 'broken' state.
2026-07-08 13:15:17,275 [ERROR] from com.jpro.JS in JavaFX Application Thread - received msg: unexpected error: scala.scalajs.js.JavaScriptException: InvalidStateError: Failed to execute 'drawImage' on 'CanvasRenderingContext2D': The HTMLImageElement provided is in the 'broken' state.
2026-07-08 13:15:17,564 [ERROR] from com.jpro.JS in JavaFX Application Thread - received msg: unexpected error: scala.scalajs.js.JavaScriptException: InvalidStateError: Failed to execute 'drawImage' on 'CanvasRenderingContext2D': The HTMLImageElement provided is in the 'broken' state.
2026-07-08 13:15:17,564 [ERROR] from com.jpro.JS in JavaFX Application Thread - received msg: unexpected error: scala.scalajs.js.JavaScriptException: InvalidStateError: Failed to execute 'drawImage' on 'CanvasRenderingContext2D': The HTMLImageElement provided is in the 'broken' state.
2026-07-08 13:15:17,750 [ERROR] from com.jpro.JS in JavaFX Application Thread - received msg: unexpected error: scala.scalajs.js.JavaScriptException: InvalidStateError: Failed to execute 'drawImage' on 'CanvasRenderingContext2D': The HTMLImageElement provided is in the 'broken' state.
2026-07-08 13:15:17,750 [ERROR] from com.jpro.JS in JavaFX Application Thread - received msg: unexpected error: scala.scalajs.js.JavaScriptException: InvalidStateError: Failed to execute 'drawImage' on 'CanvasRenderingContext2D': The HTMLImageElement provided is in the 'broken' state.
2026-07-08 13:15:17,750 [ERROR] from com.jpro.JS in JavaFX Application Thread - received msg: unexpected error: scala.scalajs.js.JavaScriptException: InvalidStateError: Failed to execute 'drawImage' on 'CanvasRenderingContext2D': The HTMLImageElement provided is in the 'broken' state.
2026-07-08 13:15:17,943 [ERROR] from com.jpro.JS in JavaFX Application Thread - received msg: unexpected error: scala.scalajs.js.JavaScriptException: InvalidStateError: Failed to execute 'drawImage' on 'CanvasRenderingContext2D': The HTMLImageElement provided is in the 'broken' state.
2026-07-08 13:15:18,130 [ERROR] from com.jpro.JS in JavaFX Application Thread - received msg: unexpected error: scala.scalajs.js.JavaScriptException: InvalidStateError: Failed to execute 'drawImage' on 'CanvasRenderingContext2D': The HTMLImageElement provided is in the 'broken' state.
2026-07-08 13:15:18,322 [ERROR] from com.jpro.JS in JavaFX Application Thread - received msg: unexpected error: scala.scalajs.js.JavaScriptException: InvalidStateError: Failed to execute 'drawImage' on 'CanvasRenderingContext2D': The HTMLImageElement provided is in the 'broken' state.
2026-07-08 13:15:18,510 [ERROR] from com.jpro.JS in JavaFX Application Thread - received msg: unexpected error: scala.scalajs.js.JavaScriptException: InvalidStateError: Failed to execute 'drawImage' on 'CanvasRenderingContext2D': The HTMLImageElement provided is in the 'broken' state.
2026-07-08 13:15:18,698 [ERROR] from com.jpro.JS in JavaFX Application Thread - received msg: unexpected error: scala.scalajs.js.JavaScriptException: InvalidStateError: Failed to execute 'drawImage' on 'CanvasRenderingContext2D': The HTMLImageElement provided is in the 'broken' state.
2026-07-08 13:15:18,698 [ERROR] from com.jpro.JS in JavaFX Application Thread - received msg: unexpected error: scala.scalajs.js.JavaScriptException: InvalidStateError: Failed to execute 'drawImage' on 'CanvasRenderingContext2D': The HTMLImageElement provided is in the 'broken' state.
2026-07-08 13:15:18,698 [ERROR] from com.jpro.JS in JavaFX Application Thread - received msg: unexpected error: scala.scalajs.js.JavaScriptException: InvalidStateError: Failed to execute 'drawImage' on 'CanvasRenderingContext2D': The HTMLImageElement provided is in the 'broken' state.
2026-07-08 13:15:19,260 [ERROR] from com.jpro.JS in JavaFX Application Thread - received msg: unexpected error: scala.scalajs.js.JavaScriptException: InvalidStateError: Failed to execute 'drawImage' on 'CanvasRenderingContext2D': The HTMLImageElement provided is in the 'broken' state.
2026-07-08 13:15:19,454 [ERROR] from com.jpro.JS in JavaFX Application Thread - received msg: unexpected error: scala.scalajs.js.JavaScriptException: InvalidStateError: Failed to execute 'drawImage' on 'CanvasRenderingContext2D': The HTMLImageElement provided is in the 'broken' state.
2026-07-08 13:15:19,673 [ERROR] from com.jpro.JS in JavaFX Application Thread - received msg: unexpected error: scala.scalajs.js.JavaScriptException: InvalidStateError: Failed to execute 'drawImage' on 'CanvasRenderingContext2D': The HTMLImageElement provided is in the 'broken' state.
2026-07-08 13:15:19,673 [ERROR] from com.jpro.JS in JavaFX Application Thread - received msg: unexpected error: scala.scalajs.js.JavaScriptException: InvalidStateError: Failed to execute 'drawImage' on 'CanvasRenderingContext2D': The HTMLImageElement provided is in the 'broken' state.
2026-07-08 13:15:19,859 [ERROR] from com.jpro.JS in JavaFX Application Thread - received msg: unexpected error: scala.scalajs.js.JavaScriptException: InvalidStateError: Failed to execute 'drawImage' on 'CanvasRenderingContext2D': The HTMLImageElement provided is in the 'broken' state.
2026-07-08 13:15:19,859 [ERROR] from com.jpro.JS in JavaFX Application Thread - received msg: unexpected error: scala.scalajs.js.JavaScriptException: InvalidStateError: Failed to execute 'drawImage' on 'CanvasRenderingContext2D': The HTMLImageElement provided is in the 'broken' state.
2026-07-08 13:15:20,051 [ERROR] from com.jpro.JS in JavaFX Application Thread - received msg: unexpected error: scala.scalajs.js.JavaScriptException: InvalidStateError: Failed to execute 'drawImage' on 'CanvasRenderingContext2D': The HTMLImageElement provided is in the 'broken' state.
2026-07-08 13:15:20,237 [ERROR] from com.jpro.JS in JavaFX Application Thread - received msg: unexpected error: scala.scalajs.js.JavaScriptException: InvalidStateError: Failed to execute 'drawImage' on 'CanvasRenderingContext2D': The HTMLImageElement provided is in the 'broken' state.
2026-07-08 13:15:20,237 [ERROR] from com.jpro.JS in JavaFX Application Thread - received msg: unexpected error: scala.scalajs.js.JavaScriptException: InvalidStateError: Failed to execute 'drawImage' on 'CanvasRenderingContext2D': The HTMLImageElement provided is in the 'broken' state.
2026-07-08 13:15:20,381 [ERROR] from com.jpro.JS in JavaFX Application Thread - received msg: unexpected error: scala.scalajs.js.JavaScriptException: InvalidStateError: Failed to execute 'drawImage' on 'CanvasRenderingContext2D': The HTMLImageElement provided is in the 'broken' state.
2026-07-08 13:15:20,381 [ERROR] from com.jpro.JS in JavaFX Application Thread - received msg: unexpected error: scala.scalajs.js.JavaScriptException: InvalidStateError: Failed to execute 'drawImage' on 'CanvasRenderingContext2D': The HTMLImageElement provided is in the 'broken' state.
2026-07-08 13:15:20,381 [ERROR] from com.jpro.JS in JavaFX Application Thread - received msg: unexpected error: scala.scalajs.js.JavaScriptException: InvalidStateError: Failed to execute 'drawImage' on 'CanvasRenderingContext2D': The HTMLImageElement provided is in the 'broken' state.
2026-07-08 13:15:20,381 [ERROR] from com.jpro.JS in JavaFX Application Thread - received msg: unexpected error: scala.scalajs.js.JavaScriptException: InvalidStateError: Failed to execute 'drawImage' on 'CanvasRenderingContext2D': The HTMLImageElement provided is in the 'broken' state.
2026-07-08 13:15:20,455 [ERROR] from com.jpro.JS in JavaFX Application Thread - received msg: unexpected error: scala.scalajs.js.JavaScriptException: InvalidStateError: Failed to execute 'drawImage' on 'CanvasRenderingContext2D': The HTMLImageElement provided is in the 'broken' state.
2026-07-08 13:15:20,818 [ERROR] from com.jpro.JS in JavaFX Application Thread - received msg: unexpected error: scala.scalajs.js.JavaScriptException: InvalidStateError: Failed to execute 'drawImage' on 'CanvasRenderingContext2D': The HTMLImageElement provided is in the 'broken' state.
2026-07-08 13:15:20,818 [ERROR] from com.jpro.JS in JavaFX Application Thread - received msg: unexpected error: scala.scalajs.js.JavaScriptException: InvalidStateError: Failed to execute 'drawImage' on 'CanvasRenderingContext2D': The HTMLImageElement provided is in the 'broken' state.
2026-07-08 13:15:20,818 [ERROR] from com.jpro.JS in JavaFX Application Thread - received msg: unexpected error: scala.scalajs.js.JavaScriptException: InvalidStateError: Failed to execute 'drawImage' on 'CanvasRenderingContext2D': The HTMLImageElement provided is in the 'broken' state.
2026-07-08 13:15:20,818 [ERROR] from com.jpro.JS in JavaFX Application Thread - received msg: unexpected error: scala.scalajs.js.JavaScriptException: InvalidStateError: Failed to execute 'drawImage' on 'CanvasRenderingContext2D': The HTMLImageElement provided is in the 'broken' state.
2026-07-08 13:15:21,041 [ERROR] from com.jpro.JS in JavaFX Application Thread - received msg: unexpected error: scala.scalajs.js.JavaScriptException: InvalidStateError: Failed to execute 'drawImage' on 'CanvasRenderingContext2D': The HTMLImageElement provided is in the 'broken' state.
2026-07-08 13:15:21,274 [ERROR] from com.jpro.JS in JavaFX Application Thread - received msg: unexpected error: scala.scalajs.js.JavaScriptException: InvalidStateError: Failed to execute 'drawImage' on 'CanvasRenderingContext2D': The HTMLImageElement provided is in the 'broken' state.
2026-07-08 13:15:21,480 [ERROR] from com.jpro.JS in JavaFX Application Thread - received msg: unexpected error: scala.scalajs.js.JavaScriptException: InvalidStateError: Failed to execute 'drawImage' on 'CanvasRenderingContext2D': The HTMLImageElement provided is in the 'broken' state.
2026-07-08 13:15:44,852 [ERROR] from play.api.http.DefaultHttpErrorHandler in application-akka.actor.default-dispatcher-17 - 

! @8e19e272l - Internal server error, for (GET) [/app/default/resourcesencoded/cp:/picture/title.png] ->
 
play.api.UnexpectedException: Unexpected exception[MalformedURLException: unknown protocol: cp]
	at play.api.http.HttpErrorHandlerExceptions$.throwableToUsefulException(HttpErrorHandler.scala:358)
	at play.api.http.DefaultHttpErrorHandler.onServerError(HttpErrorHandler.scala:264)
	at play.core.server.AkkaHttpServer$$anonfun$2.applyOrElse(AkkaHttpServer.scala:430)
	at play.core.server.AkkaHttpServer$$anonfun$2.applyOrElse(AkkaHttpServer.scala:422)
	at scala.concurrent.Future.$anonfun$recoverWith$1(Future.scala:417)
	at scala.concurrent.impl.Promise.$anonfun$transformWith$1(Promise.scala:41)
	at scala.concurrent.impl.CallbackRunnable.run(Promise.scala:64)
	at akka.dispatch.BatchingExecutor$AbstractBatch.processBatch(BatchingExecutor.scala:63)
	at akka.dispatch.BatchingExecutor$BlockableBatch.$anonfun$run$1(BatchingExecutor.scala:100)
	at scala.runtime.java8.JFunction0$mcV$sp.apply(JFunction0$mcV$sp.java:23)
	at scala.concurrent.BlockContext$.withBlockContext(BlockContext.scala:85)
	at akka.dispatch.BatchingExecutor$BlockableBatch.run(BatchingExecutor.scala:100)
	at akka.dispatch.TaskInvocation.run(AbstractDispatcher.scala:49)
	at akka.dispatch.ForkJoinExecutorConfigurator$AkkaForkJoinTask.exec(ForkJoinExecutorConfigurator.scala:48)
	at java.base/java.util.concurrent.ForkJoinTask.doExec(ForkJoinTask.java:373)
	at java.base/java.util.concurrent.ForkJoinPool$WorkQueue.topLevelExec(ForkJoinPool.java:1182)
	at java.base/java.util.concurrent.ForkJoinPool.scan(ForkJoinPool.java:1655)
	at java.base/java.util.concurrent.ForkJoinPool.runWorker(ForkJoinPool.java:1622)
	at java.base/java.util.concurrent.ForkJoinWorkerThread.run(ForkJoinWorkerThread.java:165)
Caused by: java.net.MalformedURLException: unknown protocol: cp
	at java.base/java.net.URL.<init>(URL.java:681)
	at java.base/java.net.URL.<init>(URL.java:569)
	at java.base/java.net.URL.<init>(URL.java:516)
	at controllers.jpro.$anonfun$genURL$1(jpro.scala:365)
	at scala.Function1.$anonfun$andThen$1(Function1.scala:57)
	at play.api.mvc.ActionBuilderImpl.invokeBlock(Action.scala:441)
	at play.api.mvc.ActionBuilderImpl.invokeBlock(Action.scala:439)
	at play.api.mvc.ActionBuilder$$anon$9.apply(Action.scala:379)
	at play.api.mvc.Action.$anonfun$apply$4(Action.scala:82)
	at play.api.libs.streams.StrictAccumulator.$anonfun$mapFuture$4(Accumulator.scala:168)
	at scala.util.Try$.apply(Try.scala:213)
	at play.api.libs.streams.StrictAccumulator.$anonfun$mapFuture$3(Accumulator.scala:168)
	at scala.Function1.$anonfun$andThen$1(Function1.scala:57)
	at scala.Function1.$anonfun$andThen$1(Function1.scala:57)
	at scala.Function1.$anonfun$andThen$1(Function1.scala:57)
	at play.api.libs.streams.StrictAccumulator.run(Accumulator.scala:199)
	at play.core.server.AkkaHttpServer.$anonfun$runAction$4(AkkaHttpServer.scala:417)
	at akka.http.scaladsl.util.FastFuture$.strictTransform$1(FastFuture.scala:41)
	at akka.http.scaladsl.util.FastFuture$.$anonfun$transformWith$3(FastFuture.scala:51)
	... 13 common frames omitted
2026-07-08 13:15:58,271 [ERROR] from play.api.http.DefaultHttpErrorHandler in application-akka.actor.default-dispatcher-27 - 

! @8e19e30oo - Internal server error, for (GET) [/app/default/resourcesencoded/cp:/picture/background.png] ->
 
play.api.UnexpectedException: Unexpected exception[MalformedURLException: unknown protocol: cp]
	at play.api.http.HttpErrorHandlerExceptions$.throwableToUsefulException(HttpErrorHandler.scala:358)
	at play.api.http.DefaultHttpErrorHandler.onServerError(HttpErrorHandler.scala:264)
	at play.core.server.AkkaHttpServer$$anonfun$2.applyOrElse(AkkaHttpServer.scala:430)
	at play.core.server.AkkaHttpServer$$anonfun$2.applyOrElse(AkkaHttpServer.scala:422)
	at scala.concurrent.Future.$anonfun$recoverWith$1(Future.scala:417)
	at scala.concurrent.impl.Promise.$anonfun$transformWith$1(Promise.scala:41)
	at scala.concurrent.impl.CallbackRunnable.run(Promise.scala:64)
	at akka.dispatch.BatchingExecutor$AbstractBatch.processBatch(BatchingExecutor.scala:63)
	at akka.dispatch.BatchingExecutor$BlockableBatch.$anonfun$run$1(BatchingExecutor.scala:100)
	at scala.runtime.java8.JFunction0$mcV$sp.apply(JFunction0$mcV$sp.java:23)
	at scala.concurrent.BlockContext$.withBlockContext(BlockContext.scala:85)
	at akka.dispatch.BatchingExecutor$BlockableBatch.run(BatchingExecutor.scala:100)
	at akka.dispatch.TaskInvocation.run(AbstractDispatcher.scala:49)
	at akka.dispatch.ForkJoinExecutorConfigurator$AkkaForkJoinTask.exec(ForkJoinExecutorConfigurator.scala:48)
	at java.base/java.util.concurrent.ForkJoinTask.doExec(ForkJoinTask.java:373)
	at java.base/java.util.concurrent.ForkJoinPool$WorkQueue.topLevelExec(ForkJoinPool.java:1182)
	at java.base/java.util.concurrent.ForkJoinPool.scan(ForkJoinPool.java:1655)
	at java.base/java.util.concurrent.ForkJoinPool.runWorker(ForkJoinPool.java:1622)
	at java.base/java.util.concurrent.ForkJoinWorkerThread.run(ForkJoinWorkerThread.java:165)
Caused by: java.net.MalformedURLException: unknown protocol: cp
	at java.base/java.net.URL.<init>(URL.java:681)
	at java.base/java.net.URL.<init>(URL.java:569)
	at java.base/java.net.URL.<init>(URL.java:516)
	at controllers.jpro.$anonfun$genURL$1(jpro.scala:365)
	at scala.Function1.$anonfun$andThen$1(Function1.scala:57)
	at play.api.mvc.ActionBuilderImpl.invokeBlock(Action.scala:441)
	at play.api.mvc.ActionBuilderImpl.invokeBlock(Action.scala:439)
	at play.api.mvc.ActionBuilder$$anon$9.apply(Action.scala:379)
	at play.api.mvc.Action.$anonfun$apply$4(Action.scala:82)
	at play.api.libs.streams.StrictAccumulator.$anonfun$mapFuture$4(Accumulator.scala:168)
	at scala.util.Try$.apply(Try.scala:213)
	at play.api.libs.streams.StrictAccumulator.$anonfun$mapFuture$3(Accumulator.scala:168)
	at scala.Function1.$anonfun$andThen$1(Function1.scala:57)
	at scala.Function1.$anonfun$andThen$1(Function1.scala:57)
	at scala.Function1.$anonfun$andThen$1(Function1.scala:57)
	at play.api.libs.streams.StrictAccumulator.run(Accumulator.scala:199)
	at play.core.server.AkkaHttpServer.$anonfun$runAction$4(AkkaHttpServer.scala:417)
	at akka.http.scaladsl.util.FastFuture$.strictTransform$1(FastFuture.scala:41)
	at akka.http.scaladsl.util.FastFuture$.$anonfun$transformWith$3(FastFuture.scala:51)
	... 13 common frames omitted
2026-07-08 13:16:05,494 [ERROR] from play.api.http.DefaultHttpErrorHandler in application-akka.actor.default-dispatcher-19 - 

! @8e19e3bgj - Internal server error, for (GET) [/app/default/resourcesencoded/cp:/picture/background.png] ->
 
play.api.UnexpectedException: Unexpected exception[MalformedURLException: unknown protocol: cp]
	at play.api.http.HttpErrorHandlerExceptions$.throwableToUsefulException(HttpErrorHandler.scala:358)
	at play.api.http.DefaultHttpErrorHandler.onServerError(HttpErrorHandler.scala:264)
	at play.core.server.AkkaHttpServer$$anonfun$2.applyOrElse(AkkaHttpServer.scala:430)
	at play.core.server.AkkaHttpServer$$anonfun$2.applyOrElse(AkkaHttpServer.scala:422)
	at scala.concurrent.Future.$anonfun$recoverWith$1(Future.scala:417)
	at scala.concurrent.impl.Promise.$anonfun$transformWith$1(Promise.scala:41)
	at scala.concurrent.impl.CallbackRunnable.run(Promise.scala:64)
	at akka.dispatch.BatchingExecutor$AbstractBatch.processBatch(BatchingExecutor.scala:63)
	at akka.dispatch.BatchingExecutor$BlockableBatch.$anonfun$run$1(BatchingExecutor.scala:100)
	at scala.runtime.java8.JFunction0$mcV$sp.apply(JFunction0$mcV$sp.java:23)
	at scala.concurrent.BlockContext$.withBlockContext(BlockContext.scala:85)
	at akka.dispatch.BatchingExecutor$BlockableBatch.run(BatchingExecutor.scala:100)
	at akka.dispatch.TaskInvocation.run(AbstractDispatcher.scala:49)
	at akka.dispatch.ForkJoinExecutorConfigurator$AkkaForkJoinTask.exec(ForkJoinExecutorConfigurator.scala:48)
	at java.base/java.util.concurrent.ForkJoinTask.doExec(ForkJoinTask.java:373)
	at java.base/java.util.concurrent.ForkJoinPool$WorkQueue.topLevelExec(ForkJoinPool.java:1182)
	at java.base/java.util.concurrent.ForkJoinPool.scan(ForkJoinPool.java:1655)
	at java.base/java.util.concurrent.ForkJoinPool.runWorker(ForkJoinPool.java:1622)
	at java.base/java.util.concurrent.ForkJoinWorkerThread.run(ForkJoinWorkerThread.java:165)
Caused by: java.net.MalformedURLException: unknown protocol: cp
	at java.base/java.net.URL.<init>(URL.java:681)
	at java.base/java.net.URL.<init>(URL.java:569)
	at java.base/java.net.URL.<init>(URL.java:516)
	at controllers.jpro.$anonfun$genURL$1(jpro.scala:365)
	at scala.Function1.$anonfun$andThen$1(Function1.scala:57)
	at play.api.mvc.ActionBuilderImpl.invokeBlock(Action.scala:441)
	at play.api.mvc.ActionBuilderImpl.invokeBlock(Action.scala:439)
	at play.api.mvc.ActionBuilder$$anon$9.apply(Action.scala:379)
	at play.api.mvc.Action.$anonfun$apply$4(Action.scala:82)
	at play.api.libs.streams.StrictAccumulator.$anonfun$mapFuture$4(Accumulator.scala:168)
	at scala.util.Try$.apply(Try.scala:213)
	at play.api.libs.streams.StrictAccumulator.$anonfun$mapFuture$3(Accumulator.scala:168)
	at scala.Function1.$anonfun$andThen$1(Function1.scala:57)
	at scala.Function1.$anonfun$andThen$1(Function1.scala:57)
	at scala.Function1.$anonfun$andThen$1(Function1.scala:57)
	at play.api.libs.streams.StrictAccumulator.run(Accumulator.scala:199)
	at play.core.server.AkkaHttpServer.$anonfun$runAction$4(AkkaHttpServer.scala:417)
	at akka.http.scaladsl.util.FastFuture$.strictTransform$1(FastFuture.scala:41)
	at akka.http.scaladsl.util.FastFuture$.$anonfun$transformWith$3(FastFuture.scala:51)
	... 13 common frames omitted
2026-07-08 13:16:23,856 [ERROR] from play.api.http.DefaultHttpErrorHandler in application-akka.actor.default-dispatcher-9 - 

! @8e19e4ckp - Internal server error, for (GET) [/app/default/resourcesencoded/cp:/picture/title.png] ->
 
play.api.UnexpectedException: Unexpected exception[MalformedURLException: unknown protocol: cp]
	at play.api.http.HttpErrorHandlerExceptions$.throwableToUsefulException(HttpErrorHandler.scala:358)
	at play.api.http.DefaultHttpErrorHandler.onServerError(HttpErrorHandler.scala:264)
	at play.core.server.AkkaHttpServer$$anonfun$2.applyOrElse(AkkaHttpServer.scala:430)
	at play.core.server.AkkaHttpServer$$anonfun$2.applyOrElse(AkkaHttpServer.scala:422)
	at scala.concurrent.Future.$anonfun$recoverWith$1(Future.scala:417)
	at scala.concurrent.impl.Promise.$anonfun$transformWith$1(Promise.scala:41)
	at scala.concurrent.impl.CallbackRunnable.run(Promise.scala:64)
	at akka.dispatch.BatchingExecutor$AbstractBatch.processBatch(BatchingExecutor.scala:63)
	at akka.dispatch.BatchingExecutor$BlockableBatch.$anonfun$run$1(BatchingExecutor.scala:100)
	at scala.runtime.java8.JFunction0$mcV$sp.apply(JFunction0$mcV$sp.java:23)
	at scala.concurrent.BlockContext$.withBlockContext(BlockContext.scala:85)
	at akka.dispatch.BatchingExecutor$BlockableBatch.run(BatchingExecutor.scala:100)
	at akka.dispatch.TaskInvocation.run(AbstractDispatcher.scala:49)
	at akka.dispatch.ForkJoinExecutorConfigurator$AkkaForkJoinTask.exec(ForkJoinExecutorConfigurator.scala:48)
	at java.base/java.util.concurrent.ForkJoinTask.doExec(ForkJoinTask.java:373)
	at java.base/java.util.concurrent.ForkJoinPool$WorkQueue.topLevelExec(ForkJoinPool.java:1182)
	at java.base/java.util.concurrent.ForkJoinPool.scan(ForkJoinPool.java:1655)
	at java.base/java.util.concurrent.ForkJoinPool.runWorker(ForkJoinPool.java:1622)
	at java.base/java.util.concurrent.ForkJoinWorkerThread.run(ForkJoinWorkerThread.java:165)
Caused by: java.net.MalformedURLException: unknown protocol: cp
	at java.base/java.net.URL.<init>(URL.java:681)
	at java.base/java.net.URL.<init>(URL.java:569)
	at java.base/java.net.URL.<init>(URL.java:516)
	at controllers.jpro.$anonfun$genURL$1(jpro.scala:365)
	at scala.Function1.$anonfun$andThen$1(Function1.scala:57)
	at play.api.mvc.ActionBuilderImpl.invokeBlock(Action.scala:441)
	at play.api.mvc.ActionBuilderImpl.invokeBlock(Action.scala:439)
	at play.api.mvc.ActionBuilder$$anon$9.apply(Action.scala:379)
	at play.api.mvc.Action.$anonfun$apply$4(Action.scala:82)
	at play.api.libs.streams.StrictAccumulator.$anonfun$mapFuture$4(Accumulator.scala:168)
	at scala.util.Try$.apply(Try.scala:213)
	at play.api.libs.streams.StrictAccumulator.$anonfun$mapFuture$3(Accumulator.scala:168)
	at scala.Function1.$anonfun$andThen$1(Function1.scala:57)
	at scala.Function1.$anonfun$andThen$1(Function1.scala:57)
	at scala.Function1.$anonfun$andThen$1(Function1.scala:57)
	at play.api.libs.streams.StrictAccumulator.run(Accumulator.scala:199)
	at play.core.server.AkkaHttpServer.$anonfun$runAction$4(AkkaHttpServer.scala:417)
	at akka.http.scaladsl.util.FastFuture$.strictTransform$1(FastFuture.scala:41)
	at akka.http.scaladsl.util.FastFuture$.$anonfun$transformWith$3(FastFuture.scala:51)
	... 13 common frames omitted
2026-07-08 13:16:45,216 [ERROR] from play.api.http.DefaultHttpErrorHandler in application-akka.actor.default-dispatcher-12 - 

! @8e19e5iad - Internal server error, for (GET) [/app/default/resourcesencoded/cp:/picture/background.png] ->
 
play.api.UnexpectedException: Unexpected exception[MalformedURLException: unknown protocol: cp]
	at play.api.http.HttpErrorHandlerExceptions$.throwableToUsefulException(HttpErrorHandler.scala:358)
	at play.api.http.DefaultHttpErrorHandler.onServerError(HttpErrorHandler.scala:264)
	at play.core.server.AkkaHttpServer$$anonfun$2.applyOrElse(AkkaHttpServer.scala:430)
	at play.core.server.AkkaHttpServer$$anonfun$2.applyOrElse(AkkaHttpServer.scala:422)
	at scala.concurrent.Future.$anonfun$recoverWith$1(Future.scala:417)
	at scala.concurrent.impl.Promise.$anonfun$transformWith$1(Promise.scala:41)
	at scala.concurrent.impl.CallbackRunnable.run(Promise.scala:64)
	at akka.dispatch.BatchingExecutor$AbstractBatch.processBatch(BatchingExecutor.scala:63)
	at akka.dispatch.BatchingExecutor$BlockableBatch.$anonfun$run$1(BatchingExecutor.scala:100)
	at scala.runtime.java8.JFunction0$mcV$sp.apply(JFunction0$mcV$sp.java:23)
	at scala.concurrent.BlockContext$.withBlockContext(BlockContext.scala:85)
	at akka.dispatch.BatchingExecutor$BlockableBatch.run(BatchingExecutor.scala:100)
	at akka.dispatch.TaskInvocation.run(AbstractDispatcher.scala:49)
	at akka.dispatch.ForkJoinExecutorConfigurator$AkkaForkJoinTask.exec(ForkJoinExecutorConfigurator.scala:48)
	at java.base/java.util.concurrent.ForkJoinTask.doExec(ForkJoinTask.java:373)
	at java.base/java.util.concurrent.ForkJoinPool$WorkQueue.topLevelExec(ForkJoinPool.java:1182)
	at java.base/java.util.concurrent.ForkJoinPool.scan(ForkJoinPool.java:1655)
	at java.base/java.util.concurrent.ForkJoinPool.runWorker(ForkJoinPool.java:1622)
	at java.base/java.util.concurrent.ForkJoinWorkerThread.run(ForkJoinWorkerThread.java:165)
Caused by: java.net.MalformedURLException: unknown protocol: cp
	at java.base/java.net.URL.<init>(URL.java:681)
	at java.base/java.net.URL.<init>(URL.java:569)
	at java.base/java.net.URL.<init>(URL.java:516)
	at controllers.jpro.$anonfun$genURL$1(jpro.scala:365)
	at scala.Function1.$anonfun$andThen$1(Function1.scala:57)
	at play.api.mvc.ActionBuilderImpl.invokeBlock(Action.scala:441)
	at play.api.mvc.ActionBuilderImpl.invokeBlock(Action.scala:439)
	at play.api.mvc.ActionBuilder$$anon$9.apply(Action.scala:379)
	at play.api.mvc.Action.$anonfun$apply$4(Action.scala:82)
	at play.api.libs.streams.StrictAccumulator.$anonfun$mapFuture$4(Accumulator.scala:168)
	at scala.util.Try$.apply(Try.scala:213)
	at play.api.libs.streams.StrictAccumulator.$anonfun$mapFuture$3(Accumulator.scala:168)
	at scala.Function1.$anonfun$andThen$1(Function1.scala:57)
	at scala.Function1.$anonfun$andThen$1(Function1.scala:57)
	at scala.Function1.$anonfun$andThen$1(Function1.scala:57)
	at play.api.libs.streams.StrictAccumulator.run(Accumulator.scala:199)
	at play.core.server.AkkaHttpServer.$anonfun$runAction$4(AkkaHttpServer.scala:417)
	at akka.http.scaladsl.util.FastFuture$.strictTransform$1(FastFuture.scala:41)
	at akka.http.scaladsl.util.FastFuture$.$anonfun$transformWith$3(FastFuture.scala:51)
	... 13 common frames omitted
2026-07-08 13:16:46,646 [ERROR] from play.api.http.DefaultHttpErrorHandler in application-akka.actor.default-dispatcher-11 - 

! @8e19e5kdc - Internal server error, for (GET) [/app/default/resourcesencoded/cp:/picture/background.png] ->
 
play.api.UnexpectedException: Unexpected exception[MalformedURLException: unknown protocol: cp]
	at play.api.http.HttpErrorHandlerExceptions$.throwableToUsefulException(HttpErrorHandler.scala:358)
	at play.api.http.DefaultHttpErrorHandler.onServerError(HttpErrorHandler.scala:264)
	at play.core.server.AkkaHttpServer$$anonfun$2.applyOrElse(AkkaHttpServer.scala:430)
	at play.core.server.AkkaHttpServer$$anonfun$2.applyOrElse(AkkaHttpServer.scala:422)
	at scala.concurrent.Future.$anonfun$recoverWith$1(Future.scala:417)
	at scala.concurrent.impl.Promise.$anonfun$transformWith$1(Promise.scala:41)
	at scala.concurrent.impl.CallbackRunnable.run(Promise.scala:64)
	at akka.dispatch.BatchingExecutor$AbstractBatch.processBatch(BatchingExecutor.scala:63)
	at akka.dispatch.BatchingExecutor$BlockableBatch.$anonfun$run$1(BatchingExecutor.scala:100)
	at scala.runtime.java8.JFunction0$mcV$sp.apply(JFunction0$mcV$sp.java:23)
	at scala.concurrent.BlockContext$.withBlockContext(BlockContext.scala:85)
	at akka.dispatch.BatchingExecutor$BlockableBatch.run(BatchingExecutor.scala:100)
	at akka.dispatch.TaskInvocation.run(AbstractDispatcher.scala:49)
	at akka.dispatch.ForkJoinExecutorConfigurator$AkkaForkJoinTask.exec(ForkJoinExecutorConfigurator.scala:48)
	at java.base/java.util.concurrent.ForkJoinTask.doExec(ForkJoinTask.java:373)
	at java.base/java.util.concurrent.ForkJoinPool$WorkQueue.topLevelExec(ForkJoinPool.java:1182)
	at java.base/java.util.concurrent.ForkJoinPool.scan(ForkJoinPool.java:1655)
	at java.base/java.util.concurrent.ForkJoinPool.runWorker(ForkJoinPool.java:1622)
	at java.base/java.util.concurrent.ForkJoinWorkerThread.run(ForkJoinWorkerThread.java:165)
Caused by: java.net.MalformedURLException: unknown protocol: cp
	at java.base/java.net.URL.<init>(URL.java:681)
	at java.base/java.net.URL.<init>(URL.java:569)
	at java.base/java.net.URL.<init>(URL.java:516)
	at controllers.jpro.$anonfun$genURL$1(jpro.scala:365)
	at scala.Function1.$anonfun$andThen$1(Function1.scala:57)
	at play.api.mvc.ActionBuilderImpl.invokeBlock(Action.scala:441)
	at play.api.mvc.ActionBuilderImpl.invokeBlock(Action.scala:439)
	at play.api.mvc.ActionBuilder$$anon$9.apply(Action.scala:379)
	at play.api.mvc.Action.$anonfun$apply$4(Action.scala:82)
	at play.api.libs.streams.StrictAccumulator.$anonfun$mapFuture$4(Accumulator.scala:168)
	at scala.util.Try$.apply(Try.scala:213)
	at play.api.libs.streams.StrictAccumulator.$anonfun$mapFuture$3(Accumulator.scala:168)
	at scala.Function1.$anonfun$andThen$1(Function1.scala:57)
	at scala.Function1.$anonfun$andThen$1(Function1.scala:57)
	at scala.Function1.$anonfun$andThen$1(Function1.scala:57)
	at play.api.libs.streams.StrictAccumulator.run(Accumulator.scala:199)
	at play.core.server.AkkaHttpServer.$anonfun$runAction$4(AkkaHttpServer.scala:417)
	at akka.http.scaladsl.util.FastFuture$.strictTransform$1(FastFuture.scala:41)
	at akka.http.scaladsl.util.FastFuture$.$anonfun$transformWith$3(FastFuture.scala:51)
	... 13 common frames omitted
2026-07-08 13:16:47,050 [ERROR] from play.api.http.DefaultHttpErrorHandler in application-akka.actor.default-dispatcher-23 - 

! @8e19e5l31 - Internal server error, for (GET) [/app/default/resourcesencoded/cp:/picture/background.png] ->
 
play.api.UnexpectedException: Unexpected exception[MalformedURLException: unknown protocol: cp]
	at play.api.http.HttpErrorHandlerExceptions$.throwableToUsefulException(HttpErrorHandler.scala:358)
	at play.api.http.DefaultHttpErrorHandler.onServerError(HttpErrorHandler.scala:264)
	at play.core.server.AkkaHttpServer$$anonfun$2.applyOrElse(AkkaHttpServer.scala:430)
	at play.core.server.AkkaHttpServer$$anonfun$2.applyOrElse(AkkaHttpServer.scala:422)
	at scala.concurrent.Future.$anonfun$recoverWith$1(Future.scala:417)
	at scala.concurrent.impl.Promise.$anonfun$transformWith$1(Promise.scala:41)
	at scala.concurrent.impl.CallbackRunnable.run(Promise.scala:64)
	at akka.dispatch.BatchingExecutor$AbstractBatch.processBatch(BatchingExecutor.scala:63)
	at akka.dispatch.BatchingExecutor$BlockableBatch.$anonfun$run$1(BatchingExecutor.scala:100)
	at scala.runtime.java8.JFunction0$mcV$sp.apply(JFunction0$mcV$sp.java:23)
	at scala.concurrent.BlockContext$.withBlockContext(BlockContext.scala:85)
	at akka.dispatch.BatchingExecutor$BlockableBatch.run(BatchingExecutor.scala:100)
	at akka.dispatch.TaskInvocation.run(AbstractDispatcher.scala:49)
	at akka.dispatch.ForkJoinExecutorConfigurator$AkkaForkJoinTask.exec(ForkJoinExecutorConfigurator.scala:48)
	at java.base/java.util.concurrent.ForkJoinTask.doExec(ForkJoinTask.java:373)
	at java.base/java.util.concurrent.ForkJoinPool$WorkQueue.topLevelExec(ForkJoinPool.java:1182)
	at java.base/java.util.concurrent.ForkJoinPool.scan(ForkJoinPool.java:1655)
	at java.base/java.util.concurrent.ForkJoinPool.runWorker(ForkJoinPool.java:1622)
	at java.base/java.util.concurrent.ForkJoinWorkerThread.run(ForkJoinWorkerThread.java:165)
Caused by: java.net.MalformedURLException: unknown protocol: cp
	at java.base/java.net.URL.<init>(URL.java:681)
	at java.base/java.net.URL.<init>(URL.java:569)
	at java.base/java.net.URL.<init>(URL.java:516)
	at controllers.jpro.$anonfun$genURL$1(jpro.scala:365)
	at scala.Function1.$anonfun$andThen$1(Function1.scala:57)
	at play.api.mvc.ActionBuilderImpl.invokeBlock(Action.scala:441)
	at play.api.mvc.ActionBuilderImpl.invokeBlock(Action.scala:439)
	at play.api.mvc.ActionBuilder$$anon$9.apply(Action.scala:379)
	at play.api.mvc.Action.$anonfun$apply$4(Action.scala:82)
	at play.api.libs.streams.StrictAccumulator.$anonfun$mapFuture$4(Accumulator.scala:168)
	at scala.util.Try$.apply(Try.scala:213)
	at play.api.libs.streams.StrictAccumulator.$anonfun$mapFuture$3(Accumulator.scala:168)
	at scala.Function1.$anonfun$andThen$1(Function1.scala:57)
	at scala.Function1.$anonfun$andThen$1(Function1.scala:57)
	at scala.Function1.$anonfun$andThen$1(Function1.scala:57)
	at play.api.libs.streams.StrictAccumulator.run(Accumulator.scala:199)
	at play.core.server.AkkaHttpServer.$anonfun$runAction$4(AkkaHttpServer.scala:417)
	at akka.http.scaladsl.util.FastFuture$.strictTransform$1(FastFuture.scala:41)
	at akka.http.scaladsl.util.FastFuture$.$anonfun$transformWith$3(FastFuture.scala:51)
	... 13 common frames omitted
2026-07-08 13:16:47,492 [ERROR] from play.api.http.DefaultHttpErrorHandler in application-akka.actor.default-dispatcher-11 - 

! @8e19e5lk1 - Internal server error, for (GET) [/app/default/resourcesencoded/cp:/picture/background.png] ->
 
play.api.UnexpectedException: Unexpected exception[MalformedURLException: unknown protocol: cp]
	at play.api.http.HttpErrorHandlerExceptions$.throwableToUsefulException(HttpErrorHandler.scala:358)
	at play.api.http.DefaultHttpErrorHandler.onServerError(HttpErrorHandler.scala:264)
	at play.core.server.AkkaHttpServer$$anonfun$2.applyOrElse(AkkaHttpServer.scala:430)
	at play.core.server.AkkaHttpServer$$anonfun$2.applyOrElse(AkkaHttpServer.scala:422)
	at scala.concurrent.Future.$anonfun$recoverWith$1(Future.scala:417)
	at scala.concurrent.impl.Promise.$anonfun$transformWith$1(Promise.scala:41)
	at scala.concurrent.impl.CallbackRunnable.run(Promise.scala:64)
	at akka.dispatch.BatchingExecutor$AbstractBatch.processBatch(BatchingExecutor.scala:63)
	at akka.dispatch.BatchingExecutor$BlockableBatch.$anonfun$run$1(BatchingExecutor.scala:100)
	at scala.runtime.java8.JFunction0$mcV$sp.apply(JFunction0$mcV$sp.java:23)
	at scala.concurrent.BlockContext$.withBlockContext(BlockContext.scala:85)
	at akka.dispatch.BatchingExecutor$BlockableBatch.run(BatchingExecutor.scala:100)
	at akka.dispatch.TaskInvocation.run(AbstractDispatcher.scala:49)
	at akka.dispatch.ForkJoinExecutorConfigurator$AkkaForkJoinTask.exec(ForkJoinExecutorConfigurator.scala:48)
	at java.base/java.util.concurrent.ForkJoinTask.doExec(ForkJoinTask.java:373)
	at java.base/java.util.concurrent.ForkJoinPool$WorkQueue.topLevelExec(ForkJoinPool.java:1182)
	at java.base/java.util.concurrent.ForkJoinPool.scan(ForkJoinPool.java:1655)
	at java.base/java.util.concurrent.ForkJoinPool.runWorker(ForkJoinPool.java:1622)
	at java.base/java.util.concurrent.ForkJoinWorkerThread.run(ForkJoinWorkerThread.java:165)
Caused by: java.net.MalformedURLException: unknown protocol: cp
	at java.base/java.net.URL.<init>(URL.java:681)
	at java.base/java.net.URL.<init>(URL.java:569)
	at java.base/java.net.URL.<init>(URL.java:516)
	at controllers.jpro.$anonfun$genURL$1(jpro.scala:365)
	at scala.Function1.$anonfun$andThen$1(Function1.scala:57)
	at play.api.mvc.ActionBuilderImpl.invokeBlock(Action.scala:441)
	at play.api.mvc.ActionBuilderImpl.invokeBlock(Action.scala:439)
	at play.api.mvc.ActionBuilder$$anon$9.apply(Action.scala:379)
	at play.api.mvc.Action.$anonfun$apply$4(Action.scala:82)
	at play.api.libs.streams.StrictAccumulator.$anonfun$mapFuture$4(Accumulator.scala:168)
	at scala.util.Try$.apply(Try.scala:213)
	at play.api.libs.streams.StrictAccumulator.$anonfun$mapFuture$3(Accumulator.scala:168)
	at scala.Function1.$anonfun$andThen$1(Function1.scala:57)
	at scala.Function1.$anonfun$andThen$1(Function1.scala:57)
	at scala.Function1.$anonfun$andThen$1(Function1.scala:57)
	at play.api.libs.streams.StrictAccumulator.run(Accumulator.scala:199)
	at play.core.server.AkkaHttpServer.$anonfun$runAction$4(AkkaHttpServer.scala:417)
	at akka.http.scaladsl.util.FastFuture$.strictTransform$1(FastFuture.scala:41)
	at akka.http.scaladsl.util.FastFuture$.$anonfun$transformWith$3(FastFuture.scala:51)
	... 13 common frames omitted
2026-07-08 13:16:47,977 [ERROR] from play.api.http.DefaultHttpErrorHandler in application-akka.actor.default-dispatcher-12 - 

! @8e19e5mci - Internal server error, for (GET) [/app/default/resourcesencoded/cp:/picture/background.png] ->
 
play.api.UnexpectedException: Unexpected exception[MalformedURLException: unknown protocol: cp]
	at play.api.http.HttpErrorHandlerExceptions$.throwableToUsefulException(HttpErrorHandler.scala:358)
	at play.api.http.DefaultHttpErrorHandler.onServerError(HttpErrorHandler.scala:264)
	at play.core.server.AkkaHttpServer$$anonfun$2.applyOrElse(AkkaHttpServer.scala:430)
	at play.core.server.AkkaHttpServer$$anonfun$2.applyOrElse(AkkaHttpServer.scala:422)
	at scala.concurrent.Future.$anonfun$recoverWith$1(Future.scala:417)
	at scala.concurrent.impl.Promise.$anonfun$transformWith$1(Promise.scala:41)
	at scala.concurrent.impl.CallbackRunnable.run(Promise.scala:64)
	at akka.dispatch.BatchingExecutor$AbstractBatch.processBatch(BatchingExecutor.scala:63)
	at akka.dispatch.BatchingExecutor$BlockableBatch.$anonfun$run$1(BatchingExecutor.scala:100)
	at scala.runtime.java8.JFunction0$mcV$sp.apply(JFunction0$mcV$sp.java:23)
	at scala.concurrent.BlockContext$.withBlockContext(BlockContext.scala:85)
	at akka.dispatch.BatchingExecutor$BlockableBatch.run(BatchingExecutor.scala:100)
	at akka.dispatch.TaskInvocation.run(AbstractDispatcher.scala:49)
	at akka.dispatch.ForkJoinExecutorConfigurator$AkkaForkJoinTask.exec(ForkJoinExecutorConfigurator.scala:48)
	at java.base/java.util.concurrent.ForkJoinTask.doExec(ForkJoinTask.java:373)
	at java.base/java.util.concurrent.ForkJoinPool$WorkQueue.topLevelExec(ForkJoinPool.java:1182)
	at java.base/java.util.concurrent.ForkJoinPool.scan(ForkJoinPool.java:1655)
	at java.base/java.util.concurrent.ForkJoinPool.runWorker(ForkJoinPool.java:1622)
	at java.base/java.util.concurrent.ForkJoinWorkerThread.run(ForkJoinWorkerThread.java:165)
Caused by: java.net.MalformedURLException: unknown protocol: cp
	at java.base/java.net.URL.<init>(URL.java:681)
	at java.base/java.net.URL.<init>(URL.java:569)
	at java.base/java.net.URL.<init>(URL.java:516)
	at controllers.jpro.$anonfun$genURL$1(jpro.scala:365)
	at scala.Function1.$anonfun$andThen$1(Function1.scala:57)
	at play.api.mvc.ActionBuilderImpl.invokeBlock(Action.scala:441)
	at play.api.mvc.ActionBuilderImpl.invokeBlock(Action.scala:439)
	at play.api.mvc.ActionBuilder$$anon$9.apply(Action.scala:379)
	at play.api.mvc.Action.$anonfun$apply$4(Action.scala:82)
	at play.api.libs.streams.StrictAccumulator.$anonfun$mapFuture$4(Accumulator.scala:168)
	at scala.util.Try$.apply(Try.scala:213)
	at play.api.libs.streams.StrictAccumulator.$anonfun$mapFuture$3(Accumulator.scala:168)
	at scala.Function1.$anonfun$andThen$1(Function1.scala:57)
	at scala.Function1.$anonfun$andThen$1(Function1.scala:57)
	at scala.Function1.$anonfun$andThen$1(Function1.scala:57)
	at play.api.libs.streams.StrictAccumulator.run(Accumulator.scala:199)
	at play.core.server.AkkaHttpServer.$anonfun$runAction$4(AkkaHttpServer.scala:417)
	at akka.http.scaladsl.util.FastFuture$.strictTransform$1(FastFuture.scala:41)
	at akka.http.scaladsl.util.FastFuture$.$anonfun$transformWith$3(FastFuture.scala:51)
	... 13 common frames omitted
2026-07-08 13:16:48,563 [ERROR] from play.api.http.DefaultHttpErrorHandler in application-akka.actor.default-dispatcher-11 - 

! @8e19e5n96 - Internal server error, for (GET) [/app/default/resourcesencoded/cp:/picture/background.png] ->
 
play.api.UnexpectedException: Unexpected exception[MalformedURLException: unknown protocol: cp]
	at play.api.http.HttpErrorHandlerExceptions$.throwableToUsefulException(HttpErrorHandler.scala:358)
	at play.api.http.DefaultHttpErrorHandler.onServerError(HttpErrorHandler.scala:264)
	at play.core.server.AkkaHttpServer$$anonfun$2.applyOrElse(AkkaHttpServer.scala:430)
	at play.core.server.AkkaHttpServer$$anonfun$2.applyOrElse(AkkaHttpServer.scala:422)
	at scala.concurrent.Future.$anonfun$recoverWith$1(Future.scala:417)
	at scala.concurrent.impl.Promise.$anonfun$transformWith$1(Promise.scala:41)
	at scala.concurrent.impl.CallbackRunnable.run(Promise.scala:64)
	at akka.dispatch.BatchingExecutor$AbstractBatch.processBatch(BatchingExecutor.scala:63)
	at akka.dispatch.BatchingExecutor$BlockableBatch.$anonfun$run$1(BatchingExecutor.scala:100)
	at scala.runtime.java8.JFunction0$mcV$sp.apply(JFunction0$mcV$sp.java:23)
	at scala.concurrent.BlockContext$.withBlockContext(BlockContext.scala:85)
	at akka.dispatch.BatchingExecutor$BlockableBatch.run(BatchingExecutor.scala:100)
	at akka.dispatch.TaskInvocation.run(AbstractDispatcher.scala:49)
	at akka.dispatch.ForkJoinExecutorConfigurator$AkkaForkJoinTask.exec(ForkJoinExecutorConfigurator.scala:48)
	at java.base/java.util.concurrent.ForkJoinTask.doExec(ForkJoinTask.java:373)
	at java.base/java.util.concurrent.ForkJoinPool$WorkQueue.topLevelExec(ForkJoinPool.java:1182)
	at java.base/java.util.concurrent.ForkJoinPool.scan(ForkJoinPool.java:1655)
	at java.base/java.util.concurrent.ForkJoinPool.runWorker(ForkJoinPool.java:1622)
	at java.base/java.util.concurrent.ForkJoinWorkerThread.run(ForkJoinWorkerThread.java:165)
Caused by: java.net.MalformedURLException: unknown protocol: cp
	at java.base/java.net.URL.<init>(URL.java:681)
	at java.base/java.net.URL.<init>(URL.java:569)
	at java.base/java.net.URL.<init>(URL.java:516)
	at controllers.jpro.$anonfun$genURL$1(jpro.scala:365)
	at scala.Function1.$anonfun$andThen$1(Function1.scala:57)
	at play.api.mvc.ActionBuilderImpl.invokeBlock(Action.scala:441)
	at play.api.mvc.ActionBuilderImpl.invokeBlock(Action.scala:439)
	at play.api.mvc.ActionBuilder$$anon$9.apply(Action.scala:379)
	at play.api.mvc.Action.$anonfun$apply$4(Action.scala:82)
	at play.api.libs.streams.StrictAccumulator.$anonfun$mapFuture$4(Accumulator.scala:168)
	at scala.util.Try$.apply(Try.scala:213)
	at play.api.libs.streams.StrictAccumulator.$anonfun$mapFuture$3(Accumulator.scala:168)
	at scala.Function1.$anonfun$andThen$1(Function1.scala:57)
	at scala.Function1.$anonfun$andThen$1(Function1.scala:57)
	at scala.Function1.$anonfun$andThen$1(Function1.scala:57)
	at play.api.libs.streams.StrictAccumulator.run(Accumulator.scala:199)
	at play.core.server.AkkaHttpServer.$anonfun$runAction$4(AkkaHttpServer.scala:417)
	at akka.http.scaladsl.util.FastFuture$.strictTransform$1(FastFuture.scala:41)
	at akka.http.scaladsl.util.FastFuture$.$anonfun$transformWith$3(FastFuture.scala:51)
	... 13 common frames omitted
2026-07-08 13:16:49,241 [ERROR] from play.api.http.DefaultHttpErrorHandler in application-akka.actor.default-dispatcher-11 - 

! @8e19e5o98 - Internal server error, for (GET) [/app/default/resourcesencoded/cp:/picture/background.png] ->
 
play.api.UnexpectedException: Unexpected exception[MalformedURLException: unknown protocol: cp]
	at play.api.http.HttpErrorHandlerExceptions$.throwableToUsefulException(HttpErrorHandler.scala:358)
	at play.api.http.DefaultHttpErrorHandler.onServerError(HttpErrorHandler.scala:264)
	at play.core.server.AkkaHttpServer$$anonfun$2.applyOrElse(AkkaHttpServer.scala:430)
	at play.core.server.AkkaHttpServer$$anonfun$2.applyOrElse(AkkaHttpServer.scala:422)
	at scala.concurrent.Future.$anonfun$recoverWith$1(Future.scala:417)
	at scala.concurrent.impl.Promise.$anonfun$transformWith$1(Promise.scala:41)
	at scala.concurrent.impl.CallbackRunnable.run(Promise.scala:64)
	at akka.dispatch.BatchingExecutor$AbstractBatch.processBatch(BatchingExecutor.scala:63)
	at akka.dispatch.BatchingExecutor$BlockableBatch.$anonfun$run$1(BatchingExecutor.scala:100)
	at scala.runtime.java8.JFunction0$mcV$sp.apply(JFunction0$mcV$sp.java:23)
	at scala.concurrent.BlockContext$.withBlockContext(BlockContext.scala:85)
	at akka.dispatch.BatchingExecutor$BlockableBatch.run(BatchingExecutor.scala:100)
	at akka.dispatch.TaskInvocation.run(AbstractDispatcher.scala:49)
	at akka.dispatch.ForkJoinExecutorConfigurator$AkkaForkJoinTask.exec(ForkJoinExecutorConfigurator.scala:48)
	at java.base/java.util.concurrent.ForkJoinTask.doExec(ForkJoinTask.java:373)
	at java.base/java.util.concurrent.ForkJoinPool$WorkQueue.topLevelExec(ForkJoinPool.java:1182)
	at java.base/java.util.concurrent.ForkJoinPool.scan(ForkJoinPool.java:1655)
	at java.base/java.util.concurrent.ForkJoinPool.runWorker(ForkJoinPool.java:1622)
	at java.base/java.util.concurrent.ForkJoinWorkerThread.run(ForkJoinWorkerThread.java:165)
Caused by: java.net.MalformedURLException: unknown protocol: cp
	at java.base/java.net.URL.<init>(URL.java:681)
	at java.base/java.net.URL.<init>(URL.java:569)
	at java.base/java.net.URL.<init>(URL.java:516)
	at controllers.jpro.$anonfun$genURL$1(jpro.scala:365)
	at scala.Function1.$anonfun$andThen$1(Function1.scala:57)
	at play.api.mvc.ActionBuilderImpl.invokeBlock(Action.scala:441)
	at play.api.mvc.ActionBuilderImpl.invokeBlock(Action.scala:439)
	at play.api.mvc.ActionBuilder$$anon$9.apply(Action.scala:379)
	at play.api.mvc.Action.$anonfun$apply$4(Action.scala:82)
	at play.api.libs.streams.StrictAccumulator.$anonfun$mapFuture$4(Accumulator.scala:168)
	at scala.util.Try$.apply(Try.scala:213)
	at play.api.libs.streams.StrictAccumulator.$anonfun$mapFuture$3(Accumulator.scala:168)
	at scala.Function1.$anonfun$andThen$1(Function1.scala:57)
	at scala.Function1.$anonfun$andThen$1(Function1.scala:57)
	at scala.Function1.$anonfun$andThen$1(Function1.scala:57)
	at play.api.libs.streams.StrictAccumulator.run(Accumulator.scala:199)
	at play.core.server.AkkaHttpServer.$anonfun$runAction$4(AkkaHttpServer.scala:417)
	at akka.http.scaladsl.util.FastFuture$.strictTransform$1(FastFuture.scala:41)
	at akka.http.scaladsl.util.FastFuture$.$anonfun$transformWith$3(FastFuture.scala:51)
	... 13 common frames omitted
2026-07-08 13:16:49,715 [ERROR] from play.api.http.DefaultHttpErrorHandler in application-akka.actor.default-dispatcher-19 - 

! @8e19e5p1e - Internal server error, for (GET) [/app/default/resourcesencoded/cp:/picture/background.png] ->
 
play.api.UnexpectedException: Unexpected exception[MalformedURLException: unknown protocol: cp]
	at play.api.http.HttpErrorHandlerExceptions$.throwableToUsefulException(HttpErrorHandler.scala:358)
	at play.api.http.DefaultHttpErrorHandler.onServerError(HttpErrorHandler.scala:264)
	at play.core.server.AkkaHttpServer$$anonfun$2.applyOrElse(AkkaHttpServer.scala:430)
	at play.core.server.AkkaHttpServer$$anonfun$2.applyOrElse(AkkaHttpServer.scala:422)
	at scala.concurrent.Future.$anonfun$recoverWith$1(Future.scala:417)
	at scala.concurrent.impl.Promise.$anonfun$transformWith$1(Promise.scala:41)
	at scala.concurrent.impl.CallbackRunnable.run(Promise.scala:64)
	at akka.dispatch.BatchingExecutor$AbstractBatch.processBatch(BatchingExecutor.scala:63)
	at akka.dispatch.BatchingExecutor$BlockableBatch.$anonfun$run$1(BatchingExecutor.scala:100)
	at scala.runtime.java8.JFunction0$mcV$sp.apply(JFunction0$mcV$sp.java:23)
	at scala.concurrent.BlockContext$.withBlockContext(BlockContext.scala:85)
	at akka.dispatch.BatchingExecutor$BlockableBatch.run(BatchingExecutor.scala:100)
	at akka.dispatch.TaskInvocation.run(AbstractDispatcher.scala:49)
	at akka.dispatch.ForkJoinExecutorConfigurator$AkkaForkJoinTask.exec(ForkJoinExecutorConfigurator.scala:48)
	at java.base/java.util.concurrent.ForkJoinTask.doExec(ForkJoinTask.java:373)
	at java.base/java.util.concurrent.ForkJoinPool$WorkQueue.topLevelExec(ForkJoinPool.java:1182)
	at java.base/java.util.concurrent.ForkJoinPool.scan(ForkJoinPool.java:1655)
	at java.base/java.util.concurrent.ForkJoinPool.runWorker(ForkJoinPool.java:1622)
	at java.base/java.util.concurrent.ForkJoinWorkerThread.run(ForkJoinWorkerThread.java:165)
Caused by: java.net.MalformedURLException: unknown protocol: cp
	at java.base/java.net.URL.<init>(URL.java:681)
	at java.base/java.net.URL.<init>(URL.java:569)
	at java.base/java.net.URL.<init>(URL.java:516)
	at controllers.jpro.$anonfun$genURL$1(jpro.scala:365)
	at scala.Function1.$anonfun$andThen$1(Function1.scala:57)
	at play.api.mvc.ActionBuilderImpl.invokeBlock(Action.scala:441)
	at play.api.mvc.ActionBuilderImpl.invokeBlock(Action.scala:439)
	at play.api.mvc.ActionBuilder$$anon$9.apply(Action.scala:379)
	at play.api.mvc.Action.$anonfun$apply$4(Action.scala:82)
	at play.api.libs.streams.StrictAccumulator.$anonfun$mapFuture$4(Accumulator.scala:168)
	at scala.util.Try$.apply(Try.scala:213)
	at play.api.libs.streams.StrictAccumulator.$anonfun$mapFuture$3(Accumulator.scala:168)
	at scala.Function1.$anonfun$andThen$1(Function1.scala:57)
	at scala.Function1.$anonfun$andThen$1(Function1.scala:57)
	at scala.Function1.$anonfun$andThen$1(Function1.scala:57)
	at play.api.libs.streams.StrictAccumulator.run(Accumulator.scala:199)
	at play.core.server.AkkaHttpServer.$anonfun$runAction$4(AkkaHttpServer.scala:417)
	at akka.http.scaladsl.util.FastFuture$.strictTransform$1(FastFuture.scala:41)
	at akka.http.scaladsl.util.FastFuture$.$anonfun$transformWith$3(FastFuture.scala:51)
	... 13 common frames omitted
2026-07-08 13:16:50,170 [ERROR] from play.api.http.DefaultHttpErrorHandler in application-akka.actor.default-dispatcher-11 - 

! @8e19e5pj1 - Internal server error, for (GET) [/app/default/resourcesencoded/cp:/picture/background.png] ->
 
play.api.UnexpectedException: Unexpected exception[MalformedURLException: unknown protocol: cp]
	at play.api.http.HttpErrorHandlerExceptions$.throwableToUsefulException(HttpErrorHandler.scala:358)
	at play.api.http.DefaultHttpErrorHandler.onServerError(HttpErrorHandler.scala:264)
	at play.core.server.AkkaHttpServer$$anonfun$2.applyOrElse(AkkaHttpServer.scala:430)
	at play.core.server.AkkaHttpServer$$anonfun$2.applyOrElse(AkkaHttpServer.scala:422)
	at scala.concurrent.Future.$anonfun$recoverWith$1(Future.scala:417)
	at scala.concurrent.impl.Promise.$anonfun$transformWith$1(Promise.scala:41)
	at scala.concurrent.impl.CallbackRunnable.run(Promise.scala:64)
	at akka.dispatch.BatchingExecutor$AbstractBatch.processBatch(BatchingExecutor.scala:63)
	at akka.dispatch.BatchingExecutor$BlockableBatch.$anonfun$run$1(BatchingExecutor.scala:100)
	at scala.runtime.java8.JFunction0$mcV$sp.apply(JFunction0$mcV$sp.java:23)
	at scala.concurrent.BlockContext$.withBlockContext(BlockContext.scala:85)
	at akka.dispatch.BatchingExecutor$BlockableBatch.run(BatchingExecutor.scala:100)
	at akka.dispatch.TaskInvocation.run(AbstractDispatcher.scala:49)
	at akka.dispatch.ForkJoinExecutorConfigurator$AkkaForkJoinTask.exec(ForkJoinExecutorConfigurator.scala:48)
	at java.base/java.util.concurrent.ForkJoinTask.doExec(ForkJoinTask.java:373)
	at java.base/java.util.concurrent.ForkJoinPool$WorkQueue.topLevelExec(ForkJoinPool.java:1182)
	at java.base/java.util.concurrent.ForkJoinPool.scan(ForkJoinPool.java:1655)
	at java.base/java.util.concurrent.ForkJoinPool.runWorker(ForkJoinPool.java:1622)
	at java.base/java.util.concurrent.ForkJoinWorkerThread.run(ForkJoinWorkerThread.java:165)
Caused by: java.net.MalformedURLException: unknown protocol: cp
	at java.base/java.net.URL.<init>(URL.java:681)
	at java.base/java.net.URL.<init>(URL.java:569)
	at java.base/java.net.URL.<init>(URL.java:516)
	at controllers.jpro.$anonfun$genURL$1(jpro.scala:365)
	at scala.Function1.$anonfun$andThen$1(Function1.scala:57)
	at play.api.mvc.ActionBuilderImpl.invokeBlock(Action.scala:441)
	at play.api.mvc.ActionBuilderImpl.invokeBlock(Action.scala:439)
	at play.api.mvc.ActionBuilder$$anon$9.apply(Action.scala:379)
	at play.api.mvc.Action.$anonfun$apply$4(Action.scala:82)
	at play.api.libs.streams.StrictAccumulator.$anonfun$mapFuture$4(Accumulator.scala:168)
	at scala.util.Try$.apply(Try.scala:213)
	at play.api.libs.streams.StrictAccumulator.$anonfun$mapFuture$3(Accumulator.scala:168)
	at scala.Function1.$anonfun$andThen$1(Function1.scala:57)
	at scala.Function1.$anonfun$andThen$1(Function1.scala:57)
	at scala.Function1.$anonfun$andThen$1(Function1.scala:57)
	at play.api.libs.streams.StrictAccumulator.run(Accumulator.scala:199)
	at play.core.server.AkkaHttpServer.$anonfun$runAction$4(AkkaHttpServer.scala:417)
	at akka.http.scaladsl.util.FastFuture$.strictTransform$1(FastFuture.scala:41)
	at akka.http.scaladsl.util.FastFuture$.$anonfun$transformWith$3(FastFuture.scala:51)
	... 13 common frames omitted
2026-07-08 13:16:50,903 [ERROR] from play.api.http.DefaultHttpErrorHandler in application-akka.actor.default-dispatcher-19 - 

! @8e19e60l6 - Internal server error, for (GET) [/app/default/resourcesencoded/cp:/picture/background.png] ->
 
play.api.UnexpectedException: Unexpected exception[MalformedURLException: unknown protocol: cp]
	at play.api.http.HttpErrorHandlerExceptions$.throwableToUsefulException(HttpErrorHandler.scala:358)
	at play.api.http.DefaultHttpErrorHandler.onServerError(HttpErrorHandler.scala:264)
	at play.core.server.AkkaHttpServer$$anonfun$2.applyOrElse(AkkaHttpServer.scala:430)
	at play.core.server.AkkaHttpServer$$anonfun$2.applyOrElse(AkkaHttpServer.scala:422)
	at scala.concurrent.Future.$anonfun$recoverWith$1(Future.scala:417)
	at scala.concurrent.impl.Promise.$anonfun$transformWith$1(Promise.scala:41)
	at scala.concurrent.impl.CallbackRunnable.run(Promise.scala:64)
	at akka.dispatch.BatchingExecutor$AbstractBatch.processBatch(BatchingExecutor.scala:63)
	at akka.dispatch.BatchingExecutor$BlockableBatch.$anonfun$run$1(BatchingExecutor.scala:100)
	at scala.runtime.java8.JFunction0$mcV$sp.apply(JFunction0$mcV$sp.java:23)
	at scala.concurrent.BlockContext$.withBlockContext(BlockContext.scala:85)
	at akka.dispatch.BatchingExecutor$BlockableBatch.run(BatchingExecutor.scala:100)
	at akka.dispatch.TaskInvocation.run(AbstractDispatcher.scala:49)
	at akka.dispatch.ForkJoinExecutorConfigurator$AkkaForkJoinTask.exec(ForkJoinExecutorConfigurator.scala:48)
	at java.base/java.util.concurrent.ForkJoinTask.doExec(ForkJoinTask.java:373)
	at java.base/java.util.concurrent.ForkJoinPool$WorkQueue.topLevelExec(ForkJoinPool.java:1182)
	at java.base/java.util.concurrent.ForkJoinPool.scan(ForkJoinPool.java:1655)
	at java.base/java.util.concurrent.ForkJoinPool.runWorker(ForkJoinPool.java:1622)
	at java.base/java.util.concurrent.ForkJoinWorkerThread.run(ForkJoinWorkerThread.java:165)
Caused by: java.net.MalformedURLException: unknown protocol: cp
	at java.base/java.net.URL.<init>(URL.java:681)
	at java.base/java.net.URL.<init>(URL.java:569)
	at java.base/java.net.URL.<init>(URL.java:516)
	at controllers.jpro.$anonfun$genURL$1(jpro.scala:365)
	at scala.Function1.$anonfun$andThen$1(Function1.scala:57)
	at play.api.mvc.ActionBuilderImpl.invokeBlock(Action.scala:441)
	at play.api.mvc.ActionBuilderImpl.invokeBlock(Action.scala:439)
	at play.api.mvc.ActionBuilder$$anon$9.apply(Action.scala:379)
	at play.api.mvc.Action.$anonfun$apply$4(Action.scala:82)
	at play.api.libs.streams.StrictAccumulator.$anonfun$mapFuture$4(Accumulator.scala:168)
	at scala.util.Try$.apply(Try.scala:213)
	at play.api.libs.streams.StrictAccumulator.$anonfun$mapFuture$3(Accumulator.scala:168)
	at scala.Function1.$anonfun$andThen$1(Function1.scala:57)
	at scala.Function1.$anonfun$andThen$1(Function1.scala:57)
	at scala.Function1.$anonfun$andThen$1(Function1.scala:57)
	at play.api.libs.streams.StrictAccumulator.run(Accumulator.scala:199)
	at play.core.server.AkkaHttpServer.$anonfun$runAction$4(AkkaHttpServer.scala:417)
	at akka.http.scaladsl.util.FastFuture$.strictTransform$1(FastFuture.scala:41)
	at akka.http.scaladsl.util.FastFuture$.$anonfun$transformWith$3(FastFuture.scala:51)
	... 13 common frames omitted
2026-07-08 13:16:51,433 [ERROR] from play.api.http.DefaultHttpErrorHandler in application-akka.actor.default-dispatcher-17 - 

! @8e19e61fg - Internal server error, for (GET) [/app/default/resourcesencoded/cp:/picture/background.png] ->
 
play.api.UnexpectedException: Unexpected exception[MalformedURLException: unknown protocol: cp]
	at play.api.http.HttpErrorHandlerExceptions$.throwableToUsefulException(HttpErrorHandler.scala:358)
	at play.api.http.DefaultHttpErrorHandler.onServerError(HttpErrorHandler.scala:264)
	at play.core.server.AkkaHttpServer$$anonfun$2.applyOrElse(AkkaHttpServer.scala:430)
	at play.core.server.AkkaHttpServer$$anonfun$2.applyOrElse(AkkaHttpServer.scala:422)
	at scala.concurrent.Future.$anonfun$recoverWith$1(Future.scala:417)
	at scala.concurrent.impl.Promise.$anonfun$transformWith$1(Promise.scala:41)
	at scala.concurrent.impl.CallbackRunnable.run(Promise.scala:64)
	at akka.dispatch.BatchingExecutor$AbstractBatch.processBatch(BatchingExecutor.scala:63)
	at akka.dispatch.BatchingExecutor$BlockableBatch.$anonfun$run$1(BatchingExecutor.scala:100)
	at scala.runtime.java8.JFunction0$mcV$sp.apply(JFunction0$mcV$sp.java:23)
	at scala.concurrent.BlockContext$.withBlockContext(BlockContext.scala:85)
	at akka.dispatch.BatchingExecutor$BlockableBatch.run(BatchingExecutor.scala:100)
	at akka.dispatch.TaskInvocation.run(AbstractDispatcher.scala:49)
	at akka.dispatch.ForkJoinExecutorConfigurator$AkkaForkJoinTask.exec(ForkJoinExecutorConfigurator.scala:48)
	at java.base/java.util.concurrent.ForkJoinTask.doExec(ForkJoinTask.java:373)
	at java.base/java.util.concurrent.ForkJoinPool$WorkQueue.topLevelExec(ForkJoinPool.java:1182)
	at java.base/java.util.concurrent.ForkJoinPool.scan(ForkJoinPool.java:1655)
	at java.base/java.util.concurrent.ForkJoinPool.runWorker(ForkJoinPool.java:1622)
	at java.base/java.util.concurrent.ForkJoinWorkerThread.run(ForkJoinWorkerThread.java:165)
Caused by: java.net.MalformedURLException: unknown protocol: cp
	at java.base/java.net.URL.<init>(URL.java:681)
	at java.base/java.net.URL.<init>(URL.java:569)
	at java.base/java.net.URL.<init>(URL.java:516)
	at controllers.jpro.$anonfun$genURL$1(jpro.scala:365)
	at scala.Function1.$anonfun$andThen$1(Function1.scala:57)
	at play.api.mvc.ActionBuilderImpl.invokeBlock(Action.scala:441)
	at play.api.mvc.ActionBuilderImpl.invokeBlock(Action.scala:439)
	at play.api.mvc.ActionBuilder$$anon$9.apply(Action.scala:379)
	at play.api.mvc.Action.$anonfun$apply$4(Action.scala:82)
	at play.api.libs.streams.StrictAccumulator.$anonfun$mapFuture$4(Accumulator.scala:168)
	at scala.util.Try$.apply(Try.scala:213)
	at play.api.libs.streams.StrictAccumulator.$anonfun$mapFuture$3(Accumulator.scala:168)
	at scala.Function1.$anonfun$andThen$1(Function1.scala:57)
	at scala.Function1.$anonfun$andThen$1(Function1.scala:57)
	at scala.Function1.$anonfun$andThen$1(Function1.scala:57)
	at play.api.libs.streams.StrictAccumulator.run(Accumulator.scala:199)
	at play.core.server.AkkaHttpServer.$anonfun$runAction$4(AkkaHttpServer.scala:417)
	at akka.http.scaladsl.util.FastFuture$.strictTransform$1(FastFuture.scala:41)
	at akka.http.scaladsl.util.FastFuture$.$anonfun$transformWith$3(FastFuture.scala:51)
	... 13 common frames omitted
2026-07-08 13:16:51,908 [ERROR] from play.api.http.DefaultHttpErrorHandler in application-akka.actor.default-dispatcher-11 - 

! @8e19e627n - Internal server error, for (GET) [/app/default/resourcesencoded/cp:/picture/background.png] ->
 
play.api.UnexpectedException: Unexpected exception[MalformedURLException: unknown protocol: cp]
	at play.api.http.HttpErrorHandlerExceptions$.throwableToUsefulException(HttpErrorHandler.scala:358)
	at play.api.http.DefaultHttpErrorHandler.onServerError(HttpErrorHandler.scala:264)
	at play.core.server.AkkaHttpServer$$anonfun$2.applyOrElse(AkkaHttpServer.scala:430)
	at play.core.server.AkkaHttpServer$$anonfun$2.applyOrElse(AkkaHttpServer.scala:422)
	at scala.concurrent.Future.$anonfun$recoverWith$1(Future.scala:417)
	at scala.concurrent.impl.Promise.$anonfun$transformWith$1(Promise.scala:41)
	at scala.concurrent.impl.CallbackRunnable.run(Promise.scala:64)
	at akka.dispatch.BatchingExecutor$AbstractBatch.processBatch(BatchingExecutor.scala:63)
	at akka.dispatch.BatchingExecutor$BlockableBatch.$anonfun$run$1(BatchingExecutor.scala:100)
	at scala.runtime.java8.JFunction0$mcV$sp.apply(JFunction0$mcV$sp.java:23)
	at scala.concurrent.BlockContext$.withBlockContext(BlockContext.scala:85)
	at akka.dispatch.BatchingExecutor$BlockableBatch.run(BatchingExecutor.scala:100)
	at akka.dispatch.TaskInvocation.run(AbstractDispatcher.scala:49)
	at akka.dispatch.ForkJoinExecutorConfigurator$AkkaForkJoinTask.exec(ForkJoinExecutorConfigurator.scala:48)
	at java.base/java.util.concurrent.ForkJoinTask.doExec(ForkJoinTask.java:373)
	at java.base/java.util.concurrent.ForkJoinPool$WorkQueue.topLevelExec(ForkJoinPool.java:1182)
	at java.base/java.util.concurrent.ForkJoinPool.scan(ForkJoinPool.java:1655)
	at java.base/java.util.concurrent.ForkJoinPool.runWorker(ForkJoinPool.java:1622)
	at java.base/java.util.concurrent.ForkJoinWorkerThread.run(ForkJoinWorkerThread.java:165)
Caused by: java.net.MalformedURLException: unknown protocol: cp
	at java.base/java.net.URL.<init>(URL.java:681)
	at java.base/java.net.URL.<init>(URL.java:569)
	at java.base/java.net.URL.<init>(URL.java:516)
	at controllers.jpro.$anonfun$genURL$1(jpro.scala:365)
	at scala.Function1.$anonfun$andThen$1(Function1.scala:57)
	at play.api.mvc.ActionBuilderImpl.invokeBlock(Action.scala:441)
	at play.api.mvc.ActionBuilderImpl.invokeBlock(Action.scala:439)
	at play.api.mvc.ActionBuilder$$anon$9.apply(Action.scala:379)
	at play.api.mvc.Action.$anonfun$apply$4(Action.scala:82)
	at play.api.libs.streams.StrictAccumulator.$anonfun$mapFuture$4(Accumulator.scala:168)
	at scala.util.Try$.apply(Try.scala:213)
	at play.api.libs.streams.StrictAccumulator.$anonfun$mapFuture$3(Accumulator.scala:168)
	at scala.Function1.$anonfun$andThen$1(Function1.scala:57)
	at scala.Function1.$anonfun$andThen$1(Function1.scala:57)
	at scala.Function1.$anonfun$andThen$1(Function1.scala:57)
	at play.api.libs.streams.StrictAccumulator.run(Accumulator.scala:199)
	at play.core.server.AkkaHttpServer.$anonfun$runAction$4(AkkaHttpServer.scala:417)
	at akka.http.scaladsl.util.FastFuture$.strictTransform$1(FastFuture.scala:41)
	at akka.http.scaladsl.util.FastFuture$.$anonfun$transformWith$3(FastFuture.scala:51)
	... 13 common frames omitted
2026-07-08 13:16:52,320 [ERROR] from play.api.http.DefaultHttpErrorHandler in application-akka.actor.default-dispatcher-9 - 

! @8e19e62nj - Internal server error, for (GET) [/app/default/resourcesencoded/cp:/picture/background.png] ->
 
play.api.UnexpectedException: Unexpected exception[MalformedURLException: unknown protocol: cp]
	at play.api.http.HttpErrorHandlerExceptions$.throwableToUsefulException(HttpErrorHandler.scala:358)
	at play.api.http.DefaultHttpErrorHandler.onServerError(HttpErrorHandler.scala:264)
	at play.core.server.AkkaHttpServer$$anonfun$2.applyOrElse(AkkaHttpServer.scala:430)
	at play.core.server.AkkaHttpServer$$anonfun$2.applyOrElse(AkkaHttpServer.scala:422)
	at scala.concurrent.Future.$anonfun$recoverWith$1(Future.scala:417)
	at scala.concurrent.impl.Promise.$anonfun$transformWith$1(Promise.scala:41)
	at scala.concurrent.impl.CallbackRunnable.run(Promise.scala:64)
	at akka.dispatch.BatchingExecutor$AbstractBatch.processBatch(BatchingExecutor.scala:63)
	at akka.dispatch.BatchingExecutor$BlockableBatch.$anonfun$run$1(BatchingExecutor.scala:100)
	at scala.runtime.java8.JFunction0$mcV$sp.apply(JFunction0$mcV$sp.java:23)
	at scala.concurrent.BlockContext$.withBlockContext(BlockContext.scala:85)
	at akka.dispatch.BatchingExecutor$BlockableBatch.run(BatchingExecutor.scala:100)
	at akka.dispatch.TaskInvocation.run(AbstractDispatcher.scala:49)
	at akka.dispatch.ForkJoinExecutorConfigurator$AkkaForkJoinTask.exec(ForkJoinExecutorConfigurator.scala:48)
	at java.base/java.util.concurrent.ForkJoinTask.doExec(ForkJoinTask.java:373)
	at java.base/java.util.concurrent.ForkJoinPool$WorkQueue.topLevelExec(ForkJoinPool.java:1182)
	at java.base/java.util.concurrent.ForkJoinPool.scan(ForkJoinPool.java:1655)
	at java.base/java.util.concurrent.ForkJoinPool.runWorker(ForkJoinPool.java:1622)
	at java.base/java.util.concurrent.ForkJoinWorkerThread.run(ForkJoinWorkerThread.java:165)
Caused by: java.net.MalformedURLException: unknown protocol: cp
	at java.base/java.net.URL.<init>(URL.java:681)
	at java.base/java.net.URL.<init>(URL.java:569)
	at java.base/java.net.URL.<init>(URL.java:516)
	at controllers.jpro.$anonfun$genURL$1(jpro.scala:365)
	at scala.Function1.$anonfun$andThen$1(Function1.scala:57)
	at play.api.mvc.ActionBuilderImpl.invokeBlock(Action.scala:441)
	at play.api.mvc.ActionBuilderImpl.invokeBlock(Action.scala:439)
	at play.api.mvc.ActionBuilder$$anon$9.apply(Action.scala:379)
	at play.api.mvc.Action.$anonfun$apply$4(Action.scala:82)
	at play.api.libs.streams.StrictAccumulator.$anonfun$mapFuture$4(Accumulator.scala:168)
	at scala.util.Try$.apply(Try.scala:213)
	at play.api.libs.streams.StrictAccumulator.$anonfun$mapFuture$3(Accumulator.scala:168)
	at scala.Function1.$anonfun$andThen$1(Function1.scala:57)
	at scala.Function1.$anonfun$andThen$1(Function1.scala:57)
	at scala.Function1.$anonfun$andThen$1(Function1.scala:57)
	at play.api.libs.streams.StrictAccumulator.run(Accumulator.scala:199)
	at play.core.server.AkkaHttpServer.$anonfun$runAction$4(AkkaHttpServer.scala:417)
	at akka.http.scaladsl.util.FastFuture$.strictTransform$1(FastFuture.scala:41)
	at akka.http.scaladsl.util.FastFuture$.$anonfun$transformWith$3(FastFuture.scala:51)
	... 13 common frames omitted
2026-07-08 13:16:52,793 [ERROR] from play.api.http.DefaultHttpErrorHandler in application-akka.actor.default-dispatcher-9 - 

! @8e19e63fo - Internal server error, for (GET) [/app/default/resourcesencoded/cp:/picture/background.png] ->
 
play.api.UnexpectedException: Unexpected exception[MalformedURLException: unknown protocol: cp]
	at play.api.http.HttpErrorHandlerExceptions$.throwableToUsefulException(HttpErrorHandler.scala:358)
	at play.api.http.DefaultHttpErrorHandler.onServerError(HttpErrorHandler.scala:264)
	at play.core.server.AkkaHttpServer$$anonfun$2.applyOrElse(AkkaHttpServer.scala:430)
	at play.core.server.AkkaHttpServer$$anonfun$2.applyOrElse(AkkaHttpServer.scala:422)
	at scala.concurrent.Future.$anonfun$recoverWith$1(Future.scala:417)
	at scala.concurrent.impl.Promise.$anonfun$transformWith$1(Promise.scala:41)
	at scala.concurrent.impl.CallbackRunnable.run(Promise.scala:64)
	at akka.dispatch.BatchingExecutor$AbstractBatch.processBatch(BatchingExecutor.scala:63)
	at akka.dispatch.BatchingExecutor$BlockableBatch.$anonfun$run$1(BatchingExecutor.scala:100)
	at scala.runtime.java8.JFunction0$mcV$sp.apply(JFunction0$mcV$sp.java:23)
	at scala.concurrent.BlockContext$.withBlockContext(BlockContext.scala:85)
	at akka.dispatch.BatchingExecutor$BlockableBatch.run(BatchingExecutor.scala:100)
	at akka.dispatch.TaskInvocation.run(AbstractDispatcher.scala:49)
	at akka.dispatch.ForkJoinExecutorConfigurator$AkkaForkJoinTask.exec(ForkJoinExecutorConfigurator.scala:48)
	at java.base/java.util.concurrent.ForkJoinTask.doExec(ForkJoinTask.java:373)
	at java.base/java.util.concurrent.ForkJoinPool$WorkQueue.topLevelExec(ForkJoinPool.java:1182)
	at java.base/java.util.concurrent.ForkJoinPool.scan(ForkJoinPool.java:1655)
	at java.base/java.util.concurrent.ForkJoinPool.runWorker(ForkJoinPool.java:1622)
	at java.base/java.util.concurrent.ForkJoinWorkerThread.run(ForkJoinWorkerThread.java:165)
Caused by: java.net.MalformedURLException: unknown protocol: cp
	at java.base/java.net.URL.<init>(URL.java:681)
	at java.base/java.net.URL.<init>(URL.java:569)
	at java.base/java.net.URL.<init>(URL.java:516)
	at controllers.jpro.$anonfun$genURL$1(jpro.scala:365)
	at scala.Function1.$anonfun$andThen$1(Function1.scala:57)
	at play.api.mvc.ActionBuilderImpl.invokeBlock(Action.scala:441)
	at play.api.mvc.ActionBuilderImpl.invokeBlock(Action.scala:439)
	at play.api.mvc.ActionBuilder$$anon$9.apply(Action.scala:379)
	at play.api.mvc.Action.$anonfun$apply$4(Action.scala:82)
	at play.api.libs.streams.StrictAccumulator.$anonfun$mapFuture$4(Accumulator.scala:168)
	at scala.util.Try$.apply(Try.scala:213)
	at play.api.libs.streams.StrictAccumulator.$anonfun$mapFuture$3(Accumulator.scala:168)
	at scala.Function1.$anonfun$andThen$1(Function1.scala:57)
	at scala.Function1.$anonfun$andThen$1(Function1.scala:57)
	at scala.Function1.$anonfun$andThen$1(Function1.scala:57)
	at play.api.libs.streams.StrictAccumulator.run(Accumulator.scala:199)
	at play.core.server.AkkaHttpServer.$anonfun$runAction$4(AkkaHttpServer.scala:417)
	at akka.http.scaladsl.util.FastFuture$.strictTransform$1(FastFuture.scala:41)
	at akka.http.scaladsl.util.FastFuture$.$anonfun$transformWith$3(FastFuture.scala:51)
	... 13 common frames omitted
2026-07-08 13:16:53,737 [ERROR] from play.api.http.DefaultHttpErrorHandler in application-akka.actor.default-dispatcher-19 - 

! @8e19e6506 - Internal server error, for (GET) [/app/default/resourcesencoded/cp:/picture/background.png] ->
 
play.api.UnexpectedException: Unexpected exception[MalformedURLException: unknown protocol: cp]
	at play.api.http.HttpErrorHandlerExceptions$.throwableToUsefulException(HttpErrorHandler.scala:358)
	at play.api.http.DefaultHttpErrorHandler.onServerError(HttpErrorHandler.scala:264)
	at play.core.server.AkkaHttpServer$$anonfun$2.applyOrElse(AkkaHttpServer.scala:430)
	at play.core.server.AkkaHttpServer$$anonfun$2.applyOrElse(AkkaHttpServer.scala:422)
	at scala.concurrent.Future.$anonfun$recoverWith$1(Future.scala:417)
	at scala.concurrent.impl.Promise.$anonfun$transformWith$1(Promise.scala:41)
	at scala.concurrent.impl.CallbackRunnable.run(Promise.scala:64)
	at akka.dispatch.BatchingExecutor$AbstractBatch.processBatch(BatchingExecutor.scala:63)
	at akka.dispatch.BatchingExecutor$BlockableBatch.$anonfun$run$1(BatchingExecutor.scala:100)
	at scala.runtime.java8.JFunction0$mcV$sp.apply(JFunction0$mcV$sp.java:23)
	at scala.concurrent.BlockContext$.withBlockContext(BlockContext.scala:85)
	at akka.dispatch.BatchingExecutor$BlockableBatch.run(BatchingExecutor.scala:100)
	at akka.dispatch.TaskInvocation.run(AbstractDispatcher.scala:49)
	at akka.dispatch.ForkJoinExecutorConfigurator$AkkaForkJoinTask.exec(ForkJoinExecutorConfigurator.scala:48)
	at java.base/java.util.concurrent.ForkJoinTask.doExec(ForkJoinTask.java:373)
	at java.base/java.util.concurrent.ForkJoinPool$WorkQueue.topLevelExec(ForkJoinPool.java:1182)
	at java.base/java.util.concurrent.ForkJoinPool.scan(ForkJoinPool.java:1655)
	at java.base/java.util.concurrent.ForkJoinPool.runWorker(ForkJoinPool.java:1622)
	at java.base/java.util.concurrent.ForkJoinWorkerThread.run(ForkJoinWorkerThread.java:165)
Caused by: java.net.MalformedURLException: unknown protocol: cp
	at java.base/java.net.URL.<init>(URL.java:681)
	at java.base/java.net.URL.<init>(URL.java:569)
	at java.base/java.net.URL.<init>(URL.java:516)
	at controllers.jpro.$anonfun$genURL$1(jpro.scala:365)
	at scala.Function1.$anonfun$andThen$1(Function1.scala:57)
	at play.api.mvc.ActionBuilderImpl.invokeBlock(Action.scala:441)
	at play.api.mvc.ActionBuilderImpl.invokeBlock(Action.scala:439)
	at play.api.mvc.ActionBuilder$$anon$9.apply(Action.scala:379)
	at play.api.mvc.Action.$anonfun$apply$4(Action.scala:82)
	at play.api.libs.streams.StrictAccumulator.$anonfun$mapFuture$4(Accumulator.scala:168)
	at scala.util.Try$.apply(Try.scala:213)
	at play.api.libs.streams.StrictAccumulator.$anonfun$mapFuture$3(Accumulator.scala:168)
	at scala.Function1.$anonfun$andThen$1(Function1.scala:57)
	at scala.Function1.$anonfun$andThen$1(Function1.scala:57)
	at scala.Function1.$anonfun$andThen$1(Function1.scala:57)
	at play.api.libs.streams.StrictAccumulator.run(Accumulator.scala:199)
	at play.core.server.AkkaHttpServer.$anonfun$runAction$4(AkkaHttpServer.scala:417)
	at akka.http.scaladsl.util.FastFuture$.strictTransform$1(FastFuture.scala:41)
	at akka.http.scaladsl.util.FastFuture$.$anonfun$transformWith$3(FastFuture.scala:51)
	... 13 common frames omitted
2026-07-08 13:16:54,606 [ERROR] from play.api.http.DefaultHttpErrorHandler in application-akka.actor.default-dispatcher-12 - 

! @8e19e667h - Internal server error, for (GET) [/app/default/resourcesencoded/cp:/picture/background.png] ->
 
play.api.UnexpectedException: Unexpected exception[MalformedURLException: unknown protocol: cp]
	at play.api.http.HttpErrorHandlerExceptions$.throwableToUsefulException(HttpErrorHandler.scala:358)
	at play.api.http.DefaultHttpErrorHandler.onServerError(HttpErrorHandler.scala:264)
	at play.core.server.AkkaHttpServer$$anonfun$2.applyOrElse(AkkaHttpServer.scala:430)
	at play.core.server.AkkaHttpServer$$anonfun$2.applyOrElse(AkkaHttpServer.scala:422)
	at scala.concurrent.Future.$anonfun$recoverWith$1(Future.scala:417)
	at scala.concurrent.impl.Promise.$anonfun$transformWith$1(Promise.scala:41)
	at scala.concurrent.impl.CallbackRunnable.run(Promise.scala:64)
	at akka.dispatch.BatchingExecutor$AbstractBatch.processBatch(BatchingExecutor.scala:63)
	at akka.dispatch.BatchingExecutor$BlockableBatch.$anonfun$run$1(BatchingExecutor.scala:100)
	at scala.runtime.java8.JFunction0$mcV$sp.apply(JFunction0$mcV$sp.java:23)
	at scala.concurrent.BlockContext$.withBlockContext(BlockContext.scala:85)
	at akka.dispatch.BatchingExecutor$BlockableBatch.run(BatchingExecutor.scala:100)
	at akka.dispatch.TaskInvocation.run(AbstractDispatcher.scala:49)
	at akka.dispatch.ForkJoinExecutorConfigurator$AkkaForkJoinTask.exec(ForkJoinExecutorConfigurator.scala:48)
	at java.base/java.util.concurrent.ForkJoinTask.doExec(ForkJoinTask.java:373)
	at java.base/java.util.concurrent.ForkJoinPool$WorkQueue.topLevelExec(ForkJoinPool.java:1182)
	at java.base/java.util.concurrent.ForkJoinPool.scan(ForkJoinPool.java:1655)
	at java.base/java.util.concurrent.ForkJoinPool.runWorker(ForkJoinPool.java:1622)
	at java.base/java.util.concurrent.ForkJoinWorkerThread.run(ForkJoinWorkerThread.java:165)
Caused by: java.net.MalformedURLException: unknown protocol: cp
	at java.base/java.net.URL.<init>(URL.java:681)
	at java.base/java.net.URL.<init>(URL.java:569)
	at java.base/java.net.URL.<init>(URL.java:516)
	at controllers.jpro.$anonfun$genURL$1(jpro.scala:365)
	at scala.Function1.$anonfun$andThen$1(Function1.scala:57)
	at play.api.mvc.ActionBuilderImpl.invokeBlock(Action.scala:441)
	at play.api.mvc.ActionBuilderImpl.invokeBlock(Action.scala:439)
	at play.api.mvc.ActionBuilder$$anon$9.apply(Action.scala:379)
	at play.api.mvc.Action.$anonfun$apply$4(Action.scala:82)
	at play.api.libs.streams.StrictAccumulator.$anonfun$mapFuture$4(Accumulator.scala:168)
	at scala.util.Try$.apply(Try.scala:213)
	at play.api.libs.streams.StrictAccumulator.$anonfun$mapFuture$3(Accumulator.scala:168)
	at scala.Function1.$anonfun$andThen$1(Function1.scala:57)
	at scala.Function1.$anonfun$andThen$1(Function1.scala:57)
	at scala.Function1.$anonfun$andThen$1(Function1.scala:57)
	at play.api.libs.streams.StrictAccumulator.run(Accumulator.scala:199)
	at play.core.server.AkkaHttpServer.$anonfun$runAction$4(AkkaHttpServer.scala:417)
	at akka.http.scaladsl.util.FastFuture$.strictTransform$1(FastFuture.scala:41)
	at akka.http.scaladsl.util.FastFuture$.$anonfun$transformWith$3(FastFuture.scala:51)
	... 13 common frames omitted
2026-07-08 13:16:55,057 [ERROR] from play.api.http.DefaultHttpErrorHandler in application-akka.actor.default-dispatcher-27 - 

! @8e19e66p0 - Internal server error, for (GET) [/app/default/resourcesencoded/cp:/picture/background.png] ->
 
play.api.UnexpectedException: Unexpected exception[MalformedURLException: unknown protocol: cp]
	at play.api.http.HttpErrorHandlerExceptions$.throwableToUsefulException(HttpErrorHandler.scala:358)
	at play.api.http.DefaultHttpErrorHandler.onServerError(HttpErrorHandler.scala:264)
	at play.core.server.AkkaHttpServer$$anonfun$2.applyOrElse(AkkaHttpServer.scala:430)
	at play.core.server.AkkaHttpServer$$anonfun$2.applyOrElse(AkkaHttpServer.scala:422)
	at scala.concurrent.Future.$anonfun$recoverWith$1(Future.scala:417)
	at scala.concurrent.impl.Promise.$anonfun$transformWith$1(Promise.scala:41)
	at scala.concurrent.impl.CallbackRunnable.run(Promise.scala:64)
	at akka.dispatch.BatchingExecutor$AbstractBatch.processBatch(BatchingExecutor.scala:63)
	at akka.dispatch.BatchingExecutor$BlockableBatch.$anonfun$run$1(BatchingExecutor.scala:100)
	at scala.runtime.java8.JFunction0$mcV$sp.apply(JFunction0$mcV$sp.java:23)
	at scala.concurrent.BlockContext$.withBlockContext(BlockContext.scala:85)
	at akka.dispatch.BatchingExecutor$BlockableBatch.run(BatchingExecutor.scala:100)
	at akka.dispatch.TaskInvocation.run(AbstractDispatcher.scala:49)
	at akka.dispatch.ForkJoinExecutorConfigurator$AkkaForkJoinTask.exec(ForkJoinExecutorConfigurator.scala:48)
	at java.base/java.util.concurrent.ForkJoinTask.doExec(ForkJoinTask.java:373)
	at java.base/java.util.concurrent.ForkJoinPool$WorkQueue.topLevelExec(ForkJoinPool.java:1182)
	at java.base/java.util.concurrent.ForkJoinPool.scan(ForkJoinPool.java:1655)
	at java.base/java.util.concurrent.ForkJoinPool.runWorker(ForkJoinPool.java:1622)
	at java.base/java.util.concurrent.ForkJoinWorkerThread.run(ForkJoinWorkerThread.java:165)
Caused by: java.net.MalformedURLException: unknown protocol: cp
	at java.base/java.net.URL.<init>(URL.java:681)
	at java.base/java.net.URL.<init>(URL.java:569)
	at java.base/java.net.URL.<init>(URL.java:516)
	at controllers.jpro.$anonfun$genURL$1(jpro.scala:365)
	at scala.Function1.$anonfun$andThen$1(Function1.scala:57)
	at play.api.mvc.ActionBuilderImpl.invokeBlock(Action.scala:441)
	at play.api.mvc.ActionBuilderImpl.invokeBlock(Action.scala:439)
	at play.api.mvc.ActionBuilder$$anon$9.apply(Action.scala:379)
	at play.api.mvc.Action.$anonfun$apply$4(Action.scala:82)
	at play.api.libs.streams.StrictAccumulator.$anonfun$mapFuture$4(Accumulator.scala:168)
	at scala.util.Try$.apply(Try.scala:213)
	at play.api.libs.streams.StrictAccumulator.$anonfun$mapFuture$3(Accumulator.scala:168)
	at scala.Function1.$anonfun$andThen$1(Function1.scala:57)
	at scala.Function1.$anonfun$andThen$1(Function1.scala:57)
	at scala.Function1.$anonfun$andThen$1(Function1.scala:57)
	at play.api.libs.streams.StrictAccumulator.run(Accumulator.scala:199)
	at play.core.server.AkkaHttpServer.$anonfun$runAction$4(AkkaHttpServer.scala:417)
	at akka.http.scaladsl.util.FastFuture$.strictTransform$1(FastFuture.scala:41)
	at akka.http.scaladsl.util.FastFuture$.$anonfun$transformWith$3(FastFuture.scala:51)
	... 13 common frames omitted
2026-07-08 13:16:55,952 [ERROR] from play.api.http.DefaultHttpErrorHandler in application-akka.actor.default-dispatcher-17 - 

! @8e19e687b - Internal server error, for (GET) [/app/default/resourcesencoded/cp:/picture/background.png] ->
 
play.api.UnexpectedException: Unexpected exception[MalformedURLException: unknown protocol: cp]
	at play.api.http.HttpErrorHandlerExceptions$.throwableToUsefulException(HttpErrorHandler.scala:358)
	at play.api.http.DefaultHttpErrorHandler.onServerError(HttpErrorHandler.scala:264)
	at play.core.server.AkkaHttpServer$$anonfun$2.applyOrElse(AkkaHttpServer.scala:430)
	at play.core.server.AkkaHttpServer$$anonfun$2.applyOrElse(AkkaHttpServer.scala:422)
	at scala.concurrent.Future.$anonfun$recoverWith$1(Future.scala:417)
	at scala.concurrent.impl.Promise.$anonfun$transformWith$1(Promise.scala:41)
	at scala.concurrent.impl.CallbackRunnable.run(Promise.scala:64)
	at akka.dispatch.BatchingExecutor$AbstractBatch.processBatch(BatchingExecutor.scala:63)
	at akka.dispatch.BatchingExecutor$BlockableBatch.$anonfun$run$1(BatchingExecutor.scala:100)
	at scala.runtime.java8.JFunction0$mcV$sp.apply(JFunction0$mcV$sp.java:23)
	at scala.concurrent.BlockContext$.withBlockContext(BlockContext.scala:85)
	at akka.dispatch.BatchingExecutor$BlockableBatch.run(BatchingExecutor.scala:100)
	at akka.dispatch.TaskInvocation.run(AbstractDispatcher.scala:49)
	at akka.dispatch.ForkJoinExecutorConfigurator$AkkaForkJoinTask.exec(ForkJoinExecutorConfigurator.scala:48)
	at java.base/java.util.concurrent.ForkJoinTask.doExec(ForkJoinTask.java:373)
	at java.base/java.util.concurrent.ForkJoinPool$WorkQueue.topLevelExec(ForkJoinPool.java:1182)
	at java.base/java.util.concurrent.ForkJoinPool.scan(ForkJoinPool.java:1655)
	at java.base/java.util.concurrent.ForkJoinPool.runWorker(ForkJoinPool.java:1622)
	at java.base/java.util.concurrent.ForkJoinWorkerThread.run(ForkJoinWorkerThread.java:165)
Caused by: java.net.MalformedURLException: unknown protocol: cp
	at java.base/java.net.URL.<init>(URL.java:681)
	at java.base/java.net.URL.<init>(URL.java:569)
	at java.base/java.net.URL.<init>(URL.java:516)
	at controllers.jpro.$anonfun$genURL$1(jpro.scala:365)
	at scala.Function1.$anonfun$andThen$1(Function1.scala:57)
	at play.api.mvc.ActionBuilderImpl.invokeBlock(Action.scala:441)
	at play.api.mvc.ActionBuilderImpl.invokeBlock(Action.scala:439)
	at play.api.mvc.ActionBuilder$$anon$9.apply(Action.scala:379)
	at play.api.mvc.Action.$anonfun$apply$4(Action.scala:82)
	at play.api.libs.streams.StrictAccumulator.$anonfun$mapFuture$4(Accumulator.scala:168)
	at scala.util.Try$.apply(Try.scala:213)
	at play.api.libs.streams.StrictAccumulator.$anonfun$mapFuture$3(Accumulator.scala:168)
	at scala.Function1.$anonfun$andThen$1(Function1.scala:57)
	at scala.Function1.$anonfun$andThen$1(Function1.scala:57)
	at scala.Function1.$anonfun$andThen$1(Function1.scala:57)
	at play.api.libs.streams.StrictAccumulator.run(Accumulator.scala:199)
	at play.core.server.AkkaHttpServer.$anonfun$runAction$4(AkkaHttpServer.scala:417)
	at akka.http.scaladsl.util.FastFuture$.strictTransform$1(FastFuture.scala:41)
	at akka.http.scaladsl.util.FastFuture$.$anonfun$transformWith$3(FastFuture.scala:51)
	... 13 common frames omitted
2026-07-08 13:16:56,352 [ERROR] from play.api.http.DefaultHttpErrorHandler in application-akka.actor.default-dispatcher-24 - 

! @8e19e68ml - Internal server error, for (GET) [/app/default/resourcesencoded/cp:/picture/background.png] ->
 
play.api.UnexpectedException: Unexpected exception[MalformedURLException: unknown protocol: cp]
	at play.api.http.HttpErrorHandlerExceptions$.throwableToUsefulException(HttpErrorHandler.scala:358)
	at play.api.http.DefaultHttpErrorHandler.onServerError(HttpErrorHandler.scala:264)
	at play.core.server.AkkaHttpServer$$anonfun$2.applyOrElse(AkkaHttpServer.scala:430)
	at play.core.server.AkkaHttpServer$$anonfun$2.applyOrElse(AkkaHttpServer.scala:422)
	at scala.concurrent.Future.$anonfun$recoverWith$1(Future.scala:417)
	at scala.concurrent.impl.Promise.$anonfun$transformWith$1(Promise.scala:41)
	at scala.concurrent.impl.CallbackRunnable.run(Promise.scala:64)
	at akka.dispatch.BatchingExecutor$AbstractBatch.processBatch(BatchingExecutor.scala:63)
	at akka.dispatch.BatchingExecutor$BlockableBatch.$anonfun$run$1(BatchingExecutor.scala:100)
	at scala.runtime.java8.JFunction0$mcV$sp.apply(JFunction0$mcV$sp.java:23)
	at scala.concurrent.BlockContext$.withBlockContext(BlockContext.scala:85)
	at akka.dispatch.BatchingExecutor$BlockableBatch.run(BatchingExecutor.scala:100)
	at akka.dispatch.TaskInvocation.run(AbstractDispatcher.scala:49)
	at akka.dispatch.ForkJoinExecutorConfigurator$AkkaForkJoinTask.exec(ForkJoinExecutorConfigurator.scala:48)
	at java.base/java.util.concurrent.ForkJoinTask.doExec(ForkJoinTask.java:373)
	at java.base/java.util.concurrent.ForkJoinPool$WorkQueue.topLevelExec(ForkJoinPool.java:1182)
	at java.base/java.util.concurrent.ForkJoinPool.scan(ForkJoinPool.java:1655)
	at java.base/java.util.concurrent.ForkJoinPool.runWorker(ForkJoinPool.java:1622)
	at java.base/java.util.concurrent.ForkJoinWorkerThread.run(ForkJoinWorkerThread.java:165)
Caused by: java.net.MalformedURLException: unknown protocol: cp
	at java.base/java.net.URL.<init>(URL.java:681)
	at java.base/java.net.URL.<init>(URL.java:569)
	at java.base/java.net.URL.<init>(URL.java:516)
	at controllers.jpro.$anonfun$genURL$1(jpro.scala:365)
	at scala.Function1.$anonfun$andThen$1(Function1.scala:57)
	at play.api.mvc.ActionBuilderImpl.invokeBlock(Action.scala:441)
	at play.api.mvc.ActionBuilderImpl.invokeBlock(Action.scala:439)
	at play.api.mvc.ActionBuilder$$anon$9.apply(Action.scala:379)
	at play.api.mvc.Action.$anonfun$apply$4(Action.scala:82)
	at play.api.libs.streams.StrictAccumulator.$anonfun$mapFuture$4(Accumulator.scala:168)
	at scala.util.Try$.apply(Try.scala:213)
	at play.api.libs.streams.StrictAccumulator.$anonfun$mapFuture$3(Accumulator.scala:168)
	at scala.Function1.$anonfun$andThen$1(Function1.scala:57)
	at scala.Function1.$anonfun$andThen$1(Function1.scala:57)
	at scala.Function1.$anonfun$andThen$1(Function1.scala:57)
	at play.api.libs.streams.StrictAccumulator.run(Accumulator.scala:199)
	at play.core.server.AkkaHttpServer.$anonfun$runAction$4(AkkaHttpServer.scala:417)
	at akka.http.scaladsl.util.FastFuture$.strictTransform$1(FastFuture.scala:41)
	at akka.http.scaladsl.util.FastFuture$.$anonfun$transformWith$3(FastFuture.scala:51)
	... 13 common frames omitted
2026-07-08 13:16:57,415 [ERROR] from play.api.http.DefaultHttpErrorHandler in application-akka.actor.default-dispatcher-19 - 

! @8e19e6abi - Internal server error, for (GET) [/app/default/resourcesencoded/cp:/picture/background.png] ->
 
play.api.UnexpectedException: Unexpected exception[MalformedURLException: unknown protocol: cp]
	at play.api.http.HttpErrorHandlerExceptions$.throwableToUsefulException(HttpErrorHandler.scala:358)
	at play.api.http.DefaultHttpErrorHandler.onServerError(HttpErrorHandler.scala:264)
	at play.core.server.AkkaHttpServer$$anonfun$2.applyOrElse(AkkaHttpServer.scala:430)
	at play.core.server.AkkaHttpServer$$anonfun$2.applyOrElse(AkkaHttpServer.scala:422)
	at scala.concurrent.Future.$anonfun$recoverWith$1(Future.scala:417)
	at scala.concurrent.impl.Promise.$anonfun$transformWith$1(Promise.scala:41)
	at scala.concurrent.impl.CallbackRunnable.run(Promise.scala:64)
	at akka.dispatch.BatchingExecutor$AbstractBatch.processBatch(BatchingExecutor.scala:63)
	at akka.dispatch.BatchingExecutor$BlockableBatch.$anonfun$run$1(BatchingExecutor.scala:100)
	at scala.runtime.java8.JFunction0$mcV$sp.apply(JFunction0$mcV$sp.java:23)
	at scala.concurrent.BlockContext$.withBlockContext(BlockContext.scala:85)
	at akka.dispatch.BatchingExecutor$BlockableBatch.run(BatchingExecutor.scala:100)
	at akka.dispatch.TaskInvocation.run(AbstractDispatcher.scala:49)
	at akka.dispatch.ForkJoinExecutorConfigurator$AkkaForkJoinTask.exec(ForkJoinExecutorConfigurator.scala:48)
	at java.base/java.util.concurrent.ForkJoinTask.doExec(ForkJoinTask.java:373)
	at java.base/java.util.concurrent.ForkJoinPool$WorkQueue.topLevelExec(ForkJoinPool.java:1182)
	at java.base/java.util.concurrent.ForkJoinPool.scan(ForkJoinPool.java:1655)
	at java.base/java.util.concurrent.ForkJoinPool.runWorker(ForkJoinPool.java:1622)
	at java.base/java.util.concurrent.ForkJoinWorkerThread.run(ForkJoinWorkerThread.java:165)
Caused by: java.net.MalformedURLException: unknown protocol: cp
	at java.base/java.net.URL.<init>(URL.java:681)
	at java.base/java.net.URL.<init>(URL.java:569)
	at java.base/java.net.URL.<init>(URL.java:516)
	at controllers.jpro.$anonfun$genURL$1(jpro.scala:365)
	at scala.Function1.$anonfun$andThen$1(Function1.scala:57)
	at play.api.mvc.ActionBuilderImpl.invokeBlock(Action.scala:441)
	at play.api.mvc.ActionBuilderImpl.invokeBlock(Action.scala:439)
	at play.api.mvc.ActionBuilder$$anon$9.apply(Action.scala:379)
	at play.api.mvc.Action.$anonfun$apply$4(Action.scala:82)
	at play.api.libs.streams.StrictAccumulator.$anonfun$mapFuture$4(Accumulator.scala:168)
	at scala.util.Try$.apply(Try.scala:213)
	at play.api.libs.streams.StrictAccumulator.$anonfun$mapFuture$3(Accumulator.scala:168)
	at scala.Function1.$anonfun$andThen$1(Function1.scala:57)
	at scala.Function1.$anonfun$andThen$1(Function1.scala:57)
	at scala.Function1.$anonfun$andThen$1(Function1.scala:57)
	at play.api.libs.streams.StrictAccumulator.run(Accumulator.scala:199)
	at play.core.server.AkkaHttpServer.$anonfun$runAction$4(AkkaHttpServer.scala:417)
	at akka.http.scaladsl.util.FastFuture$.strictTransform$1(FastFuture.scala:41)
	at akka.http.scaladsl.util.FastFuture$.$anonfun$transformWith$3(FastFuture.scala:51)
	... 13 common frames omitted
2026-07-08 13:16:58,023 [ERROR] from play.api.http.DefaultHttpErrorHandler in application-akka.actor.default-dispatcher-27 - 

! @8e19e6b92 - Internal server error, for (GET) [/app/default/resourcesencoded/cp:/picture/background.png] ->
 
play.api.UnexpectedException: Unexpected exception[MalformedURLException: unknown protocol: cp]
	at play.api.http.HttpErrorHandlerExceptions$.throwableToUsefulException(HttpErrorHandler.scala:358)
	at play.api.http.DefaultHttpErrorHandler.onServerError(HttpErrorHandler.scala:264)
	at play.core.server.AkkaHttpServer$$anonfun$2.applyOrElse(AkkaHttpServer.scala:430)
	at play.core.server.AkkaHttpServer$$anonfun$2.applyOrElse(AkkaHttpServer.scala:422)
	at scala.concurrent.Future.$anonfun$recoverWith$1(Future.scala:417)
	at scala.concurrent.impl.Promise.$anonfun$transformWith$1(Promise.scala:41)
	at scala.concurrent.impl.CallbackRunnable.run(Promise.scala:64)
	at akka.dispatch.BatchingExecutor$AbstractBatch.processBatch(BatchingExecutor.scala:63)
	at akka.dispatch.BatchingExecutor$BlockableBatch.$anonfun$run$1(BatchingExecutor.scala:100)
	at scala.runtime.java8.JFunction0$mcV$sp.apply(JFunction0$mcV$sp.java:23)
	at scala.concurrent.BlockContext$.withBlockContext(BlockContext.scala:85)
	at akka.dispatch.BatchingExecutor$BlockableBatch.run(BatchingExecutor.scala:100)
	at akka.dispatch.TaskInvocation.run(AbstractDispatcher.scala:49)
	at akka.dispatch.ForkJoinExecutorConfigurator$AkkaForkJoinTask.exec(ForkJoinExecutorConfigurator.scala:48)
	at java.base/java.util.concurrent.ForkJoinTask.doExec(ForkJoinTask.java:373)
	at java.base/java.util.concurrent.ForkJoinPool$WorkQueue.topLevelExec(ForkJoinPool.java:1182)
	at java.base/java.util.concurrent.ForkJoinPool.scan(ForkJoinPool.java:1655)
	at java.base/java.util.concurrent.ForkJoinPool.runWorker(ForkJoinPool.java:1622)
	at java.base/java.util.concurrent.ForkJoinWorkerThread.run(ForkJoinWorkerThread.java:165)
Caused by: java.net.MalformedURLException: unknown protocol: cp
	at java.base/java.net.URL.<init>(URL.java:681)
	at java.base/java.net.URL.<init>(URL.java:569)
	at java.base/java.net.URL.<init>(URL.java:516)
	at controllers.jpro.$anonfun$genURL$1(jpro.scala:365)
	at scala.Function1.$anonfun$andThen$1(Function1.scala:57)
	at play.api.mvc.ActionBuilderImpl.invokeBlock(Action.scala:441)
	at play.api.mvc.ActionBuilderImpl.invokeBlock(Action.scala:439)
	at play.api.mvc.ActionBuilder$$anon$9.apply(Action.scala:379)
	at play.api.mvc.Action.$anonfun$apply$4(Action.scala:82)
	at play.api.libs.streams.StrictAccumulator.$anonfun$mapFuture$4(Accumulator.scala:168)
	at scala.util.Try$.apply(Try.scala:213)
	at play.api.libs.streams.StrictAccumulator.$anonfun$mapFuture$3(Accumulator.scala:168)
	at scala.Function1.$anonfun$andThen$1(Function1.scala:57)
	at scala.Function1.$anonfun$andThen$1(Function1.scala:57)
	at scala.Function1.$anonfun$andThen$1(Function1.scala:57)
	at play.api.libs.streams.StrictAccumulator.run(Accumulator.scala:199)
	at play.core.server.AkkaHttpServer.$anonfun$runAction$4(AkkaHttpServer.scala:417)
	at akka.http.scaladsl.util.FastFuture$.strictTransform$1(FastFuture.scala:41)
	at akka.http.scaladsl.util.FastFuture$.$anonfun$transformWith$3(FastFuture.scala:51)
	... 13 common frames omitted
2026-07-08 13:16:58,411 [ERROR] from play.api.http.DefaultHttpErrorHandler in application-akka.actor.default-dispatcher-23 - 

! @8e19e6bo0 - Internal server error, for (GET) [/app/default/resourcesencoded/cp:/picture/background.png] ->
 
play.api.UnexpectedException: Unexpected exception[MalformedURLException: unknown protocol: cp]
	at play.api.http.HttpErrorHandlerExceptions$.throwableToUsefulException(HttpErrorHandler.scala:358)
	at play.api.http.DefaultHttpErrorHandler.onServerError(HttpErrorHandler.scala:264)
	at play.core.server.AkkaHttpServer$$anonfun$2.applyOrElse(AkkaHttpServer.scala:430)
	at play.core.server.AkkaHttpServer$$anonfun$2.applyOrElse(AkkaHttpServer.scala:422)
	at scala.concurrent.Future.$anonfun$recoverWith$1(Future.scala:417)
	at scala.concurrent.impl.Promise.$anonfun$transformWith$1(Promise.scala:41)
	at scala.concurrent.impl.CallbackRunnable.run(Promise.scala:64)
	at akka.dispatch.BatchingExecutor$AbstractBatch.processBatch(BatchingExecutor.scala:63)
	at akka.dispatch.BatchingExecutor$BlockableBatch.$anonfun$run$1(BatchingExecutor.scala:100)
	at scala.runtime.java8.JFunction0$mcV$sp.apply(JFunction0$mcV$sp.java:23)
	at scala.concurrent.BlockContext$.withBlockContext(BlockContext.scala:85)
	at akka.dispatch.BatchingExecutor$BlockableBatch.run(BatchingExecutor.scala:100)
	at akka.dispatch.TaskInvocation.run(AbstractDispatcher.scala:49)
	at akka.dispatch.ForkJoinExecutorConfigurator$AkkaForkJoinTask.exec(ForkJoinExecutorConfigurator.scala:48)
	at java.base/java.util.concurrent.ForkJoinTask.doExec(ForkJoinTask.java:373)
	at java.base/java.util.concurrent.ForkJoinPool$WorkQueue.topLevelExec(ForkJoinPool.java:1182)
	at java.base/java.util.concurrent.ForkJoinPool.scan(ForkJoinPool.java:1655)
	at java.base/java.util.concurrent.ForkJoinPool.runWorker(ForkJoinPool.java:1622)
	at java.base/java.util.concurrent.ForkJoinWorkerThread.run(ForkJoinWorkerThread.java:165)
Caused by: java.net.MalformedURLException: unknown protocol: cp
	at java.base/java.net.URL.<init>(URL.java:681)
	at java.base/java.net.URL.<init>(URL.java:569)
	at java.base/java.net.URL.<init>(URL.java:516)
	at controllers.jpro.$anonfun$genURL$1(jpro.scala:365)
	at scala.Function1.$anonfun$andThen$1(Function1.scala:57)
	at play.api.mvc.ActionBuilderImpl.invokeBlock(Action.scala:441)
	at play.api.mvc.ActionBuilderImpl.invokeBlock(Action.scala:439)
	at play.api.mvc.ActionBuilder$$anon$9.apply(Action.scala:379)
	at play.api.mvc.Action.$anonfun$apply$4(Action.scala:82)
	at play.api.libs.streams.StrictAccumulator.$anonfun$mapFuture$4(Accumulator.scala:168)
	at scala.util.Try$.apply(Try.scala:213)
	at play.api.libs.streams.StrictAccumulator.$anonfun$mapFuture$3(Accumulator.scala:168)
	at scala.Function1.$anonfun$andThen$1(Function1.scala:57)
	at scala.Function1.$anonfun$andThen$1(Function1.scala:57)
	at scala.Function1.$anonfun$andThen$1(Function1.scala:57)
	at play.api.libs.streams.StrictAccumulator.run(Accumulator.scala:199)
	at play.core.server.AkkaHttpServer.$anonfun$runAction$4(AkkaHttpServer.scala:417)
	at akka.http.scaladsl.util.FastFuture$.strictTransform$1(FastFuture.scala:41)
	at akka.http.scaladsl.util.FastFuture$.$anonfun$transformWith$3(FastFuture.scala:51)
	... 13 common frames omitted
2026-07-08 13:16:58,794 [ERROR] from play.api.http.DefaultHttpErrorHandler in application-akka.actor.default-dispatcher-12 - 

! @8e19e6ccj - Internal server error, for (GET) [/app/default/resourcesencoded/cp:/picture/background.png] ->
 
play.api.UnexpectedException: Unexpected exception[MalformedURLException: unknown protocol: cp]
	at play.api.http.HttpErrorHandlerExceptions$.throwableToUsefulException(HttpErrorHandler.scala:358)
	at play.api.http.DefaultHttpErrorHandler.onServerError(HttpErrorHandler.scala:264)
	at play.core.server.AkkaHttpServer$$anonfun$2.applyOrElse(AkkaHttpServer.scala:430)
	at play.core.server.AkkaHttpServer$$anonfun$2.applyOrElse(AkkaHttpServer.scala:422)
	at scala.concurrent.Future.$anonfun$recoverWith$1(Future.scala:417)
	at scala.concurrent.impl.Promise.$anonfun$transformWith$1(Promise.scala:41)
	at scala.concurrent.impl.CallbackRunnable.run(Promise.scala:64)
	at akka.dispatch.BatchingExecutor$AbstractBatch.processBatch(BatchingExecutor.scala:63)
	at akka.dispatch.BatchingExecutor$BlockableBatch.$anonfun$run$1(BatchingExecutor.scala:100)
	at scala.runtime.java8.JFunction0$mcV$sp.apply(JFunction0$mcV$sp.java:23)
	at scala.concurrent.BlockContext$.withBlockContext(BlockContext.scala:85)
	at akka.dispatch.BatchingExecutor$BlockableBatch.run(BatchingExecutor.scala:100)
	at akka.dispatch.TaskInvocation.run(AbstractDispatcher.scala:49)
	at akka.dispatch.ForkJoinExecutorConfigurator$AkkaForkJoinTask.exec(ForkJoinExecutorConfigurator.scala:48)
	at java.base/java.util.concurrent.ForkJoinTask.doExec(ForkJoinTask.java:373)
	at java.base/java.util.concurrent.ForkJoinPool$WorkQueue.topLevelExec(ForkJoinPool.java:1182)
	at java.base/java.util.concurrent.ForkJoinPool.scan(ForkJoinPool.java:1655)
	at java.base/java.util.concurrent.ForkJoinPool.runWorker(ForkJoinPool.java:1622)
	at java.base/java.util.concurrent.ForkJoinWorkerThread.run(ForkJoinWorkerThread.java:165)
Caused by: java.net.MalformedURLException: unknown protocol: cp
	at java.base/java.net.URL.<init>(URL.java:681)
	at java.base/java.net.URL.<init>(URL.java:569)
	at java.base/java.net.URL.<init>(URL.java:516)
	at controllers.jpro.$anonfun$genURL$1(jpro.scala:365)
	at scala.Function1.$anonfun$andThen$1(Function1.scala:57)
	at play.api.mvc.ActionBuilderImpl.invokeBlock(Action.scala:441)
	at play.api.mvc.ActionBuilderImpl.invokeBlock(Action.scala:439)
	at play.api.mvc.ActionBuilder$$anon$9.apply(Action.scala:379)
	at play.api.mvc.Action.$anonfun$apply$4(Action.scala:82)
	at play.api.libs.streams.StrictAccumulator.$anonfun$mapFuture$4(Accumulator.scala:168)
	at scala.util.Try$.apply(Try.scala:213)
	at play.api.libs.streams.StrictAccumulator.$anonfun$mapFuture$3(Accumulator.scala:168)
	at scala.Function1.$anonfun$andThen$1(Function1.scala:57)
	at scala.Function1.$anonfun$andThen$1(Function1.scala:57)
	at scala.Function1.$anonfun$andThen$1(Function1.scala:57)
	at play.api.libs.streams.StrictAccumulator.run(Accumulator.scala:199)
	at play.core.server.AkkaHttpServer.$anonfun$runAction$4(AkkaHttpServer.scala:417)
	at akka.http.scaladsl.util.FastFuture$.strictTransform$1(FastFuture.scala:41)
	at akka.http.scaladsl.util.FastFuture$.$anonfun$transformWith$3(FastFuture.scala:51)
	... 13 common frames omitted
2026-07-08 13:16:59,461 [ERROR] from play.api.http.DefaultHttpErrorHandler in application-akka.actor.default-dispatcher-12 - 

! @8e19e6dc9 - Internal server error, for (GET) [/app/default/resourcesencoded/cp:/picture/background.png] ->
 
play.api.UnexpectedException: Unexpected exception[MalformedURLException: unknown protocol: cp]
	at play.api.http.HttpErrorHandlerExceptions$.throwableToUsefulException(HttpErrorHandler.scala:358)
	at play.api.http.DefaultHttpErrorHandler.onServerError(HttpErrorHandler.scala:264)
	at play.core.server.AkkaHttpServer$$anonfun$2.applyOrElse(AkkaHttpServer.scala:430)
	at play.core.server.AkkaHttpServer$$anonfun$2.applyOrElse(AkkaHttpServer.scala:422)
	at scala.concurrent.Future.$anonfun$recoverWith$1(Future.scala:417)
	at scala.concurrent.impl.Promise.$anonfun$transformWith$1(Promise.scala:41)
	at scala.concurrent.impl.CallbackRunnable.run(Promise.scala:64)
	at akka.dispatch.BatchingExecutor$AbstractBatch.processBatch(BatchingExecutor.scala:63)
	at akka.dispatch.BatchingExecutor$BlockableBatch.$anonfun$run$1(BatchingExecutor.scala:100)
	at scala.runtime.java8.JFunction0$mcV$sp.apply(JFunction0$mcV$sp.java:23)
	at scala.concurrent.BlockContext$.withBlockContext(BlockContext.scala:85)
	at akka.dispatch.BatchingExecutor$BlockableBatch.run(BatchingExecutor.scala:100)
	at akka.dispatch.TaskInvocation.run(AbstractDispatcher.scala:49)
	at akka.dispatch.ForkJoinExecutorConfigurator$AkkaForkJoinTask.exec(ForkJoinExecutorConfigurator.scala:48)
	at java.base/java.util.concurrent.ForkJoinTask.doExec(ForkJoinTask.java:373)
	at java.base/java.util.concurrent.ForkJoinPool$WorkQueue.topLevelExec(ForkJoinPool.java:1182)
	at java.base/java.util.concurrent.ForkJoinPool.scan(ForkJoinPool.java:1655)
	at java.base/java.util.concurrent.ForkJoinPool.runWorker(ForkJoinPool.java:1622)
	at java.base/java.util.concurrent.ForkJoinWorkerThread.run(ForkJoinWorkerThread.java:165)
Caused by: java.net.MalformedURLException: unknown protocol: cp
	at java.base/java.net.URL.<init>(URL.java:681)
	at java.base/java.net.URL.<init>(URL.java:569)
	at java.base/java.net.URL.<init>(URL.java:516)
	at controllers.jpro.$anonfun$genURL$1(jpro.scala:365)
	at scala.Function1.$anonfun$andThen$1(Function1.scala:57)
	at play.api.mvc.ActionBuilderImpl.invokeBlock(Action.scala:441)
	at play.api.mvc.ActionBuilderImpl.invokeBlock(Action.scala:439)
	at play.api.mvc.ActionBuilder$$anon$9.apply(Action.scala:379)
	at play.api.mvc.Action.$anonfun$apply$4(Action.scala:82)
	at play.api.libs.streams.StrictAccumulator.$anonfun$mapFuture$4(Accumulator.scala:168)
	at scala.util.Try$.apply(Try.scala:213)
	at play.api.libs.streams.StrictAccumulator.$anonfun$mapFuture$3(Accumulator.scala:168)
	at scala.Function1.$anonfun$andThen$1(Function1.scala:57)
	at scala.Function1.$anonfun$andThen$1(Function1.scala:57)
	at scala.Function1.$anonfun$andThen$1(Function1.scala:57)
	at play.api.libs.streams.StrictAccumulator.run(Accumulator.scala:199)
	at play.core.server.AkkaHttpServer.$anonfun$runAction$4(AkkaHttpServer.scala:417)
	at akka.http.scaladsl.util.FastFuture$.strictTransform$1(FastFuture.scala:41)
	at akka.http.scaladsl.util.FastFuture$.$anonfun$transformWith$3(FastFuture.scala:51)
	... 13 common frames omitted
2026-07-08 13:16:59,874 [ERROR] from play.api.http.DefaultHttpErrorHandler in application-akka.actor.default-dispatcher-24 - 

! @8e19e6e27 - Internal server error, for (GET) [/app/default/resourcesencoded/cp:/picture/background.png] ->
 
play.api.UnexpectedException: Unexpected exception[MalformedURLException: unknown protocol: cp]
	at play.api.http.HttpErrorHandlerExceptions$.throwableToUsefulException(HttpErrorHandler.scala:358)
	at play.api.http.DefaultHttpErrorHandler.onServerError(HttpErrorHandler.scala:264)
	at play.core.server.AkkaHttpServer$$anonfun$2.applyOrElse(AkkaHttpServer.scala:430)
	at play.core.server.AkkaHttpServer$$anonfun$2.applyOrElse(AkkaHttpServer.scala:422)
	at scala.concurrent.Future.$anonfun$recoverWith$1(Future.scala:417)
	at scala.concurrent.impl.Promise.$anonfun$transformWith$1(Promise.scala:41)
	at scala.concurrent.impl.CallbackRunnable.run(Promise.scala:64)
	at akka.dispatch.BatchingExecutor$AbstractBatch.processBatch(BatchingExecutor.scala:63)
	at akka.dispatch.BatchingExecutor$BlockableBatch.$anonfun$run$1(BatchingExecutor.scala:100)
	at scala.runtime.java8.JFunction0$mcV$sp.apply(JFunction0$mcV$sp.java:23)
	at scala.concurrent.BlockContext$.withBlockContext(BlockContext.scala:85)
	at akka.dispatch.BatchingExecutor$BlockableBatch.run(BatchingExecutor.scala:100)
	at akka.dispatch.TaskInvocation.run(AbstractDispatcher.scala:49)
	at akka.dispatch.ForkJoinExecutorConfigurator$AkkaForkJoinTask.exec(ForkJoinExecutorConfigurator.scala:48)
	at java.base/java.util.concurrent.ForkJoinTask.doExec(ForkJoinTask.java:373)
	at java.base/java.util.concurrent.ForkJoinPool$WorkQueue.topLevelExec(ForkJoinPool.java:1182)
	at java.base/java.util.concurrent.ForkJoinPool.scan(ForkJoinPool.java:1655)
	at java.base/java.util.concurrent.ForkJoinPool.runWorker(ForkJoinPool.java:1622)
	at java.base/java.util.concurrent.ForkJoinWorkerThread.run(ForkJoinWorkerThread.java:165)
Caused by: java.net.MalformedURLException: unknown protocol: cp
	at java.base/java.net.URL.<init>(URL.java:681)
	at java.base/java.net.URL.<init>(URL.java:569)
	at java.base/java.net.URL.<init>(URL.java:516)
	at controllers.jpro.$anonfun$genURL$1(jpro.scala:365)
	at scala.Function1.$anonfun$andThen$1(Function1.scala:57)
	at play.api.mvc.ActionBuilderImpl.invokeBlock(Action.scala:441)
	at play.api.mvc.ActionBuilderImpl.invokeBlock(Action.scala:439)
	at play.api.mvc.ActionBuilder$$anon$9.apply(Action.scala:379)
	at play.api.mvc.Action.$anonfun$apply$4(Action.scala:82)
	at play.api.libs.streams.StrictAccumulator.$anonfun$mapFuture$4(Accumulator.scala:168)
	at scala.util.Try$.apply(Try.scala:213)
	at play.api.libs.streams.StrictAccumulator.$anonfun$mapFuture$3(Accumulator.scala:168)
	at scala.Function1.$anonfun$andThen$1(Function1.scala:57)
	at scala.Function1.$anonfun$andThen$1(Function1.scala:57)
	at scala.Function1.$anonfun$andThen$1(Function1.scala:57)
	at play.api.libs.streams.StrictAccumulator.run(Accumulator.scala:199)
	at play.core.server.AkkaHttpServer.$anonfun$runAction$4(AkkaHttpServer.scala:417)
	at akka.http.scaladsl.util.FastFuture$.strictTransform$1(FastFuture.scala:41)
	at akka.http.scaladsl.util.FastFuture$.$anonfun$transformWith$3(FastFuture.scala:51)
	... 13 common frames omitted
2026-07-08 13:17:00,284 [ERROR] from play.api.http.DefaultHttpErrorHandler in application-akka.actor.default-dispatcher-19 - 

! @8e19e6ei1 - Internal server error, for (GET) [/app/default/resourcesencoded/cp:/picture/background.png] ->
 
play.api.UnexpectedException: Unexpected exception[MalformedURLException: unknown protocol: cp]
	at play.api.http.HttpErrorHandlerExceptions$.throwableToUsefulException(HttpErrorHandler.scala:358)
	at play.api.http.DefaultHttpErrorHandler.onServerError(HttpErrorHandler.scala:264)
	at play.core.server.AkkaHttpServer$$anonfun$2.applyOrElse(AkkaHttpServer.scala:430)
	at play.core.server.AkkaHttpServer$$anonfun$2.applyOrElse(AkkaHttpServer.scala:422)
	at scala.concurrent.Future.$anonfun$recoverWith$1(Future.scala:417)
	at scala.concurrent.impl.Promise.$anonfun$transformWith$1(Promise.scala:41)
	at scala.concurrent.impl.CallbackRunnable.run(Promise.scala:64)
	at akka.dispatch.BatchingExecutor$AbstractBatch.processBatch(BatchingExecutor.scala:63)
	at akka.dispatch.BatchingExecutor$BlockableBatch.$anonfun$run$1(BatchingExecutor.scala:100)
	at scala.runtime.java8.JFunction0$mcV$sp.apply(JFunction0$mcV$sp.java:23)
	at scala.concurrent.BlockContext$.withBlockContext(BlockContext.scala:85)
	at akka.dispatch.BatchingExecutor$BlockableBatch.run(BatchingExecutor.scala:100)
	at akka.dispatch.TaskInvocation.run(AbstractDispatcher.scala:49)
	at akka.dispatch.ForkJoinExecutorConfigurator$AkkaForkJoinTask.exec(ForkJoinExecutorConfigurator.scala:48)
	at java.base/java.util.concurrent.ForkJoinTask.doExec(ForkJoinTask.java:373)
	at java.base/java.util.concurrent.ForkJoinPool$WorkQueue.topLevelExec(ForkJoinPool.java:1182)
	at java.base/java.util.concurrent.ForkJoinPool.scan(ForkJoinPool.java:1655)
	at java.base/java.util.concurrent.ForkJoinPool.runWorker(ForkJoinPool.java:1622)
	at java.base/java.util.concurrent.ForkJoinWorkerThread.run(ForkJoinWorkerThread.java:165)
Caused by: java.net.MalformedURLException: unknown protocol: cp
	at java.base/java.net.URL.<init>(URL.java:681)
	at java.base/java.net.URL.<init>(URL.java:569)
	at java.base/java.net.URL.<init>(URL.java:516)
	at controllers.jpro.$anonfun$genURL$1(jpro.scala:365)
	at scala.Function1.$anonfun$andThen$1(Function1.scala:57)
	at play.api.mvc.ActionBuilderImpl.invokeBlock(Action.scala:441)
	at play.api.mvc.ActionBuilderImpl.invokeBlock(Action.scala:439)
	at play.api.mvc.ActionBuilder$$anon$9.apply(Action.scala:379)
	at play.api.mvc.Action.$anonfun$apply$4(Action.scala:82)
	at play.api.libs.streams.StrictAccumulator.$anonfun$mapFuture$4(Accumulator.scala:168)
	at scala.util.Try$.apply(Try.scala:213)
	at play.api.libs.streams.StrictAccumulator.$anonfun$mapFuture$3(Accumulator.scala:168)
	at scala.Function1.$anonfun$andThen$1(Function1.scala:57)
	at scala.Function1.$anonfun$andThen$1(Function1.scala:57)
	at scala.Function1.$anonfun$andThen$1(Function1.scala:57)
	at play.api.libs.streams.StrictAccumulator.run(Accumulator.scala:199)
	at play.core.server.AkkaHttpServer.$anonfun$runAction$4(AkkaHttpServer.scala:417)
	at akka.http.scaladsl.util.FastFuture$.strictTransform$1(FastFuture.scala:41)
	at akka.http.scaladsl.util.FastFuture$.$anonfun$transformWith$3(FastFuture.scala:51)
	... 13 common frames omitted
2026-07-08 13:17:00,837 [ERROR] from play.api.http.DefaultHttpErrorHandler in application-akka.actor.default-dispatcher-17 - 

! @8e19e6fd8 - Internal server error, for (GET) [/app/default/resourcesencoded/cp:/picture/background.png] ->
 
play.api.UnexpectedException: Unexpected exception[MalformedURLException: unknown protocol: cp]
	at play.api.http.HttpErrorHandlerExceptions$.throwableToUsefulException(HttpErrorHandler.scala:358)
	at play.api.http.DefaultHttpErrorHandler.onServerError(HttpErrorHandler.scala:264)
	at play.core.server.AkkaHttpServer$$anonfun$2.applyOrElse(AkkaHttpServer.scala:430)
	at play.core.server.AkkaHttpServer$$anonfun$2.applyOrElse(AkkaHttpServer.scala:422)
	at scala.concurrent.Future.$anonfun$recoverWith$1(Future.scala:417)
	at scala.concurrent.impl.Promise.$anonfun$transformWith$1(Promise.scala:41)
	at scala.concurrent.impl.CallbackRunnable.run(Promise.scala:64)
	at akka.dispatch.BatchingExecutor$AbstractBatch.processBatch(BatchingExecutor.scala:63)
	at akka.dispatch.BatchingExecutor$BlockableBatch.$anonfun$run$1(BatchingExecutor.scala:100)
	at scala.runtime.java8.JFunction0$mcV$sp.apply(JFunction0$mcV$sp.java:23)
	at scala.concurrent.BlockContext$.withBlockContext(BlockContext.scala:85)
	at akka.dispatch.BatchingExecutor$BlockableBatch.run(BatchingExecutor.scala:100)
	at akka.dispatch.TaskInvocation.run(AbstractDispatcher.scala:49)
	at akka.dispatch.ForkJoinExecutorConfigurator$AkkaForkJoinTask.exec(ForkJoinExecutorConfigurator.scala:48)
	at java.base/java.util.concurrent.ForkJoinTask.doExec(ForkJoinTask.java:373)
	at java.base/java.util.concurrent.ForkJoinPool$WorkQueue.topLevelExec(ForkJoinPool.java:1182)
	at java.base/java.util.concurrent.ForkJoinPool.scan(ForkJoinPool.java:1655)
	at java.base/java.util.concurrent.ForkJoinPool.runWorker(ForkJoinPool.java:1622)
	at java.base/java.util.concurrent.ForkJoinWorkerThread.run(ForkJoinWorkerThread.java:165)
Caused by: java.net.MalformedURLException: unknown protocol: cp
	at java.base/java.net.URL.<init>(URL.java:681)
	at java.base/java.net.URL.<init>(URL.java:569)
	at java.base/java.net.URL.<init>(URL.java:516)
	at controllers.jpro.$anonfun$genURL$1(jpro.scala:365)
	at scala.Function1.$anonfun$andThen$1(Function1.scala:57)
	at play.api.mvc.ActionBuilderImpl.invokeBlock(Action.scala:441)
	at play.api.mvc.ActionBuilderImpl.invokeBlock(Action.scala:439)
	at play.api.mvc.ActionBuilder$$anon$9.apply(Action.scala:379)
	at play.api.mvc.Action.$anonfun$apply$4(Action.scala:82)
	at play.api.libs.streams.StrictAccumulator.$anonfun$mapFuture$4(Accumulator.scala:168)
	at scala.util.Try$.apply(Try.scala:213)
	at play.api.libs.streams.StrictAccumulator.$anonfun$mapFuture$3(Accumulator.scala:168)
	at scala.Function1.$anonfun$andThen$1(Function1.scala:57)
	at scala.Function1.$anonfun$andThen$1(Function1.scala:57)
	at scala.Function1.$anonfun$andThen$1(Function1.scala:57)
	at play.api.libs.streams.StrictAccumulator.run(Accumulator.scala:199)
	at play.core.server.AkkaHttpServer.$anonfun$runAction$4(AkkaHttpServer.scala:417)
	at akka.http.scaladsl.util.FastFuture$.strictTransform$1(FastFuture.scala:41)
	at akka.http.scaladsl.util.FastFuture$.$anonfun$transformWith$3(FastFuture.scala:51)
	... 13 common frames omitted
2026-07-08 13:17:01,259 [ERROR] from play.api.http.DefaultHttpErrorHandler in application-akka.actor.default-dispatcher-24 - 

! @8e19e6g3e - Internal server error, for (GET) [/app/default/resourcesencoded/cp:/picture/background.png] ->
 
play.api.UnexpectedException: Unexpected exception[MalformedURLException: unknown protocol: cp]
	at play.api.http.HttpErrorHandlerExceptions$.throwableToUsefulException(HttpErrorHandler.scala:358)
	at play.api.http.DefaultHttpErrorHandler.onServerError(HttpErrorHandler.scala:264)
	at play.core.server.AkkaHttpServer$$anonfun$2.applyOrElse(AkkaHttpServer.scala:430)
	at play.core.server.AkkaHttpServer$$anonfun$2.applyOrElse(AkkaHttpServer.scala:422)
	at scala.concurrent.Future.$anonfun$recoverWith$1(Future.scala:417)
	at scala.concurrent.impl.Promise.$anonfun$transformWith$1(Promise.scala:41)
	at scala.concurrent.impl.CallbackRunnable.run(Promise.scala:64)
	at akka.dispatch.BatchingExecutor$AbstractBatch.processBatch(BatchingExecutor.scala:63)
	at akka.dispatch.BatchingExecutor$BlockableBatch.$anonfun$run$1(BatchingExecutor.scala:100)
	at scala.runtime.java8.JFunction0$mcV$sp.apply(JFunction0$mcV$sp.java:23)
	at scala.concurrent.BlockContext$.withBlockContext(BlockContext.scala:85)
	at akka.dispatch.BatchingExecutor$BlockableBatch.run(BatchingExecutor.scala:100)
	at akka.dispatch.TaskInvocation.run(AbstractDispatcher.scala:49)
	at akka.dispatch.ForkJoinExecutorConfigurator$AkkaForkJoinTask.exec(ForkJoinExecutorConfigurator.scala:48)
	at java.base/java.util.concurrent.ForkJoinTask.doExec(ForkJoinTask.java:373)
	at java.base/java.util.concurrent.ForkJoinPool$WorkQueue.topLevelExec(ForkJoinPool.java:1182)
	at java.base/java.util.concurrent.ForkJoinPool.scan(ForkJoinPool.java:1655)
	at java.base/java.util.concurrent.ForkJoinPool.runWorker(ForkJoinPool.java:1622)
	at java.base/java.util.concurrent.ForkJoinWorkerThread.run(ForkJoinWorkerThread.java:165)
Caused by: java.net.MalformedURLException: unknown protocol: cp
	at java.base/java.net.URL.<init>(URL.java:681)
	at java.base/java.net.URL.<init>(URL.java:569)
	at java.base/java.net.URL.<init>(URL.java:516)
	at controllers.jpro.$anonfun$genURL$1(jpro.scala:365)
	at scala.Function1.$anonfun$andThen$1(Function1.scala:57)
	at play.api.mvc.ActionBuilderImpl.invokeBlock(Action.scala:441)
	at play.api.mvc.ActionBuilderImpl.invokeBlock(Action.scala:439)
	at play.api.mvc.ActionBuilder$$anon$9.apply(Action.scala:379)
	at play.api.mvc.Action.$anonfun$apply$4(Action.scala:82)
	at play.api.libs.streams.StrictAccumulator.$anonfun$mapFuture$4(Accumulator.scala:168)
	at scala.util.Try$.apply(Try.scala:213)
	at play.api.libs.streams.StrictAccumulator.$anonfun$mapFuture$3(Accumulator.scala:168)
	at scala.Function1.$anonfun$andThen$1(Function1.scala:57)
	at scala.Function1.$anonfun$andThen$1(Function1.scala:57)
	at scala.Function1.$anonfun$andThen$1(Function1.scala:57)
	at play.api.libs.streams.StrictAccumulator.run(Accumulator.scala:199)
	at play.core.server.AkkaHttpServer.$anonfun$runAction$4(AkkaHttpServer.scala:417)
	at akka.http.scaladsl.util.FastFuture$.strictTransform$1(FastFuture.scala:41)
	at akka.http.scaladsl.util.FastFuture$.$anonfun$transformWith$3(FastFuture.scala:51)
	... 13 common frames omitted
2026-07-08 13:17:02,059 [ERROR] from play.api.http.DefaultHttpErrorHandler in application-akka.actor.default-dispatcher-11 - 

! @8e19e6h88 - Internal server error, for (GET) [/app/default/resourcesencoded/cp:/picture/background.png] ->
 
play.api.UnexpectedException: Unexpected exception[MalformedURLException: unknown protocol: cp]
	at play.api.http.HttpErrorHandlerExceptions$.throwableToUsefulException(HttpErrorHandler.scala:358)
	at play.api.http.DefaultHttpErrorHandler.onServerError(HttpErrorHandler.scala:264)
	at play.core.server.AkkaHttpServer$$anonfun$2.applyOrElse(AkkaHttpServer.scala:430)
	at play.core.server.AkkaHttpServer$$anonfun$2.applyOrElse(AkkaHttpServer.scala:422)
	at scala.concurrent.Future.$anonfun$recoverWith$1(Future.scala:417)
	at scala.concurrent.impl.Promise.$anonfun$transformWith$1(Promise.scala:41)
	at scala.concurrent.impl.CallbackRunnable.run(Promise.scala:64)
	at akka.dispatch.BatchingExecutor$AbstractBatch.processBatch(BatchingExecutor.scala:63)
	at akka.dispatch.BatchingExecutor$BlockableBatch.$anonfun$run$1(BatchingExecutor.scala:100)
	at scala.runtime.java8.JFunction0$mcV$sp.apply(JFunction0$mcV$sp.java:23)
	at scala.concurrent.BlockContext$.withBlockContext(BlockContext.scala:85)
	at akka.dispatch.BatchingExecutor$BlockableBatch.run(BatchingExecutor.scala:100)
	at akka.dispatch.TaskInvocation.run(AbstractDispatcher.scala:49)
	at akka.dispatch.ForkJoinExecutorConfigurator$AkkaForkJoinTask.exec(ForkJoinExecutorConfigurator.scala:48)
	at java.base/java.util.concurrent.ForkJoinTask.doExec(ForkJoinTask.java:373)
	at java.base/java.util.concurrent.ForkJoinPool$WorkQueue.topLevelExec(ForkJoinPool.java:1182)
	at java.base/java.util.concurrent.ForkJoinPool.scan(ForkJoinPool.java:1655)
	at java.base/java.util.concurrent.ForkJoinPool.runWorker(ForkJoinPool.java:1622)
	at java.base/java.util.concurrent.ForkJoinWorkerThread.run(ForkJoinWorkerThread.java:165)
Caused by: java.net.MalformedURLException: unknown protocol: cp
	at java.base/java.net.URL.<init>(URL.java:681)
	at java.base/java.net.URL.<init>(URL.java:569)
	at java.base/java.net.URL.<init>(URL.java:516)
	at controllers.jpro.$anonfun$genURL$1(jpro.scala:365)
	at scala.Function1.$anonfun$andThen$1(Function1.scala:57)
	at play.api.mvc.ActionBuilderImpl.invokeBlock(Action.scala:441)
	at play.api.mvc.ActionBuilderImpl.invokeBlock(Action.scala:439)
	at play.api.mvc.ActionBuilder$$anon$9.apply(Action.scala:379)
	at play.api.mvc.Action.$anonfun$apply$4(Action.scala:82)
	at play.api.libs.streams.StrictAccumulator.$anonfun$mapFuture$4(Accumulator.scala:168)
	at scala.util.Try$.apply(Try.scala:213)
	at play.api.libs.streams.StrictAccumulator.$anonfun$mapFuture$3(Accumulator.scala:168)
	at scala.Function1.$anonfun$andThen$1(Function1.scala:57)
	at scala.Function1.$anonfun$andThen$1(Function1.scala:57)
	at scala.Function1.$anonfun$andThen$1(Function1.scala:57)
	at play.api.libs.streams.StrictAccumulator.run(Accumulator.scala:199)
	at play.core.server.AkkaHttpServer.$anonfun$runAction$4(AkkaHttpServer.scala:417)
	at akka.http.scaladsl.util.FastFuture$.strictTransform$1(FastFuture.scala:41)
	at akka.http.scaladsl.util.FastFuture$.$anonfun$transformWith$3(FastFuture.scala:51)
	... 13 common frames omitted
2026-07-08 13:17:02,487 [ERROR] from play.api.http.DefaultHttpErrorHandler in application-akka.actor.default-dispatcher-17 - 

! @8e19e6hok - Internal server error, for (GET) [/app/default/resourcesencoded/cp:/picture/background.png] ->
 
play.api.UnexpectedException: Unexpected exception[MalformedURLException: unknown protocol: cp]
	at play.api.http.HttpErrorHandlerExceptions$.throwableToUsefulException(HttpErrorHandler.scala:358)
	at play.api.http.DefaultHttpErrorHandler.onServerError(HttpErrorHandler.scala:264)
	at play.core.server.AkkaHttpServer$$anonfun$2.applyOrElse(AkkaHttpServer.scala:430)
	at play.core.server.AkkaHttpServer$$anonfun$2.applyOrElse(AkkaHttpServer.scala:422)
	at scala.concurrent.Future.$anonfun$recoverWith$1(Future.scala:417)
	at scala.concurrent.impl.Promise.$anonfun$transformWith$1(Promise.scala:41)
	at scala.concurrent.impl.CallbackRunnable.run(Promise.scala:64)
	at akka.dispatch.BatchingExecutor$AbstractBatch.processBatch(BatchingExecutor.scala:63)
	at akka.dispatch.BatchingExecutor$BlockableBatch.$anonfun$run$1(BatchingExecutor.scala:100)
	at scala.runtime.java8.JFunction0$mcV$sp.apply(JFunction0$mcV$sp.java:23)
	at scala.concurrent.BlockContext$.withBlockContext(BlockContext.scala:85)
	at akka.dispatch.BatchingExecutor$BlockableBatch.run(BatchingExecutor.scala:100)
	at akka.dispatch.TaskInvocation.run(AbstractDispatcher.scala:49)
	at akka.dispatch.ForkJoinExecutorConfigurator$AkkaForkJoinTask.exec(ForkJoinExecutorConfigurator.scala:48)
	at java.base/java.util.concurrent.ForkJoinTask.doExec(ForkJoinTask.java:373)
	at java.base/java.util.concurrent.ForkJoinPool$WorkQueue.topLevelExec(ForkJoinPool.java:1182)
	at java.base/java.util.concurrent.ForkJoinPool.scan(ForkJoinPool.java:1655)
	at java.base/java.util.concurrent.ForkJoinPool.runWorker(ForkJoinPool.java:1622)
	at java.base/java.util.concurrent.ForkJoinWorkerThread.run(ForkJoinWorkerThread.java:165)
Caused by: java.net.MalformedURLException: unknown protocol: cp
	at java.base/java.net.URL.<init>(URL.java:681)
	at java.base/java.net.URL.<init>(URL.java:569)
	at java.base/java.net.URL.<init>(URL.java:516)
	at controllers.jpro.$anonfun$genURL$1(jpro.scala:365)
	at scala.Function1.$anonfun$andThen$1(Function1.scala:57)
	at play.api.mvc.ActionBuilderImpl.invokeBlock(Action.scala:441)
	at play.api.mvc.ActionBuilderImpl.invokeBlock(Action.scala:439)
	at play.api.mvc.ActionBuilder$$anon$9.apply(Action.scala:379)
	at play.api.mvc.Action.$anonfun$apply$4(Action.scala:82)
	at play.api.libs.streams.StrictAccumulator.$anonfun$mapFuture$4(Accumulator.scala:168)
	at scala.util.Try$.apply(Try.scala:213)
	at play.api.libs.streams.StrictAccumulator.$anonfun$mapFuture$3(Accumulator.scala:168)
	at scala.Function1.$anonfun$andThen$1(Function1.scala:57)
	at scala.Function1.$anonfun$andThen$1(Function1.scala:57)
	at scala.Function1.$anonfun$andThen$1(Function1.scala:57)
	at play.api.libs.streams.StrictAccumulator.run(Accumulator.scala:199)
	at play.core.server.AkkaHttpServer.$anonfun$runAction$4(AkkaHttpServer.scala:417)
	at akka.http.scaladsl.util.FastFuture$.strictTransform$1(FastFuture.scala:41)
	at akka.http.scaladsl.util.FastFuture$.$anonfun$transformWith$3(FastFuture.scala:51)
	... 13 common frames omitted
2026-07-08 13:17:03,004 [ERROR] from play.api.http.DefaultHttpErrorHandler in application-akka.actor.default-dispatcher-11 - 

! @8e19e6iih - Internal server error, for (GET) [/app/default/resourcesencoded/cp:/picture/background.png] ->
 
play.api.UnexpectedException: Unexpected exception[MalformedURLException: unknown protocol: cp]
	at play.api.http.HttpErrorHandlerExceptions$.throwableToUsefulException(HttpErrorHandler.scala:358)
	at play.api.http.DefaultHttpErrorHandler.onServerError(HttpErrorHandler.scala:264)
	at play.core.server.AkkaHttpServer$$anonfun$2.applyOrElse(AkkaHttpServer.scala:430)
	at play.core.server.AkkaHttpServer$$anonfun$2.applyOrElse(AkkaHttpServer.scala:422)
	at scala.concurrent.Future.$anonfun$recoverWith$1(Future.scala:417)
	at scala.concurrent.impl.Promise.$anonfun$transformWith$1(Promise.scala:41)
	at scala.concurrent.impl.CallbackRunnable.run(Promise.scala:64)
	at akka.dispatch.BatchingExecutor$AbstractBatch.processBatch(BatchingExecutor.scala:63)
	at akka.dispatch.BatchingExecutor$BlockableBatch.$anonfun$run$1(BatchingExecutor.scala:100)
	at scala.runtime.java8.JFunction0$mcV$sp.apply(JFunction0$mcV$sp.java:23)
	at scala.concurrent.BlockContext$.withBlockContext(BlockContext.scala:85)
	at akka.dispatch.BatchingExecutor$BlockableBatch.run(BatchingExecutor.scala:100)
	at akka.dispatch.TaskInvocation.run(AbstractDispatcher.scala:49)
	at akka.dispatch.ForkJoinExecutorConfigurator$AkkaForkJoinTask.exec(ForkJoinExecutorConfigurator.scala:48)
	at java.base/java.util.concurrent.ForkJoinTask.doExec(ForkJoinTask.java:373)
	at java.base/java.util.concurrent.ForkJoinPool$WorkQueue.topLevelExec(ForkJoinPool.java:1182)
	at java.base/java.util.concurrent.ForkJoinPool.scan(ForkJoinPool.java:1655)
	at java.base/java.util.concurrent.ForkJoinPool.runWorker(ForkJoinPool.java:1622)
	at java.base/java.util.concurrent.ForkJoinWorkerThread.run(ForkJoinWorkerThread.java:165)
Caused by: java.net.MalformedURLException: unknown protocol: cp
	at java.base/java.net.URL.<init>(URL.java:681)
	at java.base/java.net.URL.<init>(URL.java:569)
	at java.base/java.net.URL.<init>(URL.java:516)
	at controllers.jpro.$anonfun$genURL$1(jpro.scala:365)
	at scala.Function1.$anonfun$andThen$1(Function1.scala:57)
	at play.api.mvc.ActionBuilderImpl.invokeBlock(Action.scala:441)
	at play.api.mvc.ActionBuilderImpl.invokeBlock(Action.scala:439)
	at play.api.mvc.ActionBuilder$$anon$9.apply(Action.scala:379)
	at play.api.mvc.Action.$anonfun$apply$4(Action.scala:82)
	at play.api.libs.streams.StrictAccumulator.$anonfun$mapFuture$4(Accumulator.scala:168)
	at scala.util.Try$.apply(Try.scala:213)
	at play.api.libs.streams.StrictAccumulator.$anonfun$mapFuture$3(Accumulator.scala:168)
	at scala.Function1.$anonfun$andThen$1(Function1.scala:57)
	at scala.Function1.$anonfun$andThen$1(Function1.scala:57)
	at scala.Function1.$anonfun$andThen$1(Function1.scala:57)
	at play.api.libs.streams.StrictAccumulator.run(Accumulator.scala:199)
	at play.core.server.AkkaHttpServer.$anonfun$runAction$4(AkkaHttpServer.scala:417)
	at akka.http.scaladsl.util.FastFuture$.strictTransform$1(FastFuture.scala:41)
	at akka.http.scaladsl.util.FastFuture$.$anonfun$transformWith$3(FastFuture.scala:51)
	... 13 common frames omitted
2026-07-08 13:17:03,463 [ERROR] from play.api.http.DefaultHttpErrorHandler in application-akka.actor.default-dispatcher-23 - 

! @8e19e6ja8 - Internal server error, for (GET) [/app/default/resourcesencoded/cp:/picture/background.png] ->
 
play.api.UnexpectedException: Unexpected exception[MalformedURLException: unknown protocol: cp]
	at play.api.http.HttpErrorHandlerExceptions$.throwableToUsefulException(HttpErrorHandler.scala:358)
	at play.api.http.DefaultHttpErrorHandler.onServerError(HttpErrorHandler.scala:264)
	at play.core.server.AkkaHttpServer$$anonfun$2.applyOrElse(AkkaHttpServer.scala:430)
	at play.core.server.AkkaHttpServer$$anonfun$2.applyOrElse(AkkaHttpServer.scala:422)
	at scala.concurrent.Future.$anonfun$recoverWith$1(Future.scala:417)
	at scala.concurrent.impl.Promise.$anonfun$transformWith$1(Promise.scala:41)
	at scala.concurrent.impl.CallbackRunnable.run(Promise.scala:64)
	at akka.dispatch.BatchingExecutor$AbstractBatch.processBatch(BatchingExecutor.scala:63)
	at akka.dispatch.BatchingExecutor$BlockableBatch.$anonfun$run$1(BatchingExecutor.scala:100)
	at scala.runtime.java8.JFunction0$mcV$sp.apply(JFunction0$mcV$sp.java:23)
	at scala.concurrent.BlockContext$.withBlockContext(BlockContext.scala:85)
	at akka.dispatch.BatchingExecutor$BlockableBatch.run(BatchingExecutor.scala:100)
	at akka.dispatch.TaskInvocation.run(AbstractDispatcher.scala:49)
	at akka.dispatch.ForkJoinExecutorConfigurator$AkkaForkJoinTask.exec(ForkJoinExecutorConfigurator.scala:48)
	at java.base/java.util.concurrent.ForkJoinTask.doExec(ForkJoinTask.java:373)
	at java.base/java.util.concurrent.ForkJoinPool$WorkQueue.topLevelExec(ForkJoinPool.java:1182)
	at java.base/java.util.concurrent.ForkJoinPool.scan(ForkJoinPool.java:1655)
	at java.base/java.util.concurrent.ForkJoinPool.runWorker(ForkJoinPool.java:1622)
	at java.base/java.util.concurrent.ForkJoinWorkerThread.run(ForkJoinWorkerThread.java:165)
Caused by: java.net.MalformedURLException: unknown protocol: cp
	at java.base/java.net.URL.<init>(URL.java:681)
	at java.base/java.net.URL.<init>(URL.java:569)
	at java.base/java.net.URL.<init>(URL.java:516)
	at controllers.jpro.$anonfun$genURL$1(jpro.scala:365)
	at scala.Function1.$anonfun$andThen$1(Function1.scala:57)
	at play.api.mvc.ActionBuilderImpl.invokeBlock(Action.scala:441)
	at play.api.mvc.ActionBuilderImpl.invokeBlock(Action.scala:439)
	at play.api.mvc.ActionBuilder$$anon$9.apply(Action.scala:379)
	at play.api.mvc.Action.$anonfun$apply$4(Action.scala:82)
	at play.api.libs.streams.StrictAccumulator.$anonfun$mapFuture$4(Accumulator.scala:168)
	at scala.util.Try$.apply(Try.scala:213)
	at play.api.libs.streams.StrictAccumulator.$anonfun$mapFuture$3(Accumulator.scala:168)
	at scala.Function1.$anonfun$andThen$1(Function1.scala:57)
	at scala.Function1.$anonfun$andThen$1(Function1.scala:57)
	at scala.Function1.$anonfun$andThen$1(Function1.scala:57)
	at play.api.libs.streams.StrictAccumulator.run(Accumulator.scala:199)
	at play.core.server.AkkaHttpServer.$anonfun$runAction$4(AkkaHttpServer.scala:417)
	at akka.http.scaladsl.util.FastFuture$.strictTransform$1(FastFuture.scala:41)
	at akka.http.scaladsl.util.FastFuture$.$anonfun$transformWith$3(FastFuture.scala:51)
	... 13 common frames omitted
2026-07-08 13:17:03,932 [ERROR] from play.api.http.DefaultHttpErrorHandler in application-akka.actor.default-dispatcher-23 - 

! @8e19e6k29 - Internal server error, for (GET) [/app/default/resourcesencoded/cp:/picture/background.png] ->
 
play.api.UnexpectedException: Unexpected exception[MalformedURLException: unknown protocol: cp]
	at play.api.http.HttpErrorHandlerExceptions$.throwableToUsefulException(HttpErrorHandler.scala:358)
	at play.api.http.DefaultHttpErrorHandler.onServerError(HttpErrorHandler.scala:264)
	at play.core.server.AkkaHttpServer$$anonfun$2.applyOrElse(AkkaHttpServer.scala:430)
	at play.core.server.AkkaHttpServer$$anonfun$2.applyOrElse(AkkaHttpServer.scala:422)
	at scala.concurrent.Future.$anonfun$recoverWith$1(Future.scala:417)
	at scala.concurrent.impl.Promise.$anonfun$transformWith$1(Promise.scala:41)
	at scala.concurrent.impl.CallbackRunnable.run(Promise.scala:64)
	at akka.dispatch.BatchingExecutor$AbstractBatch.processBatch(BatchingExecutor.scala:63)
	at akka.dispatch.BatchingExecutor$BlockableBatch.$anonfun$run$1(BatchingExecutor.scala:100)
	at scala.runtime.java8.JFunction0$mcV$sp.apply(JFunction0$mcV$sp.java:23)
	at scala.concurrent.BlockContext$.withBlockContext(BlockContext.scala:85)
	at akka.dispatch.BatchingExecutor$BlockableBatch.run(BatchingExecutor.scala:100)
	at akka.dispatch.TaskInvocation.run(AbstractDispatcher.scala:49)
	at akka.dispatch.ForkJoinExecutorConfigurator$AkkaForkJoinTask.exec(ForkJoinExecutorConfigurator.scala:48)
	at java.base/java.util.concurrent.ForkJoinTask.doExec(ForkJoinTask.java:373)
	at java.base/java.util.concurrent.ForkJoinPool$WorkQueue.topLevelExec(ForkJoinPool.java:1182)
	at java.base/java.util.concurrent.ForkJoinPool.scan(ForkJoinPool.java:1655)
	at java.base/java.util.concurrent.ForkJoinPool.runWorker(ForkJoinPool.java:1622)
	at java.base/java.util.concurrent.ForkJoinWorkerThread.run(ForkJoinWorkerThread.java:165)
Caused by: java.net.MalformedURLException: unknown protocol: cp
	at java.base/java.net.URL.<init>(URL.java:681)
	at java.base/java.net.URL.<init>(URL.java:569)
	at java.base/java.net.URL.<init>(URL.java:516)
	at controllers.jpro.$anonfun$genURL$1(jpro.scala:365)
	at scala.Function1.$anonfun$andThen$1(Function1.scala:57)
	at play.api.mvc.ActionBuilderImpl.invokeBlock(Action.scala:441)
	at play.api.mvc.ActionBuilderImpl.invokeBlock(Action.scala:439)
	at play.api.mvc.ActionBuilder$$anon$9.apply(Action.scala:379)
	at play.api.mvc.Action.$anonfun$apply$4(Action.scala:82)
	at play.api.libs.streams.StrictAccumulator.$anonfun$mapFuture$4(Accumulator.scala:168)
	at scala.util.Try$.apply(Try.scala:213)
	at play.api.libs.streams.StrictAccumulator.$anonfun$mapFuture$3(Accumulator.scala:168)
	at scala.Function1.$anonfun$andThen$1(Function1.scala:57)
	at scala.Function1.$anonfun$andThen$1(Function1.scala:57)
	at scala.Function1.$anonfun$andThen$1(Function1.scala:57)
	at play.api.libs.streams.StrictAccumulator.run(Accumulator.scala:199)
	at play.core.server.AkkaHttpServer.$anonfun$runAction$4(AkkaHttpServer.scala:417)
	at akka.http.scaladsl.util.FastFuture$.strictTransform$1(FastFuture.scala:41)
	at akka.http.scaladsl.util.FastFuture$.$anonfun$transformWith$3(FastFuture.scala:51)
	... 13 common frames omitted
2026-07-08 13:17:05,907 [ERROR] from play.api.http.DefaultHttpErrorHandler in application-akka.actor.default-dispatcher-19 - 

! @8e19e6n08 - Internal server error, for (GET) [/app/default/resourcesencoded/cp:/picture/background.png] ->
 
play.api.UnexpectedException: Unexpected exception[MalformedURLException: unknown protocol: cp]
	at play.api.http.HttpErrorHandlerExceptions$.throwableToUsefulException(HttpErrorHandler.scala:358)
	at play.api.http.DefaultHttpErrorHandler.onServerError(HttpErrorHandler.scala:264)
	at play.core.server.AkkaHttpServer$$anonfun$2.applyOrElse(AkkaHttpServer.scala:430)
	at play.core.server.AkkaHttpServer$$anonfun$2.applyOrElse(AkkaHttpServer.scala:422)
	at scala.concurrent.Future.$anonfun$recoverWith$1(Future.scala:417)
	at scala.concurrent.impl.Promise.$anonfun$transformWith$1(Promise.scala:41)
	at scala.concurrent.impl.CallbackRunnable.run(Promise.scala:64)
	at akka.dispatch.BatchingExecutor$AbstractBatch.processBatch(BatchingExecutor.scala:63)
	at akka.dispatch.BatchingExecutor$BlockableBatch.$anonfun$run$1(BatchingExecutor.scala:100)
	at scala.runtime.java8.JFunction0$mcV$sp.apply(JFunction0$mcV$sp.java:23)
	at scala.concurrent.BlockContext$.withBlockContext(BlockContext.scala:85)
	at akka.dispatch.BatchingExecutor$BlockableBatch.run(BatchingExecutor.scala:100)
	at akka.dispatch.TaskInvocation.run(AbstractDispatcher.scala:49)
	at akka.dispatch.ForkJoinExecutorConfigurator$AkkaForkJoinTask.exec(ForkJoinExecutorConfigurator.scala:48)
	at java.base/java.util.concurrent.ForkJoinTask.doExec(ForkJoinTask.java:373)
	at java.base/java.util.concurrent.ForkJoinPool$WorkQueue.topLevelExec(ForkJoinPool.java:1182)
	at java.base/java.util.concurrent.ForkJoinPool.scan(ForkJoinPool.java:1655)
	at java.base/java.util.concurrent.ForkJoinPool.runWorker(ForkJoinPool.java:1622)
	at java.base/java.util.concurrent.ForkJoinWorkerThread.run(ForkJoinWorkerThread.java:165)
Caused by: java.net.MalformedURLException: unknown protocol: cp
	at java.base/java.net.URL.<init>(URL.java:681)
	at java.base/java.net.URL.<init>(URL.java:569)
	at java.base/java.net.URL.<init>(URL.java:516)
	at controllers.jpro.$anonfun$genURL$1(jpro.scala:365)
	at scala.Function1.$anonfun$andThen$1(Function1.scala:57)
	at play.api.mvc.ActionBuilderImpl.invokeBlock(Action.scala:441)
	at play.api.mvc.ActionBuilderImpl.invokeBlock(Action.scala:439)
	at play.api.mvc.ActionBuilder$$anon$9.apply(Action.scala:379)
	at play.api.mvc.Action.$anonfun$apply$4(Action.scala:82)
	at play.api.libs.streams.StrictAccumulator.$anonfun$mapFuture$4(Accumulator.scala:168)
	at scala.util.Try$.apply(Try.scala:213)
	at play.api.libs.streams.StrictAccumulator.$anonfun$mapFuture$3(Accumulator.scala:168)
	at scala.Function1.$anonfun$andThen$1(Function1.scala:57)
	at scala.Function1.$anonfun$andThen$1(Function1.scala:57)
	at scala.Function1.$anonfun$andThen$1(Function1.scala:57)
	at play.api.libs.streams.StrictAccumulator.run(Accumulator.scala:199)
	at play.core.server.AkkaHttpServer.$anonfun$runAction$4(AkkaHttpServer.scala:417)
	at akka.http.scaladsl.util.FastFuture$.strictTransform$1(FastFuture.scala:41)
	at akka.http.scaladsl.util.FastFuture$.$anonfun$transformWith$3(FastFuture.scala:51)
	... 13 common frames omitted
2026-07-08 13:17:06,998 [ERROR] from play.api.http.DefaultHttpErrorHandler in application-akka.actor.default-dispatcher-17 - 

! @8e19e6og7 - Internal server error, for (GET) [/app/default/resourcesencoded/cp:/picture/background.png] ->
 
play.api.UnexpectedException: Unexpected exception[MalformedURLException: unknown protocol: cp]
	at play.api.http.HttpErrorHandlerExceptions$.throwableToUsefulException(HttpErrorHandler.scala:358)
	at play.api.http.DefaultHttpErrorHandler.onServerError(HttpErrorHandler.scala:264)
	at play.core.server.AkkaHttpServer$$anonfun$2.applyOrElse(AkkaHttpServer.scala:430)
	at play.core.server.AkkaHttpServer$$anonfun$2.applyOrElse(AkkaHttpServer.scala:422)
	at scala.concurrent.Future.$anonfun$recoverWith$1(Future.scala:417)
	at scala.concurrent.impl.Promise.$anonfun$transformWith$1(Promise.scala:41)
	at scala.concurrent.impl.CallbackRunnable.run(Promise.scala:64)
	at akka.dispatch.BatchingExecutor$AbstractBatch.processBatch(BatchingExecutor.scala:63)
	at akka.dispatch.BatchingExecutor$BlockableBatch.$anonfun$run$1(BatchingExecutor.scala:100)
	at scala.runtime.java8.JFunction0$mcV$sp.apply(JFunction0$mcV$sp.java:23)
	at scala.concurrent.BlockContext$.withBlockContext(BlockContext.scala:85)
	at akka.dispatch.BatchingExecutor$BlockableBatch.run(BatchingExecutor.scala:100)
	at akka.dispatch.TaskInvocation.run(AbstractDispatcher.scala:49)
	at akka.dispatch.ForkJoinExecutorConfigurator$AkkaForkJoinTask.exec(ForkJoinExecutorConfigurator.scala:48)
	at java.base/java.util.concurrent.ForkJoinTask.doExec(ForkJoinTask.java:373)
	at java.base/java.util.concurrent.ForkJoinPool$WorkQueue.topLevelExec(ForkJoinPool.java:1182)
	at java.base/java.util.concurrent.ForkJoinPool.scan(ForkJoinPool.java:1655)
	at java.base/java.util.concurrent.ForkJoinPool.runWorker(ForkJoinPool.java:1622)
	at java.base/java.util.concurrent.ForkJoinWorkerThread.run(ForkJoinWorkerThread.java:165)
Caused by: java.net.MalformedURLException: unknown protocol: cp
	at java.base/java.net.URL.<init>(URL.java:681)
	at java.base/java.net.URL.<init>(URL.java:569)
	at java.base/java.net.URL.<init>(URL.java:516)
	at controllers.jpro.$anonfun$genURL$1(jpro.scala:365)
	at scala.Function1.$anonfun$andThen$1(Function1.scala:57)
	at play.api.mvc.ActionBuilderImpl.invokeBlock(Action.scala:441)
	at play.api.mvc.ActionBuilderImpl.invokeBlock(Action.scala:439)
	at play.api.mvc.ActionBuilder$$anon$9.apply(Action.scala:379)
	at play.api.mvc.Action.$anonfun$apply$4(Action.scala:82)
	at play.api.libs.streams.StrictAccumulator.$anonfun$mapFuture$4(Accumulator.scala:168)
	at scala.util.Try$.apply(Try.scala:213)
	at play.api.libs.streams.StrictAccumulator.$anonfun$mapFuture$3(Accumulator.scala:168)
	at scala.Function1.$anonfun$andThen$1(Function1.scala:57)
	at scala.Function1.$anonfun$andThen$1(Function1.scala:57)
	at scala.Function1.$anonfun$andThen$1(Function1.scala:57)
	at play.api.libs.streams.StrictAccumulator.run(Accumulator.scala:199)
	at play.core.server.AkkaHttpServer.$anonfun$runAction$4(AkkaHttpServer.scala:417)
	at akka.http.scaladsl.util.FastFuture$.strictTransform$1(FastFuture.scala:41)
	at akka.http.scaladsl.util.FastFuture$.$anonfun$transformWith$3(FastFuture.scala:51)
	... 13 common frames omitted
2026-07-08 13:17:07,663 [ERROR] from play.api.http.DefaultHttpErrorHandler in application-akka.actor.default-dispatcher-24 - 

! @8e19e6pfm - Internal server error, for (GET) [/app/default/resourcesencoded/cp:/picture/background.png] ->
 
play.api.UnexpectedException: Unexpected exception[MalformedURLException: unknown protocol: cp]
	at play.api.http.HttpErrorHandlerExceptions$.throwableToUsefulException(HttpErrorHandler.scala:358)
	at play.api.http.DefaultHttpErrorHandler.onServerError(HttpErrorHandler.scala:264)
	at play.core.server.AkkaHttpServer$$anonfun$2.applyOrElse(AkkaHttpServer.scala:430)
	at play.core.server.AkkaHttpServer$$anonfun$2.applyOrElse(AkkaHttpServer.scala:422)
	at scala.concurrent.Future.$anonfun$recoverWith$1(Future.scala:417)
	at scala.concurrent.impl.Promise.$anonfun$transformWith$1(Promise.scala:41)
	at scala.concurrent.impl.CallbackRunnable.run(Promise.scala:64)
	at akka.dispatch.BatchingExecutor$AbstractBatch.processBatch(BatchingExecutor.scala:63)
	at akka.dispatch.BatchingExecutor$BlockableBatch.$anonfun$run$1(BatchingExecutor.scala:100)
	at scala.runtime.java8.JFunction0$mcV$sp.apply(JFunction0$mcV$sp.java:23)
	at scala.concurrent.BlockContext$.withBlockContext(BlockContext.scala:85)
	at akka.dispatch.BatchingExecutor$BlockableBatch.run(BatchingExecutor.scala:100)
	at akka.dispatch.TaskInvocation.run(AbstractDispatcher.scala:49)
	at akka.dispatch.ForkJoinExecutorConfigurator$AkkaForkJoinTask.exec(ForkJoinExecutorConfigurator.scala:48)
	at java.base/java.util.concurrent.ForkJoinTask.doExec(ForkJoinTask.java:373)
	at java.base/java.util.concurrent.ForkJoinPool$WorkQueue.topLevelExec(ForkJoinPool.java:1182)
	at java.base/java.util.concurrent.ForkJoinPool.scan(ForkJoinPool.java:1655)
	at java.base/java.util.concurrent.ForkJoinPool.runWorker(ForkJoinPool.java:1622)
	at java.base/java.util.concurrent.ForkJoinWorkerThread.run(ForkJoinWorkerThread.java:165)
Caused by: java.net.MalformedURLException: unknown protocol: cp
	at java.base/java.net.URL.<init>(URL.java:681)
	at java.base/java.net.URL.<init>(URL.java:569)
	at java.base/java.net.URL.<init>(URL.java:516)
	at controllers.jpro.$anonfun$genURL$1(jpro.scala:365)
	at scala.Function1.$anonfun$andThen$1(Function1.scala:57)
	at play.api.mvc.ActionBuilderImpl.invokeBlock(Action.scala:441)
	at play.api.mvc.ActionBuilderImpl.invokeBlock(Action.scala:439)
	at play.api.mvc.ActionBuilder$$anon$9.apply(Action.scala:379)
	at play.api.mvc.Action.$anonfun$apply$4(Action.scala:82)
	at play.api.libs.streams.StrictAccumulator.$anonfun$mapFuture$4(Accumulator.scala:168)
	at scala.util.Try$.apply(Try.scala:213)
	at play.api.libs.streams.StrictAccumulator.$anonfun$mapFuture$3(Accumulator.scala:168)
	at scala.Function1.$anonfun$andThen$1(Function1.scala:57)
	at scala.Function1.$anonfun$andThen$1(Function1.scala:57)
	at scala.Function1.$anonfun$andThen$1(Function1.scala:57)
	at play.api.libs.streams.StrictAccumulator.run(Accumulator.scala:199)
	at play.core.server.AkkaHttpServer.$anonfun$runAction$4(AkkaHttpServer.scala:417)
	at akka.http.scaladsl.util.FastFuture$.strictTransform$1(FastFuture.scala:41)
	at akka.http.scaladsl.util.FastFuture$.$anonfun$transformWith$3(FastFuture.scala:51)
	... 13 common frames omitted
2026-07-08 13:17:09,101 [ERROR] from play.api.http.DefaultHttpErrorHandler in application-akka.actor.default-dispatcher-19 - 

! @8e19e71j3 - Internal server error, for (GET) [/app/default/resourcesencoded/cp:/picture/background.png] ->
 
play.api.UnexpectedException: Unexpected exception[MalformedURLException: unknown protocol: cp]
	at play.api.http.HttpErrorHandlerExceptions$.throwableToUsefulException(HttpErrorHandler.scala:358)
	at play.api.http.DefaultHttpErrorHandler.onServerError(HttpErrorHandler.scala:264)
	at play.core.server.AkkaHttpServer$$anonfun$2.applyOrElse(AkkaHttpServer.scala:430)
	at play.core.server.AkkaHttpServer$$anonfun$2.applyOrElse(AkkaHttpServer.scala:422)
	at scala.concurrent.Future.$anonfun$recoverWith$1(Future.scala:417)
	at scala.concurrent.impl.Promise.$anonfun$transformWith$1(Promise.scala:41)
	at scala.concurrent.impl.CallbackRunnable.run(Promise.scala:64)
	at akka.dispatch.BatchingExecutor$AbstractBatch.processBatch(BatchingExecutor.scala:63)
	at akka.dispatch.BatchingExecutor$BlockableBatch.$anonfun$run$1(BatchingExecutor.scala:100)
	at scala.runtime.java8.JFunction0$mcV$sp.apply(JFunction0$mcV$sp.java:23)
	at scala.concurrent.BlockContext$.withBlockContext(BlockContext.scala:85)
	at akka.dispatch.BatchingExecutor$BlockableBatch.run(BatchingExecutor.scala:100)
	at akka.dispatch.TaskInvocation.run(AbstractDispatcher.scala:49)
	at akka.dispatch.ForkJoinExecutorConfigurator$AkkaForkJoinTask.exec(ForkJoinExecutorConfigurator.scala:48)
	at java.base/java.util.concurrent.ForkJoinTask.doExec(ForkJoinTask.java:373)
	at java.base/java.util.concurrent.ForkJoinPool$WorkQueue.topLevelExec(ForkJoinPool.java:1182)
	at java.base/java.util.concurrent.ForkJoinPool.scan(ForkJoinPool.java:1655)
	at java.base/java.util.concurrent.ForkJoinPool.runWorker(ForkJoinPool.java:1622)
	at java.base/java.util.concurrent.ForkJoinWorkerThread.run(ForkJoinWorkerThread.java:165)
Caused by: java.net.MalformedURLException: unknown protocol: cp
	at java.base/java.net.URL.<init>(URL.java:681)
	at java.base/java.net.URL.<init>(URL.java:569)
	at java.base/java.net.URL.<init>(URL.java:516)
	at controllers.jpro.$anonfun$genURL$1(jpro.scala:365)
	at scala.Function1.$anonfun$andThen$1(Function1.scala:57)
	at play.api.mvc.ActionBuilderImpl.invokeBlock(Action.scala:441)
	at play.api.mvc.ActionBuilderImpl.invokeBlock(Action.scala:439)
	at play.api.mvc.ActionBuilder$$anon$9.apply(Action.scala:379)
	at play.api.mvc.Action.$anonfun$apply$4(Action.scala:82)
	at play.api.libs.streams.StrictAccumulator.$anonfun$mapFuture$4(Accumulator.scala:168)
	at scala.util.Try$.apply(Try.scala:213)
	at play.api.libs.streams.StrictAccumulator.$anonfun$mapFuture$3(Accumulator.scala:168)
	at scala.Function1.$anonfun$andThen$1(Function1.scala:57)
	at scala.Function1.$anonfun$andThen$1(Function1.scala:57)
	at scala.Function1.$anonfun$andThen$1(Function1.scala:57)
	at play.api.libs.streams.StrictAccumulator.run(Accumulator.scala:199)
	at play.core.server.AkkaHttpServer.$anonfun$runAction$4(AkkaHttpServer.scala:417)
	at akka.http.scaladsl.util.FastFuture$.strictTransform$1(FastFuture.scala:41)
	at akka.http.scaladsl.util.FastFuture$.$anonfun$transformWith$3(FastFuture.scala:51)
	... 13 common frames omitted
2026-07-08 13:17:10,254 [ERROR] from play.api.http.DefaultHttpErrorHandler in application-akka.actor.default-dispatcher-12 - 

! @8e19e73bc - Internal server error, for (GET) [/app/default/resourcesencoded/cp:/picture/background.png] ->
 
play.api.UnexpectedException: Unexpected exception[MalformedURLException: unknown protocol: cp]
	at play.api.http.HttpErrorHandlerExceptions$.throwableToUsefulException(HttpErrorHandler.scala:358)
	at play.api.http.DefaultHttpErrorHandler.onServerError(HttpErrorHandler.scala:264)
	at play.core.server.AkkaHttpServer$$anonfun$2.applyOrElse(AkkaHttpServer.scala:430)
	at play.core.server.AkkaHttpServer$$anonfun$2.applyOrElse(AkkaHttpServer.scala:422)
	at scala.concurrent.Future.$anonfun$recoverWith$1(Future.scala:417)
	at scala.concurrent.impl.Promise.$anonfun$transformWith$1(Promise.scala:41)
	at scala.concurrent.impl.CallbackRunnable.run(Promise.scala:64)
	at akka.dispatch.BatchingExecutor$AbstractBatch.processBatch(BatchingExecutor.scala:63)
	at akka.dispatch.BatchingExecutor$BlockableBatch.$anonfun$run$1(BatchingExecutor.scala:100)
	at scala.runtime.java8.JFunction0$mcV$sp.apply(JFunction0$mcV$sp.java:23)
	at scala.concurrent.BlockContext$.withBlockContext(BlockContext.scala:85)
	at akka.dispatch.BatchingExecutor$BlockableBatch.run(BatchingExecutor.scala:100)
	at akka.dispatch.TaskInvocation.run(AbstractDispatcher.scala:49)
	at akka.dispatch.ForkJoinExecutorConfigurator$AkkaForkJoinTask.exec(ForkJoinExecutorConfigurator.scala:48)
	at java.base/java.util.concurrent.ForkJoinTask.doExec(ForkJoinTask.java:373)
	at java.base/java.util.concurrent.ForkJoinPool$WorkQueue.topLevelExec(ForkJoinPool.java:1182)
	at java.base/java.util.concurrent.ForkJoinPool.scan(ForkJoinPool.java:1655)
	at java.base/java.util.concurrent.ForkJoinPool.runWorker(ForkJoinPool.java:1622)
	at java.base/java.util.concurrent.ForkJoinWorkerThread.run(ForkJoinWorkerThread.java:165)
Caused by: java.net.MalformedURLException: unknown protocol: cp
	at java.base/java.net.URL.<init>(URL.java:681)
	at java.base/java.net.URL.<init>(URL.java:569)
	at java.base/java.net.URL.<init>(URL.java:516)
	at controllers.jpro.$anonfun$genURL$1(jpro.scala:365)
	at scala.Function1.$anonfun$andThen$1(Function1.scala:57)
	at play.api.mvc.ActionBuilderImpl.invokeBlock(Action.scala:441)
	at play.api.mvc.ActionBuilderImpl.invokeBlock(Action.scala:439)
	at play.api.mvc.ActionBuilder$$anon$9.apply(Action.scala:379)
	at play.api.mvc.Action.$anonfun$apply$4(Action.scala:82)
	at play.api.libs.streams.StrictAccumulator.$anonfun$mapFuture$4(Accumulator.scala:168)
	at scala.util.Try$.apply(Try.scala:213)
	at play.api.libs.streams.StrictAccumulator.$anonfun$mapFuture$3(Accumulator.scala:168)
	at scala.Function1.$anonfun$andThen$1(Function1.scala:57)
	at scala.Function1.$anonfun$andThen$1(Function1.scala:57)
	at scala.Function1.$anonfun$andThen$1(Function1.scala:57)
	at play.api.libs.streams.StrictAccumulator.run(Accumulator.scala:199)
	at play.core.server.AkkaHttpServer.$anonfun$runAction$4(AkkaHttpServer.scala:417)
	at akka.http.scaladsl.util.FastFuture$.strictTransform$1(FastFuture.scala:41)
	at akka.http.scaladsl.util.FastFuture$.$anonfun$transformWith$3(FastFuture.scala:51)
	... 13 common frames omitted
2026-07-08 13:17:11,387 [ERROR] from play.api.http.DefaultHttpErrorHandler in application-akka.actor.default-dispatcher-11 - 

! @8e19e7530 - Internal server error, for (GET) [/app/default/resourcesencoded/cp:/picture/background.png] ->
 
play.api.UnexpectedException: Unexpected exception[MalformedURLException: unknown protocol: cp]
	at play.api.http.HttpErrorHandlerExceptions$.throwableToUsefulException(HttpErrorHandler.scala:358)
	at play.api.http.DefaultHttpErrorHandler.onServerError(HttpErrorHandler.scala:264)
	at play.core.server.AkkaHttpServer$$anonfun$2.applyOrElse(AkkaHttpServer.scala:430)
	at play.core.server.AkkaHttpServer$$anonfun$2.applyOrElse(AkkaHttpServer.scala:422)
	at scala.concurrent.Future.$anonfun$recoverWith$1(Future.scala:417)
	at scala.concurrent.impl.Promise.$anonfun$transformWith$1(Promise.scala:41)
	at scala.concurrent.impl.CallbackRunnable.run(Promise.scala:64)
	at akka.dispatch.BatchingExecutor$AbstractBatch.processBatch(BatchingExecutor.scala:63)
	at akka.dispatch.BatchingExecutor$BlockableBatch.$anonfun$run$1(BatchingExecutor.scala:100)
	at scala.runtime.java8.JFunction0$mcV$sp.apply(JFunction0$mcV$sp.java:23)
	at scala.concurrent.BlockContext$.withBlockContext(BlockContext.scala:85)
	at akka.dispatch.BatchingExecutor$BlockableBatch.run(BatchingExecutor.scala:100)
	at akka.dispatch.TaskInvocation.run(AbstractDispatcher.scala:49)
	at akka.dispatch.ForkJoinExecutorConfigurator$AkkaForkJoinTask.exec(ForkJoinExecutorConfigurator.scala:48)
	at java.base/java.util.concurrent.ForkJoinTask.doExec(ForkJoinTask.java:373)
	at java.base/java.util.concurrent.ForkJoinPool$WorkQueue.topLevelExec(ForkJoinPool.java:1182)
	at java.base/java.util.concurrent.ForkJoinPool.scan(ForkJoinPool.java:1655)
	at java.base/java.util.concurrent.ForkJoinPool.runWorker(ForkJoinPool.java:1622)
	at java.base/java.util.concurrent.ForkJoinWorkerThread.run(ForkJoinWorkerThread.java:165)
Caused by: java.net.MalformedURLException: unknown protocol: cp
	at java.base/java.net.URL.<init>(URL.java:681)
	at java.base/java.net.URL.<init>(URL.java:569)
	at java.base/java.net.URL.<init>(URL.java:516)
	at controllers.jpro.$anonfun$genURL$1(jpro.scala:365)
	at scala.Function1.$anonfun$andThen$1(Function1.scala:57)
	at play.api.mvc.ActionBuilderImpl.invokeBlock(Action.scala:441)
	at play.api.mvc.ActionBuilderImpl.invokeBlock(Action.scala:439)
	at play.api.mvc.ActionBuilder$$anon$9.apply(Action.scala:379)
	at play.api.mvc.Action.$anonfun$apply$4(Action.scala:82)
	at play.api.libs.streams.StrictAccumulator.$anonfun$mapFuture$4(Accumulator.scala:168)
	at scala.util.Try$.apply(Try.scala:213)
	at play.api.libs.streams.StrictAccumulator.$anonfun$mapFuture$3(Accumulator.scala:168)
	at scala.Function1.$anonfun$andThen$1(Function1.scala:57)
	at scala.Function1.$anonfun$andThen$1(Function1.scala:57)
	at scala.Function1.$anonfun$andThen$1(Function1.scala:57)
	at play.api.libs.streams.StrictAccumulator.run(Accumulator.scala:199)
	at play.core.server.AkkaHttpServer.$anonfun$runAction$4(AkkaHttpServer.scala:417)
	at akka.http.scaladsl.util.FastFuture$.strictTransform$1(FastFuture.scala:41)
	at akka.http.scaladsl.util.FastFuture$.$anonfun$transformWith$3(FastFuture.scala:51)
	... 13 common frames omitted
2026-07-08 13:17:12,017 [ERROR] from play.api.http.DefaultHttpErrorHandler in application-akka.actor.default-dispatcher-27 - 

! @8e19e7618 - Internal server error, for (GET) [/app/default/resourcesencoded/cp:/picture/background.png] ->
 
play.api.UnexpectedException: Unexpected exception[MalformedURLException: unknown protocol: cp]
	at play.api.http.HttpErrorHandlerExceptions$.throwableToUsefulException(HttpErrorHandler.scala:358)
	at play.api.http.DefaultHttpErrorHandler.onServerError(HttpErrorHandler.scala:264)
	at play.core.server.AkkaHttpServer$$anonfun$2.applyOrElse(AkkaHttpServer.scala:430)
	at play.core.server.AkkaHttpServer$$anonfun$2.applyOrElse(AkkaHttpServer.scala:422)
	at scala.concurrent.Future.$anonfun$recoverWith$1(Future.scala:417)
	at scala.concurrent.impl.Promise.$anonfun$transformWith$1(Promise.scala:41)
	at scala.concurrent.impl.CallbackRunnable.run(Promise.scala:64)
	at akka.dispatch.BatchingExecutor$AbstractBatch.processBatch(BatchingExecutor.scala:63)
	at akka.dispatch.BatchingExecutor$BlockableBatch.$anonfun$run$1(BatchingExecutor.scala:100)
	at scala.runtime.java8.JFunction0$mcV$sp.apply(JFunction0$mcV$sp.java:23)
	at scala.concurrent.BlockContext$.withBlockContext(BlockContext.scala:85)
	at akka.dispatch.BatchingExecutor$BlockableBatch.run(BatchingExecutor.scala:100)
	at akka.dispatch.TaskInvocation.run(AbstractDispatcher.scala:49)
	at akka.dispatch.ForkJoinExecutorConfigurator$AkkaForkJoinTask.exec(ForkJoinExecutorConfigurator.scala:48)
	at java.base/java.util.concurrent.ForkJoinTask.doExec(ForkJoinTask.java:373)
	at java.base/java.util.concurrent.ForkJoinPool$WorkQueue.topLevelExec(ForkJoinPool.java:1182)
	at java.base/java.util.concurrent.ForkJoinPool.scan(ForkJoinPool.java:1655)
	at java.base/java.util.concurrent.ForkJoinPool.runWorker(ForkJoinPool.java:1622)
	at java.base/java.util.concurrent.ForkJoinWorkerThread.run(ForkJoinWorkerThread.java:165)
Caused by: java.net.MalformedURLException: unknown protocol: cp
	at java.base/java.net.URL.<init>(URL.java:681)
	at java.base/java.net.URL.<init>(URL.java:569)
	at java.base/java.net.URL.<init>(URL.java:516)
	at controllers.jpro.$anonfun$genURL$1(jpro.scala:365)
	at scala.Function1.$anonfun$andThen$1(Function1.scala:57)
	at play.api.mvc.ActionBuilderImpl.invokeBlock(Action.scala:441)
	at play.api.mvc.ActionBuilderImpl.invokeBlock(Action.scala:439)
	at play.api.mvc.ActionBuilder$$anon$9.apply(Action.scala:379)
	at play.api.mvc.Action.$anonfun$apply$4(Action.scala:82)
	at play.api.libs.streams.StrictAccumulator.$anonfun$mapFuture$4(Accumulator.scala:168)
	at scala.util.Try$.apply(Try.scala:213)
	at play.api.libs.streams.StrictAccumulator.$anonfun$mapFuture$3(Accumulator.scala:168)
	at scala.Function1.$anonfun$andThen$1(Function1.scala:57)
	at scala.Function1.$anonfun$andThen$1(Function1.scala:57)
	at scala.Function1.$anonfun$andThen$1(Function1.scala:57)
	at play.api.libs.streams.StrictAccumulator.run(Accumulator.scala:199)
	at play.core.server.AkkaHttpServer.$anonfun$runAction$4(AkkaHttpServer.scala:417)
	at akka.http.scaladsl.util.FastFuture$.strictTransform$1(FastFuture.scala:41)
	at akka.http.scaladsl.util.FastFuture$.$anonfun$transformWith$3(FastFuture.scala:51)
	... 13 common frames omitted
2026-07-08 13:17:12,446 [ERROR] from play.api.http.DefaultHttpErrorHandler in application-akka.actor.default-dispatcher-11 - 

! @8e19e76hl - Internal server error, for (GET) [/app/default/resourcesencoded/cp:/picture/background.png] ->
 
play.api.UnexpectedException: Unexpected exception[MalformedURLException: unknown protocol: cp]
	at play.api.http.HttpErrorHandlerExceptions$.throwableToUsefulException(HttpErrorHandler.scala:358)
	at play.api.http.DefaultHttpErrorHandler.onServerError(HttpErrorHandler.scala:264)
	at play.core.server.AkkaHttpServer$$anonfun$2.applyOrElse(AkkaHttpServer.scala:430)
	at play.core.server.AkkaHttpServer$$anonfun$2.applyOrElse(AkkaHttpServer.scala:422)
	at scala.concurrent.Future.$anonfun$recoverWith$1(Future.scala:417)
	at scala.concurrent.impl.Promise.$anonfun$transformWith$1(Promise.scala:41)
	at scala.concurrent.impl.CallbackRunnable.run(Promise.scala:64)
	at akka.dispatch.BatchingExecutor$AbstractBatch.processBatch(BatchingExecutor.scala:63)
	at akka.dispatch.BatchingExecutor$BlockableBatch.$anonfun$run$1(BatchingExecutor.scala:100)
	at scala.runtime.java8.JFunction0$mcV$sp.apply(JFunction0$mcV$sp.java:23)
	at scala.concurrent.BlockContext$.withBlockContext(BlockContext.scala:85)
	at akka.dispatch.BatchingExecutor$BlockableBatch.run(BatchingExecutor.scala:100)
	at akka.dispatch.TaskInvocation.run(AbstractDispatcher.scala:49)
	at akka.dispatch.ForkJoinExecutorConfigurator$AkkaForkJoinTask.exec(ForkJoinExecutorConfigurator.scala:48)
	at java.base/java.util.concurrent.ForkJoinTask.doExec(ForkJoinTask.java:373)
	at java.base/java.util.concurrent.ForkJoinPool$WorkQueue.topLevelExec(ForkJoinPool.java:1182)
	at java.base/java.util.concurrent.ForkJoinPool.scan(ForkJoinPool.java:1655)
	at java.base/java.util.concurrent.ForkJoinPool.runWorker(ForkJoinPool.java:1622)
	at java.base/java.util.concurrent.ForkJoinWorkerThread.run(ForkJoinWorkerThread.java:165)
Caused by: java.net.MalformedURLException: unknown protocol: cp
	at java.base/java.net.URL.<init>(URL.java:681)
	at java.base/java.net.URL.<init>(URL.java:569)
	at java.base/java.net.URL.<init>(URL.java:516)
	at controllers.jpro.$anonfun$genURL$1(jpro.scala:365)
	at scala.Function1.$anonfun$andThen$1(Function1.scala:57)
	at play.api.mvc.ActionBuilderImpl.invokeBlock(Action.scala:441)
	at play.api.mvc.ActionBuilderImpl.invokeBlock(Action.scala:439)
	at play.api.mvc.ActionBuilder$$anon$9.apply(Action.scala:379)
	at play.api.mvc.Action.$anonfun$apply$4(Action.scala:82)
	at play.api.libs.streams.StrictAccumulator.$anonfun$mapFuture$4(Accumulator.scala:168)
	at scala.util.Try$.apply(Try.scala:213)
	at play.api.libs.streams.StrictAccumulator.$anonfun$mapFuture$3(Accumulator.scala:168)
	at scala.Function1.$anonfun$andThen$1(Function1.scala:57)
	at scala.Function1.$anonfun$andThen$1(Function1.scala:57)
	at scala.Function1.$anonfun$andThen$1(Function1.scala:57)
	at play.api.libs.streams.StrictAccumulator.run(Accumulator.scala:199)
	at play.core.server.AkkaHttpServer.$anonfun$runAction$4(AkkaHttpServer.scala:417)
	at akka.http.scaladsl.util.FastFuture$.strictTransform$1(FastFuture.scala:41)
	at akka.http.scaladsl.util.FastFuture$.$anonfun$transformWith$3(FastFuture.scala:51)
	... 13 common frames omitted
2026-07-08 13:17:12,989 [ERROR] from play.api.http.DefaultHttpErrorHandler in application-akka.actor.default-dispatcher-11 - 

! @8e19e77ci - Internal server error, for (GET) [/app/default/resourcesencoded/cp:/picture/background.png] ->
 
play.api.UnexpectedException: Unexpected exception[MalformedURLException: unknown protocol: cp]
	at play.api.http.HttpErrorHandlerExceptions$.throwableToUsefulException(HttpErrorHandler.scala:358)
	at play.api.http.DefaultHttpErrorHandler.onServerError(HttpErrorHandler.scala:264)
	at play.core.server.AkkaHttpServer$$anonfun$2.applyOrElse(AkkaHttpServer.scala:430)
	at play.core.server.AkkaHttpServer$$anonfun$2.applyOrElse(AkkaHttpServer.scala:422)
	at scala.concurrent.Future.$anonfun$recoverWith$1(Future.scala:417)
	at scala.concurrent.impl.Promise.$anonfun$transformWith$1(Promise.scala:41)
	at scala.concurrent.impl.CallbackRunnable.run(Promise.scala:64)
	at akka.dispatch.BatchingExecutor$AbstractBatch.processBatch(BatchingExecutor.scala:63)
	at akka.dispatch.BatchingExecutor$BlockableBatch.$anonfun$run$1(BatchingExecutor.scala:100)
	at scala.runtime.java8.JFunction0$mcV$sp.apply(JFunction0$mcV$sp.java:23)
	at scala.concurrent.BlockContext$.withBlockContext(BlockContext.scala:85)
	at akka.dispatch.BatchingExecutor$BlockableBatch.run(BatchingExecutor.scala:100)
	at akka.dispatch.TaskInvocation.run(AbstractDispatcher.scala:49)
	at akka.dispatch.ForkJoinExecutorConfigurator$AkkaForkJoinTask.exec(ForkJoinExecutorConfigurator.scala:48)
	at java.base/java.util.concurrent.ForkJoinTask.doExec(ForkJoinTask.java:373)
	at java.base/java.util.concurrent.ForkJoinPool$WorkQueue.topLevelExec(ForkJoinPool.java:1182)
	at java.base/java.util.concurrent.ForkJoinPool.scan(ForkJoinPool.java:1655)
	at java.base/java.util.concurrent.ForkJoinPool.runWorker(ForkJoinPool.java:1622)
	at java.base/java.util.concurrent.ForkJoinWorkerThread.run(ForkJoinWorkerThread.java:165)
Caused by: java.net.MalformedURLException: unknown protocol: cp
	at java.base/java.net.URL.<init>(URL.java:681)
	at java.base/java.net.URL.<init>(URL.java:569)
	at java.base/java.net.URL.<init>(URL.java:516)
	at controllers.jpro.$anonfun$genURL$1(jpro.scala:365)
	at scala.Function1.$anonfun$andThen$1(Function1.scala:57)
	at play.api.mvc.ActionBuilderImpl.invokeBlock(Action.scala:441)
	at play.api.mvc.ActionBuilderImpl.invokeBlock(Action.scala:439)
	at play.api.mvc.ActionBuilder$$anon$9.apply(Action.scala:379)
	at play.api.mvc.Action.$anonfun$apply$4(Action.scala:82)
	at play.api.libs.streams.StrictAccumulator.$anonfun$mapFuture$4(Accumulator.scala:168)
	at scala.util.Try$.apply(Try.scala:213)
	at play.api.libs.streams.StrictAccumulator.$anonfun$mapFuture$3(Accumulator.scala:168)
	at scala.Function1.$anonfun$andThen$1(Function1.scala:57)
	at scala.Function1.$anonfun$andThen$1(Function1.scala:57)
	at scala.Function1.$anonfun$andThen$1(Function1.scala:57)
	at play.api.libs.streams.StrictAccumulator.run(Accumulator.scala:199)
	at play.core.server.AkkaHttpServer.$anonfun$runAction$4(AkkaHttpServer.scala:417)
	at akka.http.scaladsl.util.FastFuture$.strictTransform$1(FastFuture.scala:41)
	at akka.http.scaladsl.util.FastFuture$.$anonfun$transformWith$3(FastFuture.scala:51)
	... 13 common frames omitted
2026-07-08 13:17:13,461 [ERROR] from play.api.http.DefaultHttpErrorHandler in application-akka.actor.default-dispatcher-11 - 

! @8e19e784m - Internal server error, for (GET) [/app/default/resourcesencoded/cp:/picture/background.png] ->
 
play.api.UnexpectedException: Unexpected exception[MalformedURLException: unknown protocol: cp]
	at play.api.http.HttpErrorHandlerExceptions$.throwableToUsefulException(HttpErrorHandler.scala:358)
	at play.api.http.DefaultHttpErrorHandler.onServerError(HttpErrorHandler.scala:264)
	at play.core.server.AkkaHttpServer$$anonfun$2.applyOrElse(AkkaHttpServer.scala:430)
	at play.core.server.AkkaHttpServer$$anonfun$2.applyOrElse(AkkaHttpServer.scala:422)
	at scala.concurrent.Future.$anonfun$recoverWith$1(Future.scala:417)
	at scala.concurrent.impl.Promise.$anonfun$transformWith$1(Promise.scala:41)
	at scala.concurrent.impl.CallbackRunnable.run(Promise.scala:64)
	at akka.dispatch.BatchingExecutor$AbstractBatch.processBatch(BatchingExecutor.scala:63)
	at akka.dispatch.BatchingExecutor$BlockableBatch.$anonfun$run$1(BatchingExecutor.scala:100)
	at scala.runtime.java8.JFunction0$mcV$sp.apply(JFunction0$mcV$sp.java:23)
	at scala.concurrent.BlockContext$.withBlockContext(BlockContext.scala:85)
	at akka.dispatch.BatchingExecutor$BlockableBatch.run(BatchingExecutor.scala:100)
	at akka.dispatch.TaskInvocation.run(AbstractDispatcher.scala:49)
	at akka.dispatch.ForkJoinExecutorConfigurator$AkkaForkJoinTask.exec(ForkJoinExecutorConfigurator.scala:48)
	at java.base/java.util.concurrent.ForkJoinTask.doExec(ForkJoinTask.java:373)
	at java.base/java.util.concurrent.ForkJoinPool$WorkQueue.topLevelExec(ForkJoinPool.java:1182)
	at java.base/java.util.concurrent.ForkJoinPool.scan(ForkJoinPool.java:1655)
	at java.base/java.util.concurrent.ForkJoinPool.runWorker(ForkJoinPool.java:1622)
	at java.base/java.util.concurrent.ForkJoinWorkerThread.run(ForkJoinWorkerThread.java:165)
Caused by: java.net.MalformedURLException: unknown protocol: cp
	at java.base/java.net.URL.<init>(URL.java:681)
	at java.base/java.net.URL.<init>(URL.java:569)
	at java.base/java.net.URL.<init>(URL.java:516)
	at controllers.jpro.$anonfun$genURL$1(jpro.scala:365)
	at scala.Function1.$anonfun$andThen$1(Function1.scala:57)
	at play.api.mvc.ActionBuilderImpl.invokeBlock(Action.scala:441)
	at play.api.mvc.ActionBuilderImpl.invokeBlock(Action.scala:439)
	at play.api.mvc.ActionBuilder$$anon$9.apply(Action.scala:379)
	at play.api.mvc.Action.$anonfun$apply$4(Action.scala:82)
	at play.api.libs.streams.StrictAccumulator.$anonfun$mapFuture$4(Accumulator.scala:168)
	at scala.util.Try$.apply(Try.scala:213)
	at play.api.libs.streams.StrictAccumulator.$anonfun$mapFuture$3(Accumulator.scala:168)
	at scala.Function1.$anonfun$andThen$1(Function1.scala:57)
	at scala.Function1.$anonfun$andThen$1(Function1.scala:57)
	at scala.Function1.$anonfun$andThen$1(Function1.scala:57)
	at play.api.libs.streams.StrictAccumulator.run(Accumulator.scala:199)
	at play.core.server.AkkaHttpServer.$anonfun$runAction$4(AkkaHttpServer.scala:417)
	at akka.http.scaladsl.util.FastFuture$.strictTransform$1(FastFuture.scala:41)
	at akka.http.scaladsl.util.FastFuture$.$anonfun$transformWith$3(FastFuture.scala:51)
	... 13 common frames omitted
2026-07-08 13:17:14,000 [ERROR] from play.api.http.DefaultHttpErrorHandler in application-akka.actor.default-dispatcher-27 - 

! @8e19e78pf - Internal server error, for (GET) [/app/default/resourcesencoded/cp:/picture/background.png] ->
 
play.api.UnexpectedException: Unexpected exception[MalformedURLException: unknown protocol: cp]
	at play.api.http.HttpErrorHandlerExceptions$.throwableToUsefulException(HttpErrorHandler.scala:358)
	at play.api.http.DefaultHttpErrorHandler.onServerError(HttpErrorHandler.scala:264)
	at play.core.server.AkkaHttpServer$$anonfun$2.applyOrElse(AkkaHttpServer.scala:430)
	at play.core.server.AkkaHttpServer$$anonfun$2.applyOrElse(AkkaHttpServer.scala:422)
	at scala.concurrent.Future.$anonfun$recoverWith$1(Future.scala:417)
	at scala.concurrent.impl.Promise.$anonfun$transformWith$1(Promise.scala:41)
	at scala.concurrent.impl.CallbackRunnable.run(Promise.scala:64)
	at akka.dispatch.BatchingExecutor$AbstractBatch.processBatch(BatchingExecutor.scala:63)
	at akka.dispatch.BatchingExecutor$BlockableBatch.$anonfun$run$1(BatchingExecutor.scala:100)
	at scala.runtime.java8.JFunction0$mcV$sp.apply(JFunction0$mcV$sp.java:23)
	at scala.concurrent.BlockContext$.withBlockContext(BlockContext.scala:85)
	at akka.dispatch.BatchingExecutor$BlockableBatch.run(BatchingExecutor.scala:100)
	at akka.dispatch.TaskInvocation.run(AbstractDispatcher.scala:49)
	at akka.dispatch.ForkJoinExecutorConfigurator$AkkaForkJoinTask.exec(ForkJoinExecutorConfigurator.scala:48)
	at java.base/java.util.concurrent.ForkJoinTask.doExec(ForkJoinTask.java:373)
	at java.base/java.util.concurrent.ForkJoinPool$WorkQueue.topLevelExec(ForkJoinPool.java:1182)
	at java.base/java.util.concurrent.ForkJoinPool.scan(ForkJoinPool.java:1655)
	at java.base/java.util.concurrent.ForkJoinPool.runWorker(ForkJoinPool.java:1622)
	at java.base/java.util.concurrent.ForkJoinWorkerThread.run(ForkJoinWorkerThread.java:165)
Caused by: java.net.MalformedURLException: unknown protocol: cp
	at java.base/java.net.URL.<init>(URL.java:681)
	at java.base/java.net.URL.<init>(URL.java:569)
	at java.base/java.net.URL.<init>(URL.java:516)
	at controllers.jpro.$anonfun$genURL$1(jpro.scala:365)
	at scala.Function1.$anonfun$andThen$1(Function1.scala:57)
	at play.api.mvc.ActionBuilderImpl.invokeBlock(Action.scala:441)
	at play.api.mvc.ActionBuilderImpl.invokeBlock(Action.scala:439)
	at play.api.mvc.ActionBuilder$$anon$9.apply(Action.scala:379)
	at play.api.mvc.Action.$anonfun$apply$4(Action.scala:82)
	at play.api.libs.streams.StrictAccumulator.$anonfun$mapFuture$4(Accumulator.scala:168)
	at scala.util.Try$.apply(Try.scala:213)
	at play.api.libs.streams.StrictAccumulator.$anonfun$mapFuture$3(Accumulator.scala:168)
	at scala.Function1.$anonfun$andThen$1(Function1.scala:57)
	at scala.Function1.$anonfun$andThen$1(Function1.scala:57)
	at scala.Function1.$anonfun$andThen$1(Function1.scala:57)
	at play.api.libs.streams.StrictAccumulator.run(Accumulator.scala:199)
	at play.core.server.AkkaHttpServer.$anonfun$runAction$4(AkkaHttpServer.scala:417)
	at akka.http.scaladsl.util.FastFuture$.strictTransform$1(FastFuture.scala:41)
	at akka.http.scaladsl.util.FastFuture$.$anonfun$transformWith$3(FastFuture.scala:51)
	... 13 common frames omitted
2026-07-08 13:17:14,796 [ERROR] from play.api.http.DefaultHttpErrorHandler in application-akka.actor.default-dispatcher-23 - 

! @8e19e7a45 - Internal server error, for (GET) [/app/default/resourcesencoded/cp:/picture/background.png] ->
 
play.api.UnexpectedException: Unexpected exception[MalformedURLException: unknown protocol: cp]
	at play.api.http.HttpErrorHandlerExceptions$.throwableToUsefulException(HttpErrorHandler.scala:358)
	at play.api.http.DefaultHttpErrorHandler.onServerError(HttpErrorHandler.scala:264)
	at play.core.server.AkkaHttpServer$$anonfun$2.applyOrElse(AkkaHttpServer.scala:430)
	at play.core.server.AkkaHttpServer$$anonfun$2.applyOrElse(AkkaHttpServer.scala:422)
	at scala.concurrent.Future.$anonfun$recoverWith$1(Future.scala:417)
	at scala.concurrent.impl.Promise.$anonfun$transformWith$1(Promise.scala:41)
	at scala.concurrent.impl.CallbackRunnable.run(Promise.scala:64)
	at akka.dispatch.BatchingExecutor$AbstractBatch.processBatch(BatchingExecutor.scala:63)
	at akka.dispatch.BatchingExecutor$BlockableBatch.$anonfun$run$1(BatchingExecutor.scala:100)
	at scala.runtime.java8.JFunction0$mcV$sp.apply(JFunction0$mcV$sp.java:23)
	at scala.concurrent.BlockContext$.withBlockContext(BlockContext.scala:85)
	at akka.dispatch.BatchingExecutor$BlockableBatch.run(BatchingExecutor.scala:100)
	at akka.dispatch.TaskInvocation.run(AbstractDispatcher.scala:49)
	at akka.dispatch.ForkJoinExecutorConfigurator$AkkaForkJoinTask.exec(ForkJoinExecutorConfigurator.scala:48)
	at java.base/java.util.concurrent.ForkJoinTask.doExec(ForkJoinTask.java:373)
	at java.base/java.util.concurrent.ForkJoinPool$WorkQueue.topLevelExec(ForkJoinPool.java:1182)
	at java.base/java.util.concurrent.ForkJoinPool.scan(ForkJoinPool.java:1655)
	at java.base/java.util.concurrent.ForkJoinPool.runWorker(ForkJoinPool.java:1622)
	at java.base/java.util.concurrent.ForkJoinWorkerThread.run(ForkJoinWorkerThread.java:165)
Caused by: java.net.MalformedURLException: unknown protocol: cp
	at java.base/java.net.URL.<init>(URL.java:681)
	at java.base/java.net.URL.<init>(URL.java:569)
	at java.base/java.net.URL.<init>(URL.java:516)
	at controllers.jpro.$anonfun$genURL$1(jpro.scala:365)
	at scala.Function1.$anonfun$andThen$1(Function1.scala:57)
	at play.api.mvc.ActionBuilderImpl.invokeBlock(Action.scala:441)
	at play.api.mvc.ActionBuilderImpl.invokeBlock(Action.scala:439)
	at play.api.mvc.ActionBuilder$$anon$9.apply(Action.scala:379)
	at play.api.mvc.Action.$anonfun$apply$4(Action.scala:82)
	at play.api.libs.streams.StrictAccumulator.$anonfun$mapFuture$4(Accumulator.scala:168)
	at scala.util.Try$.apply(Try.scala:213)
	at play.api.libs.streams.StrictAccumulator.$anonfun$mapFuture$3(Accumulator.scala:168)
	at scala.Function1.$anonfun$andThen$1(Function1.scala:57)
	at scala.Function1.$anonfun$andThen$1(Function1.scala:57)
	at scala.Function1.$anonfun$andThen$1(Function1.scala:57)
	at play.api.libs.streams.StrictAccumulator.run(Accumulator.scala:199)
	at play.core.server.AkkaHttpServer.$anonfun$runAction$4(AkkaHttpServer.scala:417)
	at akka.http.scaladsl.util.FastFuture$.strictTransform$1(FastFuture.scala:41)
	at akka.http.scaladsl.util.FastFuture$.$anonfun$transformWith$3(FastFuture.scala:51)
	... 13 common frames omitted
2026-07-08 13:17:15,357 [ERROR] from play.api.http.DefaultHttpErrorHandler in application-akka.actor.default-dispatcher-27 - 

! @8e19e7apk - Internal server error, for (GET) [/app/default/resourcesencoded/cp:/picture/background.png] ->
 
play.api.UnexpectedException: Unexpected exception[MalformedURLException: unknown protocol: cp]
	at play.api.http.HttpErrorHandlerExceptions$.throwableToUsefulException(HttpErrorHandler.scala:358)
	at play.api.http.DefaultHttpErrorHandler.onServerError(HttpErrorHandler.scala:264)
	at play.core.server.AkkaHttpServer$$anonfun$2.applyOrElse(AkkaHttpServer.scala:430)
	at play.core.server.AkkaHttpServer$$anonfun$2.applyOrElse(AkkaHttpServer.scala:422)
	at scala.concurrent.Future.$anonfun$recoverWith$1(Future.scala:417)
	at scala.concurrent.impl.Promise.$anonfun$transformWith$1(Promise.scala:41)
	at scala.concurrent.impl.CallbackRunnable.run(Promise.scala:64)
	at akka.dispatch.BatchingExecutor$AbstractBatch.processBatch(BatchingExecutor.scala:63)
	at akka.dispatch.BatchingExecutor$BlockableBatch.$anonfun$run$1(BatchingExecutor.scala:100)
	at scala.runtime.java8.JFunction0$mcV$sp.apply(JFunction0$mcV$sp.java:23)
	at scala.concurrent.BlockContext$.withBlockContext(BlockContext.scala:85)
	at akka.dispatch.BatchingExecutor$BlockableBatch.run(BatchingExecutor.scala:100)
	at akka.dispatch.TaskInvocation.run(AbstractDispatcher.scala:49)
	at akka.dispatch.ForkJoinExecutorConfigurator$AkkaForkJoinTask.exec(ForkJoinExecutorConfigurator.scala:48)
	at java.base/java.util.concurrent.ForkJoinTask.doExec(ForkJoinTask.java:373)
	at java.base/java.util.concurrent.ForkJoinPool$WorkQueue.topLevelExec(ForkJoinPool.java:1182)
	at java.base/java.util.concurrent.ForkJoinPool.scan(ForkJoinPool.java:1655)
	at java.base/java.util.concurrent.ForkJoinPool.runWorker(ForkJoinPool.java:1622)
	at java.base/java.util.concurrent.ForkJoinWorkerThread.run(ForkJoinWorkerThread.java:165)
Caused by: java.net.MalformedURLException: unknown protocol: cp
	at java.base/java.net.URL.<init>(URL.java:681)
	at java.base/java.net.URL.<init>(URL.java:569)
	at java.base/java.net.URL.<init>(URL.java:516)
	at controllers.jpro.$anonfun$genURL$1(jpro.scala:365)
	at scala.Function1.$anonfun$andThen$1(Function1.scala:57)
	at play.api.mvc.ActionBuilderImpl.invokeBlock(Action.scala:441)
	at play.api.mvc.ActionBuilderImpl.invokeBlock(Action.scala:439)
	at play.api.mvc.ActionBuilder$$anon$9.apply(Action.scala:379)
	at play.api.mvc.Action.$anonfun$apply$4(Action.scala:82)
	at play.api.libs.streams.StrictAccumulator.$anonfun$mapFuture$4(Accumulator.scala:168)
	at scala.util.Try$.apply(Try.scala:213)
	at play.api.libs.streams.StrictAccumulator.$anonfun$mapFuture$3(Accumulator.scala:168)
	at scala.Function1.$anonfun$andThen$1(Function1.scala:57)
	at scala.Function1.$anonfun$andThen$1(Function1.scala:57)
	at scala.Function1.$anonfun$andThen$1(Function1.scala:57)
	at play.api.libs.streams.StrictAccumulator.run(Accumulator.scala:199)
	at play.core.server.AkkaHttpServer.$anonfun$runAction$4(AkkaHttpServer.scala:417)
	at akka.http.scaladsl.util.FastFuture$.strictTransform$1(FastFuture.scala:41)
	at akka.http.scaladsl.util.FastFuture$.$anonfun$transformWith$3(FastFuture.scala:51)
	... 13 common frames omitted
2026-07-08 13:17:15,826 [ERROR] from play.api.http.DefaultHttpErrorHandler in application-akka.actor.default-dispatcher-11 - 

! @8e19e7bhl - Internal server error, for (GET) [/app/default/resourcesencoded/cp:/picture/background.png] ->
 
play.api.UnexpectedException: Unexpected exception[MalformedURLException: unknown protocol: cp]
	at play.api.http.HttpErrorHandlerExceptions$.throwableToUsefulException(HttpErrorHandler.scala:358)
	at play.api.http.DefaultHttpErrorHandler.onServerError(HttpErrorHandler.scala:264)
	at play.core.server.AkkaHttpServer$$anonfun$2.applyOrElse(AkkaHttpServer.scala:430)
	at play.core.server.AkkaHttpServer$$anonfun$2.applyOrElse(AkkaHttpServer.scala:422)
	at scala.concurrent.Future.$anonfun$recoverWith$1(Future.scala:417)
	at scala.concurrent.impl.Promise.$anonfun$transformWith$1(Promise.scala:41)
	at scala.concurrent.impl.CallbackRunnable.run(Promise.scala:64)
	at akka.dispatch.BatchingExecutor$AbstractBatch.processBatch(BatchingExecutor.scala:63)
	at akka.dispatch.BatchingExecutor$BlockableBatch.$anonfun$run$1(BatchingExecutor.scala:100)
	at scala.runtime.java8.JFunction0$mcV$sp.apply(JFunction0$mcV$sp.java:23)
	at scala.concurrent.BlockContext$.withBlockContext(BlockContext.scala:85)
	at akka.dispatch.BatchingExecutor$BlockableBatch.run(BatchingExecutor.scala:100)
	at akka.dispatch.TaskInvocation.run(AbstractDispatcher.scala:49)
	at akka.dispatch.ForkJoinExecutorConfigurator$AkkaForkJoinTask.exec(ForkJoinExecutorConfigurator.scala:48)
	at java.base/java.util.concurrent.ForkJoinTask.doExec(ForkJoinTask.java:373)
	at java.base/java.util.concurrent.ForkJoinPool$WorkQueue.topLevelExec(ForkJoinPool.java:1182)
	at java.base/java.util.concurrent.ForkJoinPool.scan(ForkJoinPool.java:1655)
	at java.base/java.util.concurrent.ForkJoinPool.runWorker(ForkJoinPool.java:1622)
	at java.base/java.util.concurrent.ForkJoinWorkerThread.run(ForkJoinWorkerThread.java:165)
Caused by: java.net.MalformedURLException: unknown protocol: cp
	at java.base/java.net.URL.<init>(URL.java:681)
	at java.base/java.net.URL.<init>(URL.java:569)
	at java.base/java.net.URL.<init>(URL.java:516)
	at controllers.jpro.$anonfun$genURL$1(jpro.scala:365)
	at scala.Function1.$anonfun$andThen$1(Function1.scala:57)
	at play.api.mvc.ActionBuilderImpl.invokeBlock(Action.scala:441)
	at play.api.mvc.ActionBuilderImpl.invokeBlock(Action.scala:439)
	at play.api.mvc.ActionBuilder$$anon$9.apply(Action.scala:379)
	at play.api.mvc.Action.$anonfun$apply$4(Action.scala:82)
	at play.api.libs.streams.StrictAccumulator.$anonfun$mapFuture$4(Accumulator.scala:168)
	at scala.util.Try$.apply(Try.scala:213)
	at play.api.libs.streams.StrictAccumulator.$anonfun$mapFuture$3(Accumulator.scala:168)
	at scala.Function1.$anonfun$andThen$1(Function1.scala:57)
	at scala.Function1.$anonfun$andThen$1(Function1.scala:57)
	at scala.Function1.$anonfun$andThen$1(Function1.scala:57)
	at play.api.libs.streams.StrictAccumulator.run(Accumulator.scala:199)
	at play.core.server.AkkaHttpServer.$anonfun$runAction$4(AkkaHttpServer.scala:417)
	at akka.http.scaladsl.util.FastFuture$.strictTransform$1(FastFuture.scala:41)
	at akka.http.scaladsl.util.FastFuture$.$anonfun$transformWith$3(FastFuture.scala:51)
	... 13 common frames omitted
2026-07-08 13:17:16,236 [ERROR] from play.api.http.DefaultHttpErrorHandler in application-akka.actor.default-dispatcher-24 - 

! @8e19e7c7f - Internal server error, for (GET) [/app/default/resourcesencoded/cp:/picture/background.png] ->
 
play.api.UnexpectedException: Unexpected exception[MalformedURLException: unknown protocol: cp]
	at play.api.http.HttpErrorHandlerExceptions$.throwableToUsefulException(HttpErrorHandler.scala:358)
	at play.api.http.DefaultHttpErrorHandler.onServerError(HttpErrorHandler.scala:264)
	at play.core.server.AkkaHttpServer$$anonfun$2.applyOrElse(AkkaHttpServer.scala:430)
	at play.core.server.AkkaHttpServer$$anonfun$2.applyOrElse(AkkaHttpServer.scala:422)
	at scala.concurrent.Future.$anonfun$recoverWith$1(Future.scala:417)
	at scala.concurrent.impl.Promise.$anonfun$transformWith$1(Promise.scala:41)
	at scala.concurrent.impl.CallbackRunnable.run(Promise.scala:64)
	at akka.dispatch.BatchingExecutor$AbstractBatch.processBatch(BatchingExecutor.scala:63)
	at akka.dispatch.BatchingExecutor$BlockableBatch.$anonfun$run$1(BatchingExecutor.scala:100)
	at scala.runtime.java8.JFunction0$mcV$sp.apply(JFunction0$mcV$sp.java:23)
	at scala.concurrent.BlockContext$.withBlockContext(BlockContext.scala:85)
	at akka.dispatch.BatchingExecutor$BlockableBatch.run(BatchingExecutor.scala:100)
	at akka.dispatch.TaskInvocation.run(AbstractDispatcher.scala:49)
	at akka.dispatch.ForkJoinExecutorConfigurator$AkkaForkJoinTask.exec(ForkJoinExecutorConfigurator.scala:48)
	at java.base/java.util.concurrent.ForkJoinTask.doExec(ForkJoinTask.java:373)
	at java.base/java.util.concurrent.ForkJoinPool$WorkQueue.topLevelExec(ForkJoinPool.java:1182)
	at java.base/java.util.concurrent.ForkJoinPool.scan(ForkJoinPool.java:1655)
	at java.base/java.util.concurrent.ForkJoinPool.runWorker(ForkJoinPool.java:1622)
	at java.base/java.util.concurrent.ForkJoinWorkerThread.run(ForkJoinWorkerThread.java:165)
Caused by: java.net.MalformedURLException: unknown protocol: cp
	at java.base/java.net.URL.<init>(URL.java:681)
	at java.base/java.net.URL.<init>(URL.java:569)
	at java.base/java.net.URL.<init>(URL.java:516)
	at controllers.jpro.$anonfun$genURL$1(jpro.scala:365)
	at scala.Function1.$anonfun$andThen$1(Function1.scala:57)
	at play.api.mvc.ActionBuilderImpl.invokeBlock(Action.scala:441)
	at play.api.mvc.ActionBuilderImpl.invokeBlock(Action.scala:439)
	at play.api.mvc.ActionBuilder$$anon$9.apply(Action.scala:379)
	at play.api.mvc.Action.$anonfun$apply$4(Action.scala:82)
	at play.api.libs.streams.StrictAccumulator.$anonfun$mapFuture$4(Accumulator.scala:168)
	at scala.util.Try$.apply(Try.scala:213)
	at play.api.libs.streams.StrictAccumulator.$anonfun$mapFuture$3(Accumulator.scala:168)
	at scala.Function1.$anonfun$andThen$1(Function1.scala:57)
	at scala.Function1.$anonfun$andThen$1(Function1.scala:57)
	at scala.Function1.$anonfun$andThen$1(Function1.scala:57)
	at play.api.libs.streams.StrictAccumulator.run(Accumulator.scala:199)
	at play.core.server.AkkaHttpServer.$anonfun$runAction$4(AkkaHttpServer.scala:417)
	at akka.http.scaladsl.util.FastFuture$.strictTransform$1(FastFuture.scala:41)
	at akka.http.scaladsl.util.FastFuture$.$anonfun$transformWith$3(FastFuture.scala:51)
	... 13 common frames omitted
2026-07-08 13:17:17,156 [ERROR] from play.api.http.DefaultHttpErrorHandler in application-akka.actor.default-dispatcher-23 - 

! @8e19e7dgo - Internal server error, for (GET) [/app/default/resourcesencoded/cp:/picture/background.png] ->
 
play.api.UnexpectedException: Unexpected exception[MalformedURLException: unknown protocol: cp]
	at play.api.http.HttpErrorHandlerExceptions$.throwableToUsefulException(HttpErrorHandler.scala:358)
	at play.api.http.DefaultHttpErrorHandler.onServerError(HttpErrorHandler.scala:264)
	at play.core.server.AkkaHttpServer$$anonfun$2.applyOrElse(AkkaHttpServer.scala:430)
	at play.core.server.AkkaHttpServer$$anonfun$2.applyOrElse(AkkaHttpServer.scala:422)
	at scala.concurrent.Future.$anonfun$recoverWith$1(Future.scala:417)
	at scala.concurrent.impl.Promise.$anonfun$transformWith$1(Promise.scala:41)
	at scala.concurrent.impl.CallbackRunnable.run(Promise.scala:64)
	at akka.dispatch.BatchingExecutor$AbstractBatch.processBatch(BatchingExecutor.scala:63)
	at akka.dispatch.BatchingExecutor$BlockableBatch.$anonfun$run$1(BatchingExecutor.scala:100)
	at scala.runtime.java8.JFunction0$mcV$sp.apply(JFunction0$mcV$sp.java:23)
	at scala.concurrent.BlockContext$.withBlockContext(BlockContext.scala:85)
	at akka.dispatch.BatchingExecutor$BlockableBatch.run(BatchingExecutor.scala:100)
	at akka.dispatch.TaskInvocation.run(AbstractDispatcher.scala:49)
	at akka.dispatch.ForkJoinExecutorConfigurator$AkkaForkJoinTask.exec(ForkJoinExecutorConfigurator.scala:48)
	at java.base/java.util.concurrent.ForkJoinTask.doExec(ForkJoinTask.java:373)
	at java.base/java.util.concurrent.ForkJoinPool$WorkQueue.topLevelExec(ForkJoinPool.java:1182)
	at java.base/java.util.concurrent.ForkJoinPool.scan(ForkJoinPool.java:1655)
	at java.base/java.util.concurrent.ForkJoinPool.runWorker(ForkJoinPool.java:1622)
	at java.base/java.util.concurrent.ForkJoinWorkerThread.run(ForkJoinWorkerThread.java:165)
Caused by: java.net.MalformedURLException: unknown protocol: cp
	at java.base/java.net.URL.<init>(URL.java:681)
	at java.base/java.net.URL.<init>(URL.java:569)
	at java.base/java.net.URL.<init>(URL.java:516)
	at controllers.jpro.$anonfun$genURL$1(jpro.scala:365)
	at scala.Function1.$anonfun$andThen$1(Function1.scala:57)
	at play.api.mvc.ActionBuilderImpl.invokeBlock(Action.scala:441)
	at play.api.mvc.ActionBuilderImpl.invokeBlock(Action.scala:439)
	at play.api.mvc.ActionBuilder$$anon$9.apply(Action.scala:379)
	at play.api.mvc.Action.$anonfun$apply$4(Action.scala:82)
	at play.api.libs.streams.StrictAccumulator.$anonfun$mapFuture$4(Accumulator.scala:168)
	at scala.util.Try$.apply(Try.scala:213)
	at play.api.libs.streams.StrictAccumulator.$anonfun$mapFuture$3(Accumulator.scala:168)
	at scala.Function1.$anonfun$andThen$1(Function1.scala:57)
	at scala.Function1.$anonfun$andThen$1(Function1.scala:57)
	at scala.Function1.$anonfun$andThen$1(Function1.scala:57)
	at play.api.libs.streams.StrictAccumulator.run(Accumulator.scala:199)
	at play.core.server.AkkaHttpServer.$anonfun$runAction$4(AkkaHttpServer.scala:417)
	at akka.http.scaladsl.util.FastFuture$.strictTransform$1(FastFuture.scala:41)
	at akka.http.scaladsl.util.FastFuture$.$anonfun$transformWith$3(FastFuture.scala:51)
	... 13 common frames omitted
2026-07-08 13:17:17,562 [ERROR] from play.api.http.DefaultHttpErrorHandler in application-akka.actor.default-dispatcher-19 - 

! @8e19e7e6f - Internal server error, for (GET) [/app/default/resourcesencoded/cp:/picture/background.png] ->
 
play.api.UnexpectedException: Unexpected exception[MalformedURLException: unknown protocol: cp]
	at play.api.http.HttpErrorHandlerExceptions$.throwableToUsefulException(HttpErrorHandler.scala:358)
	at play.api.http.DefaultHttpErrorHandler.onServerError(HttpErrorHandler.scala:264)
	at play.core.server.AkkaHttpServer$$anonfun$2.applyOrElse(AkkaHttpServer.scala:430)
	at play.core.server.AkkaHttpServer$$anonfun$2.applyOrElse(AkkaHttpServer.scala:422)
	at scala.concurrent.Future.$anonfun$recoverWith$1(Future.scala:417)
	at scala.concurrent.impl.Promise.$anonfun$transformWith$1(Promise.scala:41)
	at scala.concurrent.impl.CallbackRunnable.run(Promise.scala:64)
	at akka.dispatch.BatchingExecutor$AbstractBatch.processBatch(BatchingExecutor.scala:63)
	at akka.dispatch.BatchingExecutor$BlockableBatch.$anonfun$run$1(BatchingExecutor.scala:100)
	at scala.runtime.java8.JFunction0$mcV$sp.apply(JFunction0$mcV$sp.java:23)
	at scala.concurrent.BlockContext$.withBlockContext(BlockContext.scala:85)
	at akka.dispatch.BatchingExecutor$BlockableBatch.run(BatchingExecutor.scala:100)
	at akka.dispatch.TaskInvocation.run(AbstractDispatcher.scala:49)
	at akka.dispatch.ForkJoinExecutorConfigurator$AkkaForkJoinTask.exec(ForkJoinExecutorConfigurator.scala:48)
	at java.base/java.util.concurrent.ForkJoinTask.doExec(ForkJoinTask.java:373)
	at java.base/java.util.concurrent.ForkJoinPool$WorkQueue.topLevelExec(ForkJoinPool.java:1182)
	at java.base/java.util.concurrent.ForkJoinPool.scan(ForkJoinPool.java:1655)
	at java.base/java.util.concurrent.ForkJoinPool.runWorker(ForkJoinPool.java:1622)
	at java.base/java.util.concurrent.ForkJoinWorkerThread.run(ForkJoinWorkerThread.java:165)
Caused by: java.net.MalformedURLException: unknown protocol: cp
	at java.base/java.net.URL.<init>(URL.java:681)
	at java.base/java.net.URL.<init>(URL.java:569)
	at java.base/java.net.URL.<init>(URL.java:516)
	at controllers.jpro.$anonfun$genURL$1(jpro.scala:365)
	at scala.Function1.$anonfun$andThen$1(Function1.scala:57)
	at play.api.mvc.ActionBuilderImpl.invokeBlock(Action.scala:441)
	at play.api.mvc.ActionBuilderImpl.invokeBlock(Action.scala:439)
	at play.api.mvc.ActionBuilder$$anon$9.apply(Action.scala:379)
	at play.api.mvc.Action.$anonfun$apply$4(Action.scala:82)
	at play.api.libs.streams.StrictAccumulator.$anonfun$mapFuture$4(Accumulator.scala:168)
	at scala.util.Try$.apply(Try.scala:213)
	at play.api.libs.streams.StrictAccumulator.$anonfun$mapFuture$3(Accumulator.scala:168)
	at scala.Function1.$anonfun$andThen$1(Function1.scala:57)
	at scala.Function1.$anonfun$andThen$1(Function1.scala:57)
	at scala.Function1.$anonfun$andThen$1(Function1.scala:57)
	at play.api.libs.streams.StrictAccumulator.run(Accumulator.scala:199)
	at play.core.server.AkkaHttpServer.$anonfun$runAction$4(AkkaHttpServer.scala:417)
	at akka.http.scaladsl.util.FastFuture$.strictTransform$1(FastFuture.scala:41)
	at akka.http.scaladsl.util.FastFuture$.$anonfun$transformWith$3(FastFuture.scala:51)
	... 13 common frames omitted
2026-07-08 13:17:18,369 [ERROR] from play.api.http.DefaultHttpErrorHandler in application-akka.actor.default-dispatcher-17 - 

! @8e19e7fbg - Internal server error, for (GET) [/app/default/resourcesencoded/cp:/picture/background.png] ->
 
play.api.UnexpectedException: Unexpected exception[MalformedURLException: unknown protocol: cp]
	at play.api.http.HttpErrorHandlerExceptions$.throwableToUsefulException(HttpErrorHandler.scala:358)
	at play.api.http.DefaultHttpErrorHandler.onServerError(HttpErrorHandler.scala:264)
	at play.core.server.AkkaHttpServer$$anonfun$2.applyOrElse(AkkaHttpServer.scala:430)
	at play.core.server.AkkaHttpServer$$anonfun$2.applyOrElse(AkkaHttpServer.scala:422)
	at scala.concurrent.Future.$anonfun$recoverWith$1(Future.scala:417)
	at scala.concurrent.impl.Promise.$anonfun$transformWith$1(Promise.scala:41)
	at scala.concurrent.impl.CallbackRunnable.run(Promise.scala:64)
	at akka.dispatch.BatchingExecutor$AbstractBatch.processBatch(BatchingExecutor.scala:63)
	at akka.dispatch.BatchingExecutor$BlockableBatch.$anonfun$run$1(BatchingExecutor.scala:100)
	at scala.runtime.java8.JFunction0$mcV$sp.apply(JFunction0$mcV$sp.java:23)
	at scala.concurrent.BlockContext$.withBlockContext(BlockContext.scala:85)
	at akka.dispatch.BatchingExecutor$BlockableBatch.run(BatchingExecutor.scala:100)
	at akka.dispatch.TaskInvocation.run(AbstractDispatcher.scala:49)
	at akka.dispatch.ForkJoinExecutorConfigurator$AkkaForkJoinTask.exec(ForkJoinExecutorConfigurator.scala:48)
	at java.base/java.util.concurrent.ForkJoinTask.doExec(ForkJoinTask.java:373)
	at java.base/java.util.concurrent.ForkJoinPool$WorkQueue.topLevelExec(ForkJoinPool.java:1182)
	at java.base/java.util.concurrent.ForkJoinPool.scan(ForkJoinPool.java:1655)
	at java.base/java.util.concurrent.ForkJoinPool.runWorker(ForkJoinPool.java:1622)
	at java.base/java.util.concurrent.ForkJoinWorkerThread.run(ForkJoinWorkerThread.java:165)
Caused by: java.net.MalformedURLException: unknown protocol: cp
	at java.base/java.net.URL.<init>(URL.java:681)
	at java.base/java.net.URL.<init>(URL.java:569)
	at java.base/java.net.URL.<init>(URL.java:516)
	at controllers.jpro.$anonfun$genURL$1(jpro.scala:365)
	at scala.Function1.$anonfun$andThen$1(Function1.scala:57)
	at play.api.mvc.ActionBuilderImpl.invokeBlock(Action.scala:441)
	at play.api.mvc.ActionBuilderImpl.invokeBlock(Action.scala:439)
	at play.api.mvc.ActionBuilder$$anon$9.apply(Action.scala:379)
	at play.api.mvc.Action.$anonfun$apply$4(Action.scala:82)
	at play.api.libs.streams.StrictAccumulator.$anonfun$mapFuture$4(Accumulator.scala:168)
	at scala.util.Try$.apply(Try.scala:213)
	at play.api.libs.streams.StrictAccumulator.$anonfun$mapFuture$3(Accumulator.scala:168)
	at scala.Function1.$anonfun$andThen$1(Function1.scala:57)
	at scala.Function1.$anonfun$andThen$1(Function1.scala:57)
	at scala.Function1.$anonfun$andThen$1(Function1.scala:57)
	at play.api.libs.streams.StrictAccumulator.run(Accumulator.scala:199)
	at play.core.server.AkkaHttpServer.$anonfun$runAction$4(AkkaHttpServer.scala:417)
	at akka.http.scaladsl.util.FastFuture$.strictTransform$1(FastFuture.scala:41)
	at akka.http.scaladsl.util.FastFuture$.$anonfun$transformWith$3(FastFuture.scala:51)
	... 13 common frames omitted
2026-07-08 13:17:19,186 [ERROR] from play.api.http.DefaultHttpErrorHandler in application-akka.actor.default-dispatcher-24 - 

! @8e19e7gh1 - Internal server error, for (GET) [/app/default/resourcesencoded/cp:/picture/background.png] ->
 
play.api.UnexpectedException: Unexpected exception[MalformedURLException: unknown protocol: cp]
	at play.api.http.HttpErrorHandlerExceptions$.throwableToUsefulException(HttpErrorHandler.scala:358)
	at play.api.http.DefaultHttpErrorHandler.onServerError(HttpErrorHandler.scala:264)
	at play.core.server.AkkaHttpServer$$anonfun$2.applyOrElse(AkkaHttpServer.scala:430)
	at play.core.server.AkkaHttpServer$$anonfun$2.applyOrElse(AkkaHttpServer.scala:422)
	at scala.concurrent.Future.$anonfun$recoverWith$1(Future.scala:417)
	at scala.concurrent.impl.Promise.$anonfun$transformWith$1(Promise.scala:41)
	at scala.concurrent.impl.CallbackRunnable.run(Promise.scala:64)
	at akka.dispatch.BatchingExecutor$AbstractBatch.processBatch(BatchingExecutor.scala:63)
	at akka.dispatch.BatchingExecutor$BlockableBatch.$anonfun$run$1(BatchingExecutor.scala:100)
	at scala.runtime.java8.JFunction0$mcV$sp.apply(JFunction0$mcV$sp.java:23)
	at scala.concurrent.BlockContext$.withBlockContext(BlockContext.scala:85)
	at akka.dispatch.BatchingExecutor$BlockableBatch.run(BatchingExecutor.scala:100)
	at akka.dispatch.TaskInvocation.run(AbstractDispatcher.scala:49)
	at akka.dispatch.ForkJoinExecutorConfigurator$AkkaForkJoinTask.exec(ForkJoinExecutorConfigurator.scala:48)
	at java.base/java.util.concurrent.ForkJoinTask.doExec(ForkJoinTask.java:373)
	at java.base/java.util.concurrent.ForkJoinPool$WorkQueue.topLevelExec(ForkJoinPool.java:1182)
	at java.base/java.util.concurrent.ForkJoinPool.scan(ForkJoinPool.java:1655)
	at java.base/java.util.concurrent.ForkJoinPool.runWorker(ForkJoinPool.java:1622)
	at java.base/java.util.concurrent.ForkJoinWorkerThread.run(ForkJoinWorkerThread.java:165)
Caused by: java.net.MalformedURLException: unknown protocol: cp
	at java.base/java.net.URL.<init>(URL.java:681)
	at java.base/java.net.URL.<init>(URL.java:569)
	at java.base/java.net.URL.<init>(URL.java:516)
	at controllers.jpro.$anonfun$genURL$1(jpro.scala:365)
	at scala.Function1.$anonfun$andThen$1(Function1.scala:57)
	at play.api.mvc.ActionBuilderImpl.invokeBlock(Action.scala:441)
	at play.api.mvc.ActionBuilderImpl.invokeBlock(Action.scala:439)
	at play.api.mvc.ActionBuilder$$anon$9.apply(Action.scala:379)
	at play.api.mvc.Action.$anonfun$apply$4(Action.scala:82)
	at play.api.libs.streams.StrictAccumulator.$anonfun$mapFuture$4(Accumulator.scala:168)
	at scala.util.Try$.apply(Try.scala:213)
	at play.api.libs.streams.StrictAccumulator.$anonfun$mapFuture$3(Accumulator.scala:168)
	at scala.Function1.$anonfun$andThen$1(Function1.scala:57)
	at scala.Function1.$anonfun$andThen$1(Function1.scala:57)
	at scala.Function1.$anonfun$andThen$1(Function1.scala:57)
	at play.api.libs.streams.StrictAccumulator.run(Accumulator.scala:199)
	at play.core.server.AkkaHttpServer.$anonfun$runAction$4(AkkaHttpServer.scala:417)
	at akka.http.scaladsl.util.FastFuture$.strictTransform$1(FastFuture.scala:41)
	at akka.http.scaladsl.util.FastFuture$.$anonfun$transformWith$3(FastFuture.scala:51)
	... 13 common frames omitted
2026-07-08 13:17:19,580 [ERROR] from play.api.http.DefaultHttpErrorHandler in application-akka.actor.default-dispatcher-27 - 

! @8e19e7h65 - Internal server error, for (GET) [/app/default/resourcesencoded/cp:/picture/background.png] ->
 
play.api.UnexpectedException: Unexpected exception[MalformedURLException: unknown protocol: cp]
	at play.api.http.HttpErrorHandlerExceptions$.throwableToUsefulException(HttpErrorHandler.scala:358)
	at play.api.http.DefaultHttpErrorHandler.onServerError(HttpErrorHandler.scala:264)
	at play.core.server.AkkaHttpServer$$anonfun$2.applyOrElse(AkkaHttpServer.scala:430)
	at play.core.server.AkkaHttpServer$$anonfun$2.applyOrElse(AkkaHttpServer.scala:422)
	at scala.concurrent.Future.$anonfun$recoverWith$1(Future.scala:417)
	at scala.concurrent.impl.Promise.$anonfun$transformWith$1(Promise.scala:41)
	at scala.concurrent.impl.CallbackRunnable.run(Promise.scala:64)
	at akka.dispatch.BatchingExecutor$AbstractBatch.processBatch(BatchingExecutor.scala:63)
	at akka.dispatch.BatchingExecutor$BlockableBatch.$anonfun$run$1(BatchingExecutor.scala:100)
	at scala.runtime.java8.JFunction0$mcV$sp.apply(JFunction0$mcV$sp.java:23)
	at scala.concurrent.BlockContext$.withBlockContext(BlockContext.scala:85)
	at akka.dispatch.BatchingExecutor$BlockableBatch.run(BatchingExecutor.scala:100)
	at akka.dispatch.TaskInvocation.run(AbstractDispatcher.scala:49)
	at akka.dispatch.ForkJoinExecutorConfigurator$AkkaForkJoinTask.exec(ForkJoinExecutorConfigurator.scala:48)
	at java.base/java.util.concurrent.ForkJoinTask.doExec(ForkJoinTask.java:373)
	at java.base/java.util.concurrent.ForkJoinPool$WorkQueue.topLevelExec(ForkJoinPool.java:1182)
	at java.base/java.util.concurrent.ForkJoinPool.scan(ForkJoinPool.java:1655)
	at java.base/java.util.concurrent.ForkJoinPool.runWorker(ForkJoinPool.java:1622)
	at java.base/java.util.concurrent.ForkJoinWorkerThread.run(ForkJoinWorkerThread.java:165)
Caused by: java.net.MalformedURLException: unknown protocol: cp
	at java.base/java.net.URL.<init>(URL.java:681)
	at java.base/java.net.URL.<init>(URL.java:569)
	at java.base/java.net.URL.<init>(URL.java:516)
	at controllers.jpro.$anonfun$genURL$1(jpro.scala:365)
	at scala.Function1.$anonfun$andThen$1(Function1.scala:57)
	at play.api.mvc.ActionBuilderImpl.invokeBlock(Action.scala:441)
	at play.api.mvc.ActionBuilderImpl.invokeBlock(Action.scala:439)
	at play.api.mvc.ActionBuilder$$anon$9.apply(Action.scala:379)
	at play.api.mvc.Action.$anonfun$apply$4(Action.scala:82)
	at play.api.libs.streams.StrictAccumulator.$anonfun$mapFuture$4(Accumulator.scala:168)
	at scala.util.Try$.apply(Try.scala:213)
	at play.api.libs.streams.StrictAccumulator.$anonfun$mapFuture$3(Accumulator.scala:168)
	at scala.Function1.$anonfun$andThen$1(Function1.scala:57)
	at scala.Function1.$anonfun$andThen$1(Function1.scala:57)
	at scala.Function1.$anonfun$andThen$1(Function1.scala:57)
	at play.api.libs.streams.StrictAccumulator.run(Accumulator.scala:199)
	at play.core.server.AkkaHttpServer.$anonfun$runAction$4(AkkaHttpServer.scala:417)
	at akka.http.scaladsl.util.FastFuture$.strictTransform$1(FastFuture.scala:41)
	at akka.http.scaladsl.util.FastFuture$.$anonfun$transformWith$3(FastFuture.scala:51)
	... 13 common frames omitted
2026-07-08 13:17:20,392 [ERROR] from play.api.http.DefaultHttpErrorHandler in application-akka.actor.default-dispatcher-12 - 

! @8e19e7ibb - Internal server error, for (GET) [/app/default/resourcesencoded/cp:/picture/background.png] ->
 
play.api.UnexpectedException: Unexpected exception[MalformedURLException: unknown protocol: cp]
	at play.api.http.HttpErrorHandlerExceptions$.throwableToUsefulException(HttpErrorHandler.scala:358)
	at play.api.http.DefaultHttpErrorHandler.onServerError(HttpErrorHandler.scala:264)
	at play.core.server.AkkaHttpServer$$anonfun$2.applyOrElse(AkkaHttpServer.scala:430)
	at play.core.server.AkkaHttpServer$$anonfun$2.applyOrElse(AkkaHttpServer.scala:422)
	at scala.concurrent.Future.$anonfun$recoverWith$1(Future.scala:417)
	at scala.concurrent.impl.Promise.$anonfun$transformWith$1(Promise.scala:41)
	at scala.concurrent.impl.CallbackRunnable.run(Promise.scala:64)
	at akka.dispatch.BatchingExecutor$AbstractBatch.processBatch(BatchingExecutor.scala:63)
	at akka.dispatch.BatchingExecutor$BlockableBatch.$anonfun$run$1(BatchingExecutor.scala:100)
	at scala.runtime.java8.JFunction0$mcV$sp.apply(JFunction0$mcV$sp.java:23)
	at scala.concurrent.BlockContext$.withBlockContext(BlockContext.scala:85)
	at akka.dispatch.BatchingExecutor$BlockableBatch.run(BatchingExecutor.scala:100)
	at akka.dispatch.TaskInvocation.run(AbstractDispatcher.scala:49)
	at akka.dispatch.ForkJoinExecutorConfigurator$AkkaForkJoinTask.exec(ForkJoinExecutorConfigurator.scala:48)
	at java.base/java.util.concurrent.ForkJoinTask.doExec(ForkJoinTask.java:373)
	at java.base/java.util.concurrent.ForkJoinPool$WorkQueue.topLevelExec(ForkJoinPool.java:1182)
	at java.base/java.util.concurrent.ForkJoinPool.scan(ForkJoinPool.java:1655)
	at java.base/java.util.concurrent.ForkJoinPool.runWorker(ForkJoinPool.java:1622)
	at java.base/java.util.concurrent.ForkJoinWorkerThread.run(ForkJoinWorkerThread.java:165)
Caused by: java.net.MalformedURLException: unknown protocol: cp
	at java.base/java.net.URL.<init>(URL.java:681)
	at java.base/java.net.URL.<init>(URL.java:569)
	at java.base/java.net.URL.<init>(URL.java:516)
	at controllers.jpro.$anonfun$genURL$1(jpro.scala:365)
	at scala.Function1.$anonfun$andThen$1(Function1.scala:57)
	at play.api.mvc.ActionBuilderImpl.invokeBlock(Action.scala:441)
	at play.api.mvc.ActionBuilderImpl.invokeBlock(Action.scala:439)
	at play.api.mvc.ActionBuilder$$anon$9.apply(Action.scala:379)
	at play.api.mvc.Action.$anonfun$apply$4(Action.scala:82)
	at play.api.libs.streams.StrictAccumulator.$anonfun$mapFuture$4(Accumulator.scala:168)
	at scala.util.Try$.apply(Try.scala:213)
	at play.api.libs.streams.StrictAccumulator.$anonfun$mapFuture$3(Accumulator.scala:168)
	at scala.Function1.$anonfun$andThen$1(Function1.scala:57)
	at scala.Function1.$anonfun$andThen$1(Function1.scala:57)
	at scala.Function1.$anonfun$andThen$1(Function1.scala:57)
	at play.api.libs.streams.StrictAccumulator.run(Accumulator.scala:199)
	at play.core.server.AkkaHttpServer.$anonfun$runAction$4(AkkaHttpServer.scala:417)
	at akka.http.scaladsl.util.FastFuture$.strictTransform$1(FastFuture.scala:41)
	at akka.http.scaladsl.util.FastFuture$.$anonfun$transformWith$3(FastFuture.scala:51)
	... 13 common frames omitted
2026-07-08 13:17:21,183 [ERROR] from play.api.http.DefaultHttpErrorHandler in application-akka.actor.default-dispatcher-12 - 

! @8e19e7jfm - Internal server error, for (GET) [/app/default/resourcesencoded/cp:/picture/background.png] ->
 
play.api.UnexpectedException: Unexpected exception[MalformedURLException: unknown protocol: cp]
	at play.api.http.HttpErrorHandlerExceptions$.throwableToUsefulException(HttpErrorHandler.scala:358)
	at play.api.http.DefaultHttpErrorHandler.onServerError(HttpErrorHandler.scala:264)
	at play.core.server.AkkaHttpServer$$anonfun$2.applyOrElse(AkkaHttpServer.scala:430)
	at play.core.server.AkkaHttpServer$$anonfun$2.applyOrElse(AkkaHttpServer.scala:422)
	at scala.concurrent.Future.$anonfun$recoverWith$1(Future.scala:417)
	at scala.concurrent.impl.Promise.$anonfun$transformWith$1(Promise.scala:41)
	at scala.concurrent.impl.CallbackRunnable.run(Promise.scala:64)
	at akka.dispatch.BatchingExecutor$AbstractBatch.processBatch(BatchingExecutor.scala:63)
	at akka.dispatch.BatchingExecutor$BlockableBatch.$anonfun$run$1(BatchingExecutor.scala:100)
	at scala.runtime.java8.JFunction0$mcV$sp.apply(JFunction0$mcV$sp.java:23)
	at scala.concurrent.BlockContext$.withBlockContext(BlockContext.scala:85)
	at akka.dispatch.BatchingExecutor$BlockableBatch.run(BatchingExecutor.scala:100)
	at akka.dispatch.TaskInvocation.run(AbstractDispatcher.scala:49)
	at akka.dispatch.ForkJoinExecutorConfigurator$AkkaForkJoinTask.exec(ForkJoinExecutorConfigurator.scala:48)
	at java.base/java.util.concurrent.ForkJoinTask.doExec(ForkJoinTask.java:373)
	at java.base/java.util.concurrent.ForkJoinPool$WorkQueue.topLevelExec(ForkJoinPool.java:1182)
	at java.base/java.util.concurrent.ForkJoinPool.scan(ForkJoinPool.java:1655)
	at java.base/java.util.concurrent.ForkJoinPool.runWorker(ForkJoinPool.java:1622)
	at java.base/java.util.concurrent.ForkJoinWorkerThread.run(ForkJoinWorkerThread.java:165)
Caused by: java.net.MalformedURLException: unknown protocol: cp
	at java.base/java.net.URL.<init>(URL.java:681)
	at java.base/java.net.URL.<init>(URL.java:569)
	at java.base/java.net.URL.<init>(URL.java:516)
	at controllers.jpro.$anonfun$genURL$1(jpro.scala:365)
	at scala.Function1.$anonfun$andThen$1(Function1.scala:57)
	at play.api.mvc.ActionBuilderImpl.invokeBlock(Action.scala:441)
	at play.api.mvc.ActionBuilderImpl.invokeBlock(Action.scala:439)
	at play.api.mvc.ActionBuilder$$anon$9.apply(Action.scala:379)
	at play.api.mvc.Action.$anonfun$apply$4(Action.scala:82)
	at play.api.libs.streams.StrictAccumulator.$anonfun$mapFuture$4(Accumulator.scala:168)
	at scala.util.Try$.apply(Try.scala:213)
	at play.api.libs.streams.StrictAccumulator.$anonfun$mapFuture$3(Accumulator.scala:168)
	at scala.Function1.$anonfun$andThen$1(Function1.scala:57)
	at scala.Function1.$anonfun$andThen$1(Function1.scala:57)
	at scala.Function1.$anonfun$andThen$1(Function1.scala:57)
	at play.api.libs.streams.StrictAccumulator.run(Accumulator.scala:199)
	at play.core.server.AkkaHttpServer.$anonfun$runAction$4(AkkaHttpServer.scala:417)
	at akka.http.scaladsl.util.FastFuture$.strictTransform$1(FastFuture.scala:41)
	at akka.http.scaladsl.util.FastFuture$.$anonfun$transformWith$3(FastFuture.scala:51)
	... 13 common frames omitted
2026-07-08 13:17:21,693 [ERROR] from play.api.http.DefaultHttpErrorHandler in application-akka.actor.default-dispatcher-24 - 

! @8e19e7k9c - Internal server error, for (GET) [/app/default/resourcesencoded/cp:/picture/background.png] ->
 
play.api.UnexpectedException: Unexpected exception[MalformedURLException: unknown protocol: cp]
	at play.api.http.HttpErrorHandlerExceptions$.throwableToUsefulException(HttpErrorHandler.scala:358)
	at play.api.http.DefaultHttpErrorHandler.onServerError(HttpErrorHandler.scala:264)
	at play.core.server.AkkaHttpServer$$anonfun$2.applyOrElse(AkkaHttpServer.scala:430)
	at play.core.server.AkkaHttpServer$$anonfun$2.applyOrElse(AkkaHttpServer.scala:422)
	at scala.concurrent.Future.$anonfun$recoverWith$1(Future.scala:417)
	at scala.concurrent.impl.Promise.$anonfun$transformWith$1(Promise.scala:41)
	at scala.concurrent.impl.CallbackRunnable.run(Promise.scala:64)
	at akka.dispatch.BatchingExecutor$AbstractBatch.processBatch(BatchingExecutor.scala:63)
	at akka.dispatch.BatchingExecutor$BlockableBatch.$anonfun$run$1(BatchingExecutor.scala:100)
	at scala.runtime.java8.JFunction0$mcV$sp.apply(JFunction0$mcV$sp.java:23)
	at scala.concurrent.BlockContext$.withBlockContext(BlockContext.scala:85)
	at akka.dispatch.BatchingExecutor$BlockableBatch.run(BatchingExecutor.scala:100)
	at akka.dispatch.TaskInvocation.run(AbstractDispatcher.scala:49)
	at akka.dispatch.ForkJoinExecutorConfigurator$AkkaForkJoinTask.exec(ForkJoinExecutorConfigurator.scala:48)
	at java.base/java.util.concurrent.ForkJoinTask.doExec(ForkJoinTask.java:373)
	at java.base/java.util.concurrent.ForkJoinPool$WorkQueue.topLevelExec(ForkJoinPool.java:1182)
	at java.base/java.util.concurrent.ForkJoinPool.scan(ForkJoinPool.java:1655)
	at java.base/java.util.concurrent.ForkJoinPool.runWorker(ForkJoinPool.java:1622)
	at java.base/java.util.concurrent.ForkJoinWorkerThread.run(ForkJoinWorkerThread.java:165)
Caused by: java.net.MalformedURLException: unknown protocol: cp
	at java.base/java.net.URL.<init>(URL.java:681)
	at java.base/java.net.URL.<init>(URL.java:569)
	at java.base/java.net.URL.<init>(URL.java:516)
	at controllers.jpro.$anonfun$genURL$1(jpro.scala:365)
	at scala.Function1.$anonfun$andThen$1(Function1.scala:57)
	at play.api.mvc.ActionBuilderImpl.invokeBlock(Action.scala:441)
	at play.api.mvc.ActionBuilderImpl.invokeBlock(Action.scala:439)
	at play.api.mvc.ActionBuilder$$anon$9.apply(Action.scala:379)
	at play.api.mvc.Action.$anonfun$apply$4(Action.scala:82)
	at play.api.libs.streams.StrictAccumulator.$anonfun$mapFuture$4(Accumulator.scala:168)
	at scala.util.Try$.apply(Try.scala:213)
	at play.api.libs.streams.StrictAccumulator.$anonfun$mapFuture$3(Accumulator.scala:168)
	at scala.Function1.$anonfun$andThen$1(Function1.scala:57)
	at scala.Function1.$anonfun$andThen$1(Function1.scala:57)
	at scala.Function1.$anonfun$andThen$1(Function1.scala:57)
	at play.api.libs.streams.StrictAccumulator.run(Accumulator.scala:199)
	at play.core.server.AkkaHttpServer.$anonfun$runAction$4(AkkaHttpServer.scala:417)
	at akka.http.scaladsl.util.FastFuture$.strictTransform$1(FastFuture.scala:41)
	at akka.http.scaladsl.util.FastFuture$.$anonfun$transformWith$3(FastFuture.scala:51)
	... 13 common frames omitted
2026-07-08 13:17:23,048 [ERROR] from play.api.http.DefaultHttpErrorHandler in application-akka.actor.default-dispatcher-24 - 

! @8e19e7m9f - Internal server error, for (GET) [/app/default/resourcesencoded/cp:/picture/background.png] ->
 
play.api.UnexpectedException: Unexpected exception[MalformedURLException: unknown protocol: cp]
	at play.api.http.HttpErrorHandlerExceptions$.throwableToUsefulException(HttpErrorHandler.scala:358)
	at play.api.http.DefaultHttpErrorHandler.onServerError(HttpErrorHandler.scala:264)
	at play.core.server.AkkaHttpServer$$anonfun$2.applyOrElse(AkkaHttpServer.scala:430)
	at play.core.server.AkkaHttpServer$$anonfun$2.applyOrElse(AkkaHttpServer.scala:422)
	at scala.concurrent.Future.$anonfun$recoverWith$1(Future.scala:417)
	at scala.concurrent.impl.Promise.$anonfun$transformWith$1(Promise.scala:41)
	at scala.concurrent.impl.CallbackRunnable.run(Promise.scala:64)
	at akka.dispatch.BatchingExecutor$AbstractBatch.processBatch(BatchingExecutor.scala:63)
	at akka.dispatch.BatchingExecutor$BlockableBatch.$anonfun$run$1(BatchingExecutor.scala:100)
	at scala.runtime.java8.JFunction0$mcV$sp.apply(JFunction0$mcV$sp.java:23)
	at scala.concurrent.BlockContext$.withBlockContext(BlockContext.scala:85)
	at akka.dispatch.BatchingExecutor$BlockableBatch.run(BatchingExecutor.scala:100)
	at akka.dispatch.TaskInvocation.run(AbstractDispatcher.scala:49)
	at akka.dispatch.ForkJoinExecutorConfigurator$AkkaForkJoinTask.exec(ForkJoinExecutorConfigurator.scala:48)
	at java.base/java.util.concurrent.ForkJoinTask.doExec(ForkJoinTask.java:373)
	at java.base/java.util.concurrent.ForkJoinPool$WorkQueue.topLevelExec(ForkJoinPool.java:1182)
	at java.base/java.util.concurrent.ForkJoinPool.scan(ForkJoinPool.java:1655)
	at java.base/java.util.concurrent.ForkJoinPool.runWorker(ForkJoinPool.java:1622)
	at java.base/java.util.concurrent.ForkJoinWorkerThread.run(ForkJoinWorkerThread.java:165)
Caused by: java.net.MalformedURLException: unknown protocol: cp
	at java.base/java.net.URL.<init>(URL.java:681)
	at java.base/java.net.URL.<init>(URL.java:569)
	at java.base/java.net.URL.<init>(URL.java:516)
	at controllers.jpro.$anonfun$genURL$1(jpro.scala:365)
	at scala.Function1.$anonfun$andThen$1(Function1.scala:57)
	at play.api.mvc.ActionBuilderImpl.invokeBlock(Action.scala:441)
	at play.api.mvc.ActionBuilderImpl.invokeBlock(Action.scala:439)
	at play.api.mvc.ActionBuilder$$anon$9.apply(Action.scala:379)
	at play.api.mvc.Action.$anonfun$apply$4(Action.scala:82)
	at play.api.libs.streams.StrictAccumulator.$anonfun$mapFuture$4(Accumulator.scala:168)
	at scala.util.Try$.apply(Try.scala:213)
	at play.api.libs.streams.StrictAccumulator.$anonfun$mapFuture$3(Accumulator.scala:168)
	at scala.Function1.$anonfun$andThen$1(Function1.scala:57)
	at scala.Function1.$anonfun$andThen$1(Function1.scala:57)
	at scala.Function1.$anonfun$andThen$1(Function1.scala:57)
	at play.api.libs.streams.StrictAccumulator.run(Accumulator.scala:199)
	at play.core.server.AkkaHttpServer.$anonfun$runAction$4(AkkaHttpServer.scala:417)
	at akka.http.scaladsl.util.FastFuture$.strictTransform$1(FastFuture.scala:41)
	at akka.http.scaladsl.util.FastFuture$.$anonfun$transformWith$3(FastFuture.scala:51)
	... 13 common frames omitted
2026-07-08 13:17:23,493 [ERROR] from play.api.http.DefaultHttpErrorHandler in application-akka.actor.default-dispatcher-11 - 

! @8e19e7n0i - Internal server error, for (GET) [/app/default/resourcesencoded/cp:/picture/background.png] ->
 
play.api.UnexpectedException: Unexpected exception[MalformedURLException: unknown protocol: cp]
	at play.api.http.HttpErrorHandlerExceptions$.throwableToUsefulException(HttpErrorHandler.scala:358)
	at play.api.http.DefaultHttpErrorHandler.onServerError(HttpErrorHandler.scala:264)
	at play.core.server.AkkaHttpServer$$anonfun$2.applyOrElse(AkkaHttpServer.scala:430)
	at play.core.server.AkkaHttpServer$$anonfun$2.applyOrElse(AkkaHttpServer.scala:422)
	at scala.concurrent.Future.$anonfun$recoverWith$1(Future.scala:417)
	at scala.concurrent.impl.Promise.$anonfun$transformWith$1(Promise.scala:41)
	at scala.concurrent.impl.CallbackRunnable.run(Promise.scala:64)
	at akka.dispatch.BatchingExecutor$AbstractBatch.processBatch(BatchingExecutor.scala:63)
	at akka.dispatch.BatchingExecutor$BlockableBatch.$anonfun$run$1(BatchingExecutor.scala:100)
	at scala.runtime.java8.JFunction0$mcV$sp.apply(JFunction0$mcV$sp.java:23)
	at scala.concurrent.BlockContext$.withBlockContext(BlockContext.scala:85)
	at akka.dispatch.BatchingExecutor$BlockableBatch.run(BatchingExecutor.scala:100)
	at akka.dispatch.TaskInvocation.run(AbstractDispatcher.scala:49)
	at akka.dispatch.ForkJoinExecutorConfigurator$AkkaForkJoinTask.exec(ForkJoinExecutorConfigurator.scala:48)
	at java.base/java.util.concurrent.ForkJoinTask.doExec(ForkJoinTask.java:373)
	at java.base/java.util.concurrent.ForkJoinPool$WorkQueue.topLevelExec(ForkJoinPool.java:1182)
	at java.base/java.util.concurrent.ForkJoinPool.scan(ForkJoinPool.java:1655)
	at java.base/java.util.concurrent.ForkJoinPool.runWorker(ForkJoinPool.java:1622)
	at java.base/java.util.concurrent.ForkJoinWorkerThread.run(ForkJoinWorkerThread.java:165)
Caused by: java.net.MalformedURLException: unknown protocol: cp
	at java.base/java.net.URL.<init>(URL.java:681)
	at java.base/java.net.URL.<init>(URL.java:569)
	at java.base/java.net.URL.<init>(URL.java:516)
	at controllers.jpro.$anonfun$genURL$1(jpro.scala:365)
	at scala.Function1.$anonfun$andThen$1(Function1.scala:57)
	at play.api.mvc.ActionBuilderImpl.invokeBlock(Action.scala:441)
	at play.api.mvc.ActionBuilderImpl.invokeBlock(Action.scala:439)
	at play.api.mvc.ActionBuilder$$anon$9.apply(Action.scala:379)
	at play.api.mvc.Action.$anonfun$apply$4(Action.scala:82)
	at play.api.libs.streams.StrictAccumulator.$anonfun$mapFuture$4(Accumulator.scala:168)
	at scala.util.Try$.apply(Try.scala:213)
	at play.api.libs.streams.StrictAccumulator.$anonfun$mapFuture$3(Accumulator.scala:168)
	at scala.Function1.$anonfun$andThen$1(Function1.scala:57)
	at scala.Function1.$anonfun$andThen$1(Function1.scala:57)
	at scala.Function1.$anonfun$andThen$1(Function1.scala:57)
	at play.api.libs.streams.StrictAccumulator.run(Accumulator.scala:199)
	at play.core.server.AkkaHttpServer.$anonfun$runAction$4(AkkaHttpServer.scala:417)
	at akka.http.scaladsl.util.FastFuture$.strictTransform$1(FastFuture.scala:41)
	at akka.http.scaladsl.util.FastFuture$.$anonfun$transformWith$3(FastFuture.scala:51)
	... 13 common frames omitted
2026-07-08 13:17:23,905 [ERROR] from play.api.http.DefaultHttpErrorHandler in application-akka.actor.default-dispatcher-11 - 

! @8e19e7nge - Internal server error, for (GET) [/app/default/resourcesencoded/cp:/picture/background.png] ->
 
play.api.UnexpectedException: Unexpected exception[MalformedURLException: unknown protocol: cp]
	at play.api.http.HttpErrorHandlerExceptions$.throwableToUsefulException(HttpErrorHandler.scala:358)
	at play.api.http.DefaultHttpErrorHandler.onServerError(HttpErrorHandler.scala:264)
	at play.core.server.AkkaHttpServer$$anonfun$2.applyOrElse(AkkaHttpServer.scala:430)
	at play.core.server.AkkaHttpServer$$anonfun$2.applyOrElse(AkkaHttpServer.scala:422)
	at scala.concurrent.Future.$anonfun$recoverWith$1(Future.scala:417)
	at scala.concurrent.impl.Promise.$anonfun$transformWith$1(Promise.scala:41)
	at scala.concurrent.impl.CallbackRunnable.run(Promise.scala:64)
	at akka.dispatch.BatchingExecutor$AbstractBatch.processBatch(BatchingExecutor.scala:63)
	at akka.dispatch.BatchingExecutor$BlockableBatch.$anonfun$run$1(BatchingExecutor.scala:100)
	at scala.runtime.java8.JFunction0$mcV$sp.apply(JFunction0$mcV$sp.java:23)
	at scala.concurrent.BlockContext$.withBlockContext(BlockContext.scala:85)
	at akka.dispatch.BatchingExecutor$BlockableBatch.run(BatchingExecutor.scala:100)
	at akka.dispatch.TaskInvocation.run(AbstractDispatcher.scala:49)
	at akka.dispatch.ForkJoinExecutorConfigurator$AkkaForkJoinTask.exec(ForkJoinExecutorConfigurator.scala:48)
	at java.base/java.util.concurrent.ForkJoinTask.doExec(ForkJoinTask.java:373)
	at java.base/java.util.concurrent.ForkJoinPool$WorkQueue.topLevelExec(ForkJoinPool.java:1182)
	at java.base/java.util.concurrent.ForkJoinPool.scan(ForkJoinPool.java:1655)
	at java.base/java.util.concurrent.ForkJoinPool.runWorker(ForkJoinPool.java:1622)
	at java.base/java.util.concurrent.ForkJoinWorkerThread.run(ForkJoinWorkerThread.java:165)
Caused by: java.net.MalformedURLException: unknown protocol: cp
	at java.base/java.net.URL.<init>(URL.java:681)
	at java.base/java.net.URL.<init>(URL.java:569)
	at java.base/java.net.URL.<init>(URL.java:516)
	at controllers.jpro.$anonfun$genURL$1(jpro.scala:365)
	at scala.Function1.$anonfun$andThen$1(Function1.scala:57)
	at play.api.mvc.ActionBuilderImpl.invokeBlock(Action.scala:441)
	at play.api.mvc.ActionBuilderImpl.invokeBlock(Action.scala:439)
	at play.api.mvc.ActionBuilder$$anon$9.apply(Action.scala:379)
	at play.api.mvc.Action.$anonfun$apply$4(Action.scala:82)
	at play.api.libs.streams.StrictAccumulator.$anonfun$mapFuture$4(Accumulator.scala:168)
	at scala.util.Try$.apply(Try.scala:213)
	at play.api.libs.streams.StrictAccumulator.$anonfun$mapFuture$3(Accumulator.scala:168)
	at scala.Function1.$anonfun$andThen$1(Function1.scala:57)
	at scala.Function1.$anonfun$andThen$1(Function1.scala:57)
	at scala.Function1.$anonfun$andThen$1(Function1.scala:57)
	at play.api.libs.streams.StrictAccumulator.run(Accumulator.scala:199)
	at play.core.server.AkkaHttpServer.$anonfun$runAction$4(AkkaHttpServer.scala:417)
	at akka.http.scaladsl.util.FastFuture$.strictTransform$1(FastFuture.scala:41)
	at akka.http.scaladsl.util.FastFuture$.$anonfun$transformWith$3(FastFuture.scala:51)
	... 13 common frames omitted
2026-07-08 13:17:24,296 [ERROR] from play.api.http.DefaultHttpErrorHandler in application-akka.actor.default-dispatcher-19 - 

! @8e19e7o5f - Internal server error, for (GET) [/app/default/resourcesencoded/cp:/picture/background.png] ->
 
play.api.UnexpectedException: Unexpected exception[MalformedURLException: unknown protocol: cp]
	at play.api.http.HttpErrorHandlerExceptions$.throwableToUsefulException(HttpErrorHandler.scala:358)
	at play.api.http.DefaultHttpErrorHandler.onServerError(HttpErrorHandler.scala:264)
	at play.core.server.AkkaHttpServer$$anonfun$2.applyOrElse(AkkaHttpServer.scala:430)
	at play.core.server.AkkaHttpServer$$anonfun$2.applyOrElse(AkkaHttpServer.scala:422)
	at scala.concurrent.Future.$anonfun$recoverWith$1(Future.scala:417)
	at scala.concurrent.impl.Promise.$anonfun$transformWith$1(Promise.scala:41)
	at scala.concurrent.impl.CallbackRunnable.run(Promise.scala:64)
	at akka.dispatch.BatchingExecutor$AbstractBatch.processBatch(BatchingExecutor.scala:63)
	at akka.dispatch.BatchingExecutor$BlockableBatch.$anonfun$run$1(BatchingExecutor.scala:100)
	at scala.runtime.java8.JFunction0$mcV$sp.apply(JFunction0$mcV$sp.java:23)
	at scala.concurrent.BlockContext$.withBlockContext(BlockContext.scala:85)
	at akka.dispatch.BatchingExecutor$BlockableBatch.run(BatchingExecutor.scala:100)
	at akka.dispatch.TaskInvocation.run(AbstractDispatcher.scala:49)
	at akka.dispatch.ForkJoinExecutorConfigurator$AkkaForkJoinTask.exec(ForkJoinExecutorConfigurator.scala:48)
	at java.base/java.util.concurrent.ForkJoinTask.doExec(ForkJoinTask.java:373)
	at java.base/java.util.concurrent.ForkJoinPool$WorkQueue.topLevelExec(ForkJoinPool.java:1182)
	at java.base/java.util.concurrent.ForkJoinPool.scan(ForkJoinPool.java:1655)
	at java.base/java.util.concurrent.ForkJoinPool.runWorker(ForkJoinPool.java:1622)
	at java.base/java.util.concurrent.ForkJoinWorkerThread.run(ForkJoinWorkerThread.java:165)
Caused by: java.net.MalformedURLException: unknown protocol: cp
	at java.base/java.net.URL.<init>(URL.java:681)
	at java.base/java.net.URL.<init>(URL.java:569)
	at java.base/java.net.URL.<init>(URL.java:516)
	at controllers.jpro.$anonfun$genURL$1(jpro.scala:365)
	at scala.Function1.$anonfun$andThen$1(Function1.scala:57)
	at play.api.mvc.ActionBuilderImpl.invokeBlock(Action.scala:441)
	at play.api.mvc.ActionBuilderImpl.invokeBlock(Action.scala:439)
	at play.api.mvc.ActionBuilder$$anon$9.apply(Action.scala:379)
	at play.api.mvc.Action.$anonfun$apply$4(Action.scala:82)
	at play.api.libs.streams.StrictAccumulator.$anonfun$mapFuture$4(Accumulator.scala:168)
	at scala.util.Try$.apply(Try.scala:213)
	at play.api.libs.streams.StrictAccumulator.$anonfun$mapFuture$3(Accumulator.scala:168)
	at scala.Function1.$anonfun$andThen$1(Function1.scala:57)
	at scala.Function1.$anonfun$andThen$1(Function1.scala:57)
	at scala.Function1.$anonfun$andThen$1(Function1.scala:57)
	at play.api.libs.streams.StrictAccumulator.run(Accumulator.scala:199)
	at play.core.server.AkkaHttpServer.$anonfun$runAction$4(AkkaHttpServer.scala:417)
	at akka.http.scaladsl.util.FastFuture$.strictTransform$1(FastFuture.scala:41)
	at akka.http.scaladsl.util.FastFuture$.$anonfun$transformWith$3(FastFuture.scala:51)
	... 13 common frames omitted
2026-07-08 13:17:24,971 [ERROR] from play.api.http.DefaultHttpErrorHandler in application-akka.actor.default-dispatcher-23 - 

! @8e19e7p5e - Internal server error, for (GET) [/app/default/resourcesencoded/cp:/picture/background.png] ->
 
play.api.UnexpectedException: Unexpected exception[MalformedURLException: unknown protocol: cp]
	at play.api.http.HttpErrorHandlerExceptions$.throwableToUsefulException(HttpErrorHandler.scala:358)
	at play.api.http.DefaultHttpErrorHandler.onServerError(HttpErrorHandler.scala:264)
	at play.core.server.AkkaHttpServer$$anonfun$2.applyOrElse(AkkaHttpServer.scala:430)
	at play.core.server.AkkaHttpServer$$anonfun$2.applyOrElse(AkkaHttpServer.scala:422)
	at scala.concurrent.Future.$anonfun$recoverWith$1(Future.scala:417)
	at scala.concurrent.impl.Promise.$anonfun$transformWith$1(Promise.scala:41)
	at scala.concurrent.impl.CallbackRunnable.run(Promise.scala:64)
	at akka.dispatch.BatchingExecutor$AbstractBatch.processBatch(BatchingExecutor.scala:63)
	at akka.dispatch.BatchingExecutor$BlockableBatch.$anonfun$run$1(BatchingExecutor.scala:100)
	at scala.runtime.java8.JFunction0$mcV$sp.apply(JFunction0$mcV$sp.java:23)
	at scala.concurrent.BlockContext$.withBlockContext(BlockContext.scala:85)
	at akka.dispatch.BatchingExecutor$BlockableBatch.run(BatchingExecutor.scala:100)
	at akka.dispatch.TaskInvocation.run(AbstractDispatcher.scala:49)
	at akka.dispatch.ForkJoinExecutorConfigurator$AkkaForkJoinTask.exec(ForkJoinExecutorConfigurator.scala:48)
	at java.base/java.util.concurrent.ForkJoinTask.doExec(ForkJoinTask.java:373)
	at java.base/java.util.concurrent.ForkJoinPool$WorkQueue.topLevelExec(ForkJoinPool.java:1182)
	at java.base/java.util.concurrent.ForkJoinPool.scan(ForkJoinPool.java:1655)
	at java.base/java.util.concurrent.ForkJoinPool.runWorker(ForkJoinPool.java:1622)
	at java.base/java.util.concurrent.ForkJoinWorkerThread.run(ForkJoinWorkerThread.java:165)
Caused by: java.net.MalformedURLException: unknown protocol: cp
	at java.base/java.net.URL.<init>(URL.java:681)
	at java.base/java.net.URL.<init>(URL.java:569)
	at java.base/java.net.URL.<init>(URL.java:516)
	at controllers.jpro.$anonfun$genURL$1(jpro.scala:365)
	at scala.Function1.$anonfun$andThen$1(Function1.scala:57)
	at play.api.mvc.ActionBuilderImpl.invokeBlock(Action.scala:441)
	at play.api.mvc.ActionBuilderImpl.invokeBlock(Action.scala:439)
	at play.api.mvc.ActionBuilder$$anon$9.apply(Action.scala:379)
	at play.api.mvc.Action.$anonfun$apply$4(Action.scala:82)
	at play.api.libs.streams.StrictAccumulator.$anonfun$mapFuture$4(Accumulator.scala:168)
	at scala.util.Try$.apply(Try.scala:213)
	at play.api.libs.streams.StrictAccumulator.$anonfun$mapFuture$3(Accumulator.scala:168)
	at scala.Function1.$anonfun$andThen$1(Function1.scala:57)
	at scala.Function1.$anonfun$andThen$1(Function1.scala:57)
	at scala.Function1.$anonfun$andThen$1(Function1.scala:57)
	at play.api.libs.streams.StrictAccumulator.run(Accumulator.scala:199)
	at play.core.server.AkkaHttpServer.$anonfun$runAction$4(AkkaHttpServer.scala:417)
	at akka.http.scaladsl.util.FastFuture$.strictTransform$1(FastFuture.scala:41)
	at akka.http.scaladsl.util.FastFuture$.$anonfun$transformWith$3(FastFuture.scala:51)
	... 13 common frames omitted
2026-07-08 13:17:25,350 [ERROR] from play.api.http.DefaultHttpErrorHandler in application-akka.actor.default-dispatcher-16 - 

! @8e19e7pk3 - Internal server error, for (GET) [/app/default/resourcesencoded/cp:/picture/background.png] ->
 
play.api.UnexpectedException: Unexpected exception[MalformedURLException: unknown protocol: cp]
	at play.api.http.HttpErrorHandlerExceptions$.throwableToUsefulException(HttpErrorHandler.scala:358)
	at play.api.http.DefaultHttpErrorHandler.onServerError(HttpErrorHandler.scala:264)
	at play.core.server.AkkaHttpServer$$anonfun$2.applyOrElse(AkkaHttpServer.scala:430)
	at play.core.server.AkkaHttpServer$$anonfun$2.applyOrElse(AkkaHttpServer.scala:422)
	at scala.concurrent.Future.$anonfun$recoverWith$1(Future.scala:417)
	at scala.concurrent.impl.Promise.$anonfun$transformWith$1(Promise.scala:41)
	at scala.concurrent.impl.CallbackRunnable.run(Promise.scala:64)
	at akka.dispatch.BatchingExecutor$AbstractBatch.processBatch(BatchingExecutor.scala:63)
	at akka.dispatch.BatchingExecutor$BlockableBatch.$anonfun$run$1(BatchingExecutor.scala:100)
	at scala.runtime.java8.JFunction0$mcV$sp.apply(JFunction0$mcV$sp.java:23)
	at scala.concurrent.BlockContext$.withBlockContext(BlockContext.scala:85)
	at akka.dispatch.BatchingExecutor$BlockableBatch.run(BatchingExecutor.scala:100)
	at akka.dispatch.TaskInvocation.run(AbstractDispatcher.scala:49)
	at akka.dispatch.ForkJoinExecutorConfigurator$AkkaForkJoinTask.exec(ForkJoinExecutorConfigurator.scala:48)
	at java.base/java.util.concurrent.ForkJoinTask.doExec(ForkJoinTask.java:373)
	at java.base/java.util.concurrent.ForkJoinPool$WorkQueue.topLevelExec(ForkJoinPool.java:1182)
	at java.base/java.util.concurrent.ForkJoinPool.scan(ForkJoinPool.java:1655)
	at java.base/java.util.concurrent.ForkJoinPool.runWorker(ForkJoinPool.java:1622)
	at java.base/java.util.concurrent.ForkJoinWorkerThread.run(ForkJoinWorkerThread.java:165)
Caused by: java.net.MalformedURLException: unknown protocol: cp
	at java.base/java.net.URL.<init>(URL.java:681)
	at java.base/java.net.URL.<init>(URL.java:569)
	at java.base/java.net.URL.<init>(URL.java:516)
	at controllers.jpro.$anonfun$genURL$1(jpro.scala:365)
	at scala.Function1.$anonfun$andThen$1(Function1.scala:57)
	at play.api.mvc.ActionBuilderImpl.invokeBlock(Action.scala:441)
	at play.api.mvc.ActionBuilderImpl.invokeBlock(Action.scala:439)
	at play.api.mvc.ActionBuilder$$anon$9.apply(Action.scala:379)
	at play.api.mvc.Action.$anonfun$apply$4(Action.scala:82)
	at play.api.libs.streams.StrictAccumulator.$anonfun$mapFuture$4(Accumulator.scala:168)
	at scala.util.Try$.apply(Try.scala:213)
	at play.api.libs.streams.StrictAccumulator.$anonfun$mapFuture$3(Accumulator.scala:168)
	at scala.Function1.$anonfun$andThen$1(Function1.scala:57)
	at scala.Function1.$anonfun$andThen$1(Function1.scala:57)
	at scala.Function1.$anonfun$andThen$1(Function1.scala:57)
	at play.api.libs.streams.StrictAccumulator.run(Accumulator.scala:199)
	at play.core.server.AkkaHttpServer.$anonfun$runAction$4(AkkaHttpServer.scala:417)
	at akka.http.scaladsl.util.FastFuture$.strictTransform$1(FastFuture.scala:41)
	at akka.http.scaladsl.util.FastFuture$.$anonfun$transformWith$3(FastFuture.scala:51)
	... 13 common frames omitted
2026-07-08 13:17:25,833 [ERROR] from play.api.http.DefaultHttpErrorHandler in application-akka.actor.default-dispatcher-12 - 

! @8e19e80ci - Internal server error, for (GET) [/app/default/resourcesencoded/cp:/picture/background.png] ->
 
play.api.UnexpectedException: Unexpected exception[MalformedURLException: unknown protocol: cp]
	at play.api.http.HttpErrorHandlerExceptions$.throwableToUsefulException(HttpErrorHandler.scala:358)
	at play.api.http.DefaultHttpErrorHandler.onServerError(HttpErrorHandler.scala:264)
	at play.core.server.AkkaHttpServer$$anonfun$2.applyOrElse(AkkaHttpServer.scala:430)
	at play.core.server.AkkaHttpServer$$anonfun$2.applyOrElse(AkkaHttpServer.scala:422)
	at scala.concurrent.Future.$anonfun$recoverWith$1(Future.scala:417)
	at scala.concurrent.impl.Promise.$anonfun$transformWith$1(Promise.scala:41)
	at scala.concurrent.impl.CallbackRunnable.run(Promise.scala:64)
	at akka.dispatch.BatchingExecutor$AbstractBatch.processBatch(BatchingExecutor.scala:63)
	at akka.dispatch.BatchingExecutor$BlockableBatch.$anonfun$run$1(BatchingExecutor.scala:100)
	at scala.runtime.java8.JFunction0$mcV$sp.apply(JFunction0$mcV$sp.java:23)
	at scala.concurrent.BlockContext$.withBlockContext(BlockContext.scala:85)
	at akka.dispatch.BatchingExecutor$BlockableBatch.run(BatchingExecutor.scala:100)
	at akka.dispatch.TaskInvocation.run(AbstractDispatcher.scala:49)
	at akka.dispatch.ForkJoinExecutorConfigurator$AkkaForkJoinTask.exec(ForkJoinExecutorConfigurator.scala:48)
	at java.base/java.util.concurrent.ForkJoinTask.doExec(ForkJoinTask.java:373)
	at java.base/java.util.concurrent.ForkJoinPool$WorkQueue.topLevelExec(ForkJoinPool.java:1182)
	at java.base/java.util.concurrent.ForkJoinPool.scan(ForkJoinPool.java:1655)
	at java.base/java.util.concurrent.ForkJoinPool.runWorker(ForkJoinPool.java:1622)
	at java.base/java.util.concurrent.ForkJoinWorkerThread.run(ForkJoinWorkerThread.java:165)
Caused by: java.net.MalformedURLException: unknown protocol: cp
	at java.base/java.net.URL.<init>(URL.java:681)
	at java.base/java.net.URL.<init>(URL.java:569)
	at java.base/java.net.URL.<init>(URL.java:516)
	at controllers.jpro.$anonfun$genURL$1(jpro.scala:365)
	at scala.Function1.$anonfun$andThen$1(Function1.scala:57)
	at play.api.mvc.ActionBuilderImpl.invokeBlock(Action.scala:441)
	at play.api.mvc.ActionBuilderImpl.invokeBlock(Action.scala:439)
	at play.api.mvc.ActionBuilder$$anon$9.apply(Action.scala:379)
	at play.api.mvc.Action.$anonfun$apply$4(Action.scala:82)
	at play.api.libs.streams.StrictAccumulator.$anonfun$mapFuture$4(Accumulator.scala:168)
	at scala.util.Try$.apply(Try.scala:213)
	at play.api.libs.streams.StrictAccumulator.$anonfun$mapFuture$3(Accumulator.scala:168)
	at scala.Function1.$anonfun$andThen$1(Function1.scala:57)
	at scala.Function1.$anonfun$andThen$1(Function1.scala:57)
	at scala.Function1.$anonfun$andThen$1(Function1.scala:57)
	at play.api.libs.streams.StrictAccumulator.run(Accumulator.scala:199)
	at play.core.server.AkkaHttpServer.$anonfun$runAction$4(AkkaHttpServer.scala:417)
	at akka.http.scaladsl.util.FastFuture$.strictTransform$1(FastFuture.scala:41)
	at akka.http.scaladsl.util.FastFuture$.$anonfun$transformWith$3(FastFuture.scala:51)
	... 13 common frames omitted
2026-07-08 13:17:26,226 [ERROR] from play.api.http.DefaultHttpErrorHandler in application-akka.actor.default-dispatcher-19 - 

! @8e19e811l - Internal server error, for (GET) [/app/default/resourcesencoded/cp:/picture/background.png] ->
 
play.api.UnexpectedException: Unexpected exception[MalformedURLException: unknown protocol: cp]
	at play.api.http.HttpErrorHandlerExceptions$.throwableToUsefulException(HttpErrorHandler.scala:358)
	at play.api.http.DefaultHttpErrorHandler.onServerError(HttpErrorHandler.scala:264)
	at play.core.server.AkkaHttpServer$$anonfun$2.applyOrElse(AkkaHttpServer.scala:430)
	at play.core.server.AkkaHttpServer$$anonfun$2.applyOrElse(AkkaHttpServer.scala:422)
	at scala.concurrent.Future.$anonfun$recoverWith$1(Future.scala:417)
	at scala.concurrent.impl.Promise.$anonfun$transformWith$1(Promise.scala:41)
	at scala.concurrent.impl.CallbackRunnable.run(Promise.scala:64)
	at akka.dispatch.BatchingExecutor$AbstractBatch.processBatch(BatchingExecutor.scala:63)
	at akka.dispatch.BatchingExecutor$BlockableBatch.$anonfun$run$1(BatchingExecutor.scala:100)
	at scala.runtime.java8.JFunction0$mcV$sp.apply(JFunction0$mcV$sp.java:23)
	at scala.concurrent.BlockContext$.withBlockContext(BlockContext.scala:85)
	at akka.dispatch.BatchingExecutor$BlockableBatch.run(BatchingExecutor.scala:100)
	at akka.dispatch.TaskInvocation.run(AbstractDispatcher.scala:49)
	at akka.dispatch.ForkJoinExecutorConfigurator$AkkaForkJoinTask.exec(ForkJoinExecutorConfigurator.scala:48)
	at java.base/java.util.concurrent.ForkJoinTask.doExec(ForkJoinTask.java:373)
	at java.base/java.util.concurrent.ForkJoinPool$WorkQueue.topLevelExec(ForkJoinPool.java:1182)
	at java.base/java.util.concurrent.ForkJoinPool.scan(ForkJoinPool.java:1655)
	at java.base/java.util.concurrent.ForkJoinPool.runWorker(ForkJoinPool.java:1622)
	at java.base/java.util.concurrent.ForkJoinWorkerThread.run(ForkJoinWorkerThread.java:165)
Caused by: java.net.MalformedURLException: unknown protocol: cp
	at java.base/java.net.URL.<init>(URL.java:681)
	at java.base/java.net.URL.<init>(URL.java:569)
	at java.base/java.net.URL.<init>(URL.java:516)
	at controllers.jpro.$anonfun$genURL$1(jpro.scala:365)
	at scala.Function1.$anonfun$andThen$1(Function1.scala:57)
	at play.api.mvc.ActionBuilderImpl.invokeBlock(Action.scala:441)
	at play.api.mvc.ActionBuilderImpl.invokeBlock(Action.scala:439)
	at play.api.mvc.ActionBuilder$$anon$9.apply(Action.scala:379)
	at play.api.mvc.Action.$anonfun$apply$4(Action.scala:82)
	at play.api.libs.streams.StrictAccumulator.$anonfun$mapFuture$4(Accumulator.scala:168)
	at scala.util.Try$.apply(Try.scala:213)
	at play.api.libs.streams.StrictAccumulator.$anonfun$mapFuture$3(Accumulator.scala:168)
	at scala.Function1.$anonfun$andThen$1(Function1.scala:57)
	at scala.Function1.$anonfun$andThen$1(Function1.scala:57)
	at scala.Function1.$anonfun$andThen$1(Function1.scala:57)
	at play.api.libs.streams.StrictAccumulator.run(Accumulator.scala:199)
	at play.core.server.AkkaHttpServer.$anonfun$runAction$4(AkkaHttpServer.scala:417)
	at akka.http.scaladsl.util.FastFuture$.strictTransform$1(FastFuture.scala:41)
	at akka.http.scaladsl.util.FastFuture$.$anonfun$transformWith$3(FastFuture.scala:51)
	... 13 common frames omitted
2026-07-08 13:17:26,983 [ERROR] from play.api.http.DefaultHttpErrorHandler in application-akka.actor.default-dispatcher-9 - 

! @8e19e824o - Internal server error, for (GET) [/app/default/resourcesencoded/cp:/picture/background.png] ->
 
play.api.UnexpectedException: Unexpected exception[MalformedURLException: unknown protocol: cp]
	at play.api.http.HttpErrorHandlerExceptions$.throwableToUsefulException(HttpErrorHandler.scala:358)
	at play.api.http.DefaultHttpErrorHandler.onServerError(HttpErrorHandler.scala:264)
	at play.core.server.AkkaHttpServer$$anonfun$2.applyOrElse(AkkaHttpServer.scala:430)
	at play.core.server.AkkaHttpServer$$anonfun$2.applyOrElse(AkkaHttpServer.scala:422)
	at scala.concurrent.Future.$anonfun$recoverWith$1(Future.scala:417)
	at scala.concurrent.impl.Promise.$anonfun$transformWith$1(Promise.scala:41)
	at scala.concurrent.impl.CallbackRunnable.run(Promise.scala:64)
	at akka.dispatch.BatchingExecutor$AbstractBatch.processBatch(BatchingExecutor.scala:63)
	at akka.dispatch.BatchingExecutor$BlockableBatch.$anonfun$run$1(BatchingExecutor.scala:100)
	at scala.runtime.java8.JFunction0$mcV$sp.apply(JFunction0$mcV$sp.java:23)
	at scala.concurrent.BlockContext$.withBlockContext(BlockContext.scala:85)
	at akka.dispatch.BatchingExecutor$BlockableBatch.run(BatchingExecutor.scala:100)
	at akka.dispatch.TaskInvocation.run(AbstractDispatcher.scala:49)
	at akka.dispatch.ForkJoinExecutorConfigurator$AkkaForkJoinTask.exec(ForkJoinExecutorConfigurator.scala:48)
	at java.base/java.util.concurrent.ForkJoinTask.doExec(ForkJoinTask.java:373)
	at java.base/java.util.concurrent.ForkJoinPool$WorkQueue.topLevelExec(ForkJoinPool.java:1182)
	at java.base/java.util.concurrent.ForkJoinPool.scan(ForkJoinPool.java:1655)
	at java.base/java.util.concurrent.ForkJoinPool.runWorker(ForkJoinPool.java:1622)
	at java.base/java.util.concurrent.ForkJoinWorkerThread.run(ForkJoinWorkerThread.java:165)
Caused by: java.net.MalformedURLException: unknown protocol: cp
	at java.base/java.net.URL.<init>(URL.java:681)
	at java.base/java.net.URL.<init>(URL.java:569)
	at java.base/java.net.URL.<init>(URL.java:516)
	at controllers.jpro.$anonfun$genURL$1(jpro.scala:365)
	at scala.Function1.$anonfun$andThen$1(Function1.scala:57)
	at play.api.mvc.ActionBuilderImpl.invokeBlock(Action.scala:441)
	at play.api.mvc.ActionBuilderImpl.invokeBlock(Action.scala:439)
	at play.api.mvc.ActionBuilder$$anon$9.apply(Action.scala:379)
	at play.api.mvc.Action.$anonfun$apply$4(Action.scala:82)
	at play.api.libs.streams.StrictAccumulator.$anonfun$mapFuture$4(Accumulator.scala:168)
	at scala.util.Try$.apply(Try.scala:213)
	at play.api.libs.streams.StrictAccumulator.$anonfun$mapFuture$3(Accumulator.scala:168)
	at scala.Function1.$anonfun$andThen$1(Function1.scala:57)
	at scala.Function1.$anonfun$andThen$1(Function1.scala:57)
	at scala.Function1.$anonfun$andThen$1(Function1.scala:57)
	at play.api.libs.streams.StrictAccumulator.run(Accumulator.scala:199)
	at play.core.server.AkkaHttpServer.$anonfun$runAction$4(AkkaHttpServer.scala:417)
	at akka.http.scaladsl.util.FastFuture$.strictTransform$1(FastFuture.scala:41)
	at akka.http.scaladsl.util.FastFuture$.$anonfun$transformWith$3(FastFuture.scala:51)
	... 13 common frames omitted
2026-07-08 13:17:27,686 [ERROR] from play.api.http.DefaultHttpErrorHandler in application-akka.actor.default-dispatcher-16 - 

! @8e19e835p - Internal server error, for (GET) [/app/default/resourcesencoded/cp:/picture/background.png] ->
 
play.api.UnexpectedException: Unexpected exception[MalformedURLException: unknown protocol: cp]
	at play.api.http.HttpErrorHandlerExceptions$.throwableToUsefulException(HttpErrorHandler.scala:358)
	at play.api.http.DefaultHttpErrorHandler.onServerError(HttpErrorHandler.scala:264)
	at play.core.server.AkkaHttpServer$$anonfun$2.applyOrElse(AkkaHttpServer.scala:430)
	at play.core.server.AkkaHttpServer$$anonfun$2.applyOrElse(AkkaHttpServer.scala:422)
	at scala.concurrent.Future.$anonfun$recoverWith$1(Future.scala:417)
	at scala.concurrent.impl.Promise.$anonfun$transformWith$1(Promise.scala:41)
	at scala.concurrent.impl.CallbackRunnable.run(Promise.scala:64)
	at akka.dispatch.BatchingExecutor$AbstractBatch.processBatch(BatchingExecutor.scala:63)
	at akka.dispatch.BatchingExecutor$BlockableBatch.$anonfun$run$1(BatchingExecutor.scala:100)
	at scala.runtime.java8.JFunction0$mcV$sp.apply(JFunction0$mcV$sp.java:23)
	at scala.concurrent.BlockContext$.withBlockContext(BlockContext.scala:85)
	at akka.dispatch.BatchingExecutor$BlockableBatch.run(BatchingExecutor.scala:100)
	at akka.dispatch.TaskInvocation.run(AbstractDispatcher.scala:49)
	at akka.dispatch.ForkJoinExecutorConfigurator$AkkaForkJoinTask.exec(ForkJoinExecutorConfigurator.scala:48)
	at java.base/java.util.concurrent.ForkJoinTask.doExec(ForkJoinTask.java:373)
	at java.base/java.util.concurrent.ForkJoinPool$WorkQueue.topLevelExec(ForkJoinPool.java:1182)
	at java.base/java.util.concurrent.ForkJoinPool.scan(ForkJoinPool.java:1655)
	at java.base/java.util.concurrent.ForkJoinPool.runWorker(ForkJoinPool.java:1622)
	at java.base/java.util.concurrent.ForkJoinWorkerThread.run(ForkJoinWorkerThread.java:165)
Caused by: java.net.MalformedURLException: unknown protocol: cp
	at java.base/java.net.URL.<init>(URL.java:681)
	at java.base/java.net.URL.<init>(URL.java:569)
	at java.base/java.net.URL.<init>(URL.java:516)
	at controllers.jpro.$anonfun$genURL$1(jpro.scala:365)
	at scala.Function1.$anonfun$andThen$1(Function1.scala:57)
	at play.api.mvc.ActionBuilderImpl.invokeBlock(Action.scala:441)
	at play.api.mvc.ActionBuilderImpl.invokeBlock(Action.scala:439)
	at play.api.mvc.ActionBuilder$$anon$9.apply(Action.scala:379)
	at play.api.mvc.Action.$anonfun$apply$4(Action.scala:82)
	at play.api.libs.streams.StrictAccumulator.$anonfun$mapFuture$4(Accumulator.scala:168)
	at scala.util.Try$.apply(Try.scala:213)
	at play.api.libs.streams.StrictAccumulator.$anonfun$mapFuture$3(Accumulator.scala:168)
	at scala.Function1.$anonfun$andThen$1(Function1.scala:57)
	at scala.Function1.$anonfun$andThen$1(Function1.scala:57)
	at scala.Function1.$anonfun$andThen$1(Function1.scala:57)
	at play.api.libs.streams.StrictAccumulator.run(Accumulator.scala:199)
	at play.core.server.AkkaHttpServer.$anonfun$runAction$4(AkkaHttpServer.scala:417)
	at akka.http.scaladsl.util.FastFuture$.strictTransform$1(FastFuture.scala:41)
	at akka.http.scaladsl.util.FastFuture$.$anonfun$transformWith$3(FastFuture.scala:51)
	... 13 common frames omitted
2026-07-08 13:17:28,369 [ERROR] from play.api.http.DefaultHttpErrorHandler in application-akka.actor.default-dispatcher-27 - 

! @8e19e8466 - Internal server error, for (GET) [/app/default/resourcesencoded/cp:/picture/background.png] ->
 
play.api.UnexpectedException: Unexpected exception[MalformedURLException: unknown protocol: cp]
	at play.api.http.HttpErrorHandlerExceptions$.throwableToUsefulException(HttpErrorHandler.scala:358)
	at play.api.http.DefaultHttpErrorHandler.onServerError(HttpErrorHandler.scala:264)
	at play.core.server.AkkaHttpServer$$anonfun$2.applyOrElse(AkkaHttpServer.scala:430)
	at play.core.server.AkkaHttpServer$$anonfun$2.applyOrElse(AkkaHttpServer.scala:422)
	at scala.concurrent.Future.$anonfun$recoverWith$1(Future.scala:417)
	at scala.concurrent.impl.Promise.$anonfun$transformWith$1(Promise.scala:41)
	at scala.concurrent.impl.CallbackRunnable.run(Promise.scala:64)
	at akka.dispatch.BatchingExecutor$AbstractBatch.processBatch(BatchingExecutor.scala:63)
	at akka.dispatch.BatchingExecutor$BlockableBatch.$anonfun$run$1(BatchingExecutor.scala:100)
	at scala.runtime.java8.JFunction0$mcV$sp.apply(JFunction0$mcV$sp.java:23)
	at scala.concurrent.BlockContext$.withBlockContext(BlockContext.scala:85)
	at akka.dispatch.BatchingExecutor$BlockableBatch.run(BatchingExecutor.scala:100)
	at akka.dispatch.TaskInvocation.run(AbstractDispatcher.scala:49)
	at akka.dispatch.ForkJoinExecutorConfigurator$AkkaForkJoinTask.exec(ForkJoinExecutorConfigurator.scala:48)
	at java.base/java.util.concurrent.ForkJoinTask.doExec(ForkJoinTask.java:373)
	at java.base/java.util.concurrent.ForkJoinPool$WorkQueue.topLevelExec(ForkJoinPool.java:1182)
	at java.base/java.util.concurrent.ForkJoinPool.scan(ForkJoinPool.java:1655)
	at java.base/java.util.concurrent.ForkJoinPool.runWorker(ForkJoinPool.java:1622)
	at java.base/java.util.concurrent.ForkJoinWorkerThread.run(ForkJoinWorkerThread.java:165)
Caused by: java.net.MalformedURLException: unknown protocol: cp
	at java.base/java.net.URL.<init>(URL.java:681)
	at java.base/java.net.URL.<init>(URL.java:569)
	at java.base/java.net.URL.<init>(URL.java:516)
	at controllers.jpro.$anonfun$genURL$1(jpro.scala:365)
	at scala.Function1.$anonfun$andThen$1(Function1.scala:57)
	at play.api.mvc.ActionBuilderImpl.invokeBlock(Action.scala:441)
	at play.api.mvc.ActionBuilderImpl.invokeBlock(Action.scala:439)
	at play.api.mvc.ActionBuilder$$anon$9.apply(Action.scala:379)
	at play.api.mvc.Action.$anonfun$apply$4(Action.scala:82)
	at play.api.libs.streams.StrictAccumulator.$anonfun$mapFuture$4(Accumulator.scala:168)
	at scala.util.Try$.apply(Try.scala:213)
	at play.api.libs.streams.StrictAccumulator.$anonfun$mapFuture$3(Accumulator.scala:168)
	at scala.Function1.$anonfun$andThen$1(Function1.scala:57)
	at scala.Function1.$anonfun$andThen$1(Function1.scala:57)
	at scala.Function1.$anonfun$andThen$1(Function1.scala:57)
	at play.api.libs.streams.StrictAccumulator.run(Accumulator.scala:199)
	at play.core.server.AkkaHttpServer.$anonfun$runAction$4(AkkaHttpServer.scala:417)
	at akka.http.scaladsl.util.FastFuture$.strictTransform$1(FastFuture.scala:41)
	at akka.http.scaladsl.util.FastFuture$.$anonfun$transformWith$3(FastFuture.scala:51)
	... 13 common frames omitted
2026-07-08 13:17:28,764 [ERROR] from play.api.http.DefaultHttpErrorHandler in application-akka.actor.default-dispatcher-16 - 

! @8e19e84la - Internal server error, for (GET) [/app/default/resourcesencoded/cp:/picture/background.png] ->
 
play.api.UnexpectedException: Unexpected exception[MalformedURLException: unknown protocol: cp]
	at play.api.http.HttpErrorHandlerExceptions$.throwableToUsefulException(HttpErrorHandler.scala:358)
	at play.api.http.DefaultHttpErrorHandler.onServerError(HttpErrorHandler.scala:264)
	at play.core.server.AkkaHttpServer$$anonfun$2.applyOrElse(AkkaHttpServer.scala:430)
	at play.core.server.AkkaHttpServer$$anonfun$2.applyOrElse(AkkaHttpServer.scala:422)
	at scala.concurrent.Future.$anonfun$recoverWith$1(Future.scala:417)
	at scala.concurrent.impl.Promise.$anonfun$transformWith$1(Promise.scala:41)
	at scala.concurrent.impl.CallbackRunnable.run(Promise.scala:64)
	at akka.dispatch.BatchingExecutor$AbstractBatch.processBatch(BatchingExecutor.scala:63)
	at akka.dispatch.BatchingExecutor$BlockableBatch.$anonfun$run$1(BatchingExecutor.scala:100)
	at scala.runtime.java8.JFunction0$mcV$sp.apply(JFunction0$mcV$sp.java:23)
	at scala.concurrent.BlockContext$.withBlockContext(BlockContext.scala:85)
	at akka.dispatch.BatchingExecutor$BlockableBatch.run(BatchingExecutor.scala:100)
	at akka.dispatch.TaskInvocation.run(AbstractDispatcher.scala:49)
	at akka.dispatch.ForkJoinExecutorConfigurator$AkkaForkJoinTask.exec(ForkJoinExecutorConfigurator.scala:48)
	at java.base/java.util.concurrent.ForkJoinTask.doExec(ForkJoinTask.java:373)
	at java.base/java.util.concurrent.ForkJoinPool$WorkQueue.topLevelExec(ForkJoinPool.java:1182)
	at java.base/java.util.concurrent.ForkJoinPool.scan(ForkJoinPool.java:1655)
	at java.base/java.util.concurrent.ForkJoinPool.runWorker(ForkJoinPool.java:1622)
	at java.base/java.util.concurrent.ForkJoinWorkerThread.run(ForkJoinWorkerThread.java:165)
Caused by: java.net.MalformedURLException: unknown protocol: cp
	at java.base/java.net.URL.<init>(URL.java:681)
	at java.base/java.net.URL.<init>(URL.java:569)
	at java.base/java.net.URL.<init>(URL.java:516)
	at controllers.jpro.$anonfun$genURL$1(jpro.scala:365)
	at scala.Function1.$anonfun$andThen$1(Function1.scala:57)
	at play.api.mvc.ActionBuilderImpl.invokeBlock(Action.scala:441)
	at play.api.mvc.ActionBuilderImpl.invokeBlock(Action.scala:439)
	at play.api.mvc.ActionBuilder$$anon$9.apply(Action.scala:379)
	at play.api.mvc.Action.$anonfun$apply$4(Action.scala:82)
	at play.api.libs.streams.StrictAccumulator.$anonfun$mapFuture$4(Accumulator.scala:168)
	at scala.util.Try$.apply(Try.scala:213)
	at play.api.libs.streams.StrictAccumulator.$anonfun$mapFuture$3(Accumulator.scala:168)
	at scala.Function1.$anonfun$andThen$1(Function1.scala:57)
	at scala.Function1.$anonfun$andThen$1(Function1.scala:57)
	at scala.Function1.$anonfun$andThen$1(Function1.scala:57)
	at play.api.libs.streams.StrictAccumulator.run(Accumulator.scala:199)
	at play.core.server.AkkaHttpServer.$anonfun$runAction$4(AkkaHttpServer.scala:417)
	at akka.http.scaladsl.util.FastFuture$.strictTransform$1(FastFuture.scala:41)
	at akka.http.scaladsl.util.FastFuture$.$anonfun$transformWith$3(FastFuture.scala:51)
	... 13 common frames omitted
2026-07-08 13:17:29,805 [ERROR] from play.api.http.DefaultHttpErrorHandler in application-akka.actor.default-dispatcher-12 - 

! @8e19e869c - Internal server error, for (GET) [/app/default/resourcesencoded/cp:/picture/background.png] ->
 
play.api.UnexpectedException: Unexpected exception[MalformedURLException: unknown protocol: cp]
	at play.api.http.HttpErrorHandlerExceptions$.throwableToUsefulException(HttpErrorHandler.scala:358)
	at play.api.http.DefaultHttpErrorHandler.onServerError(HttpErrorHandler.scala:264)
	at play.core.server.AkkaHttpServer$$anonfun$2.applyOrElse(AkkaHttpServer.scala:430)
	at play.core.server.AkkaHttpServer$$anonfun$2.applyOrElse(AkkaHttpServer.scala:422)
	at scala.concurrent.Future.$anonfun$recoverWith$1(Future.scala:417)
	at scala.concurrent.impl.Promise.$anonfun$transformWith$1(Promise.scala:41)
	at scala.concurrent.impl.CallbackRunnable.run(Promise.scala:64)
	at akka.dispatch.BatchingExecutor$AbstractBatch.processBatch(BatchingExecutor.scala:63)
	at akka.dispatch.BatchingExecutor$BlockableBatch.$anonfun$run$1(BatchingExecutor.scala:100)
	at scala.runtime.java8.JFunction0$mcV$sp.apply(JFunction0$mcV$sp.java:23)
	at scala.concurrent.BlockContext$.withBlockContext(BlockContext.scala:85)
	at akka.dispatch.BatchingExecutor$BlockableBatch.run(BatchingExecutor.scala:100)
	at akka.dispatch.TaskInvocation.run(AbstractDispatcher.scala:49)
	at akka.dispatch.ForkJoinExecutorConfigurator$AkkaForkJoinTask.exec(ForkJoinExecutorConfigurator.scala:48)
	at java.base/java.util.concurrent.ForkJoinTask.doExec(ForkJoinTask.java:373)
	at java.base/java.util.concurrent.ForkJoinPool$WorkQueue.topLevelExec(ForkJoinPool.java:1182)
	at java.base/java.util.concurrent.ForkJoinPool.scan(ForkJoinPool.java:1655)
	at java.base/java.util.concurrent.ForkJoinPool.runWorker(ForkJoinPool.java:1622)
	at java.base/java.util.concurrent.ForkJoinWorkerThread.run(ForkJoinWorkerThread.java:165)
Caused by: java.net.MalformedURLException: unknown protocol: cp
	at java.base/java.net.URL.<init>(URL.java:681)
	at java.base/java.net.URL.<init>(URL.java:569)
	at java.base/java.net.URL.<init>(URL.java:516)
	at controllers.jpro.$anonfun$genURL$1(jpro.scala:365)
	at scala.Function1.$anonfun$andThen$1(Function1.scala:57)
	at play.api.mvc.ActionBuilderImpl.invokeBlock(Action.scala:441)
	at play.api.mvc.ActionBuilderImpl.invokeBlock(Action.scala:439)
	at play.api.mvc.ActionBuilder$$anon$9.apply(Action.scala:379)
	at play.api.mvc.Action.$anonfun$apply$4(Action.scala:82)
	at play.api.libs.streams.StrictAccumulator.$anonfun$mapFuture$4(Accumulator.scala:168)
	at scala.util.Try$.apply(Try.scala:213)
	at play.api.libs.streams.StrictAccumulator.$anonfun$mapFuture$3(Accumulator.scala:168)
	at scala.Function1.$anonfun$andThen$1(Function1.scala:57)
	at scala.Function1.$anonfun$andThen$1(Function1.scala:57)
	at scala.Function1.$anonfun$andThen$1(Function1.scala:57)
	at play.api.libs.streams.StrictAccumulator.run(Accumulator.scala:199)
	at play.core.server.AkkaHttpServer.$anonfun$runAction$4(AkkaHttpServer.scala:417)
	at akka.http.scaladsl.util.FastFuture$.strictTransform$1(FastFuture.scala:41)
	at akka.http.scaladsl.util.FastFuture$.$anonfun$transformWith$3(FastFuture.scala:51)
	... 13 common frames omitted
2026-07-08 13:17:30,404 [ERROR] from play.api.http.DefaultHttpErrorHandler in application-akka.actor.default-dispatcher-12 - 

! @8e19e876c - Internal server error, for (GET) [/app/default/resourcesencoded/cp:/picture/background.png] ->
 
play.api.UnexpectedException: Unexpected exception[MalformedURLException: unknown protocol: cp]
	at play.api.http.HttpErrorHandlerExceptions$.throwableToUsefulException(HttpErrorHandler.scala:358)
	at play.api.http.DefaultHttpErrorHandler.onServerError(HttpErrorHandler.scala:264)
	at play.core.server.AkkaHttpServer$$anonfun$2.applyOrElse(AkkaHttpServer.scala:430)
	at play.core.server.AkkaHttpServer$$anonfun$2.applyOrElse(AkkaHttpServer.scala:422)
	at scala.concurrent.Future.$anonfun$recoverWith$1(Future.scala:417)
	at scala.concurrent.impl.Promise.$anonfun$transformWith$1(Promise.scala:41)
	at scala.concurrent.impl.CallbackRunnable.run(Promise.scala:64)
	at akka.dispatch.BatchingExecutor$AbstractBatch.processBatch(BatchingExecutor.scala:63)
	at akka.dispatch.BatchingExecutor$BlockableBatch.$anonfun$run$1(BatchingExecutor.scala:100)
	at scala.runtime.java8.JFunction0$mcV$sp.apply(JFunction0$mcV$sp.java:23)
	at scala.concurrent.BlockContext$.withBlockContext(BlockContext.scala:85)
	at akka.dispatch.BatchingExecutor$BlockableBatch.run(BatchingExecutor.scala:100)
	at akka.dispatch.TaskInvocation.run(AbstractDispatcher.scala:49)
	at akka.dispatch.ForkJoinExecutorConfigurator$AkkaForkJoinTask.exec(ForkJoinExecutorConfigurator.scala:48)
	at java.base/java.util.concurrent.ForkJoinTask.doExec(ForkJoinTask.java:373)
	at java.base/java.util.concurrent.ForkJoinPool$WorkQueue.topLevelExec(ForkJoinPool.java:1182)
	at java.base/java.util.concurrent.ForkJoinPool.scan(ForkJoinPool.java:1655)
	at java.base/java.util.concurrent.ForkJoinPool.runWorker(ForkJoinPool.java:1622)
	at java.base/java.util.concurrent.ForkJoinWorkerThread.run(ForkJoinWorkerThread.java:165)
Caused by: java.net.MalformedURLException: unknown protocol: cp
	at java.base/java.net.URL.<init>(URL.java:681)
	at java.base/java.net.URL.<init>(URL.java:569)
	at java.base/java.net.URL.<init>(URL.java:516)
	at controllers.jpro.$anonfun$genURL$1(jpro.scala:365)
	at scala.Function1.$anonfun$andThen$1(Function1.scala:57)
	at play.api.mvc.ActionBuilderImpl.invokeBlock(Action.scala:441)
	at play.api.mvc.ActionBuilderImpl.invokeBlock(Action.scala:439)
	at play.api.mvc.ActionBuilder$$anon$9.apply(Action.scala:379)
	at play.api.mvc.Action.$anonfun$apply$4(Action.scala:82)
	at play.api.libs.streams.StrictAccumulator.$anonfun$mapFuture$4(Accumulator.scala:168)
	at scala.util.Try$.apply(Try.scala:213)
	at play.api.libs.streams.StrictAccumulator.$anonfun$mapFuture$3(Accumulator.scala:168)
	at scala.Function1.$anonfun$andThen$1(Function1.scala:57)
	at scala.Function1.$anonfun$andThen$1(Function1.scala:57)
	at scala.Function1.$anonfun$andThen$1(Function1.scala:57)
	at play.api.libs.streams.StrictAccumulator.run(Accumulator.scala:199)
	at play.core.server.AkkaHttpServer.$anonfun$runAction$4(AkkaHttpServer.scala:417)
	at akka.http.scaladsl.util.FastFuture$.strictTransform$1(FastFuture.scala:41)
	at akka.http.scaladsl.util.FastFuture$.$anonfun$transformWith$3(FastFuture.scala:51)
	... 13 common frames omitted
2026-07-08 13:17:31,379 [ERROR] from play.api.http.DefaultHttpErrorHandler in application-akka.actor.default-dispatcher-27 - 

! @8e19e88i0 - Internal server error, for (GET) [/app/default/resourcesencoded/cp:/picture/background.png] ->
 
play.api.UnexpectedException: Unexpected exception[MalformedURLException: unknown protocol: cp]
	at play.api.http.HttpErrorHandlerExceptions$.throwableToUsefulException(HttpErrorHandler.scala:358)
	at play.api.http.DefaultHttpErrorHandler.onServerError(HttpErrorHandler.scala:264)
	at play.core.server.AkkaHttpServer$$anonfun$2.applyOrElse(AkkaHttpServer.scala:430)
	at play.core.server.AkkaHttpServer$$anonfun$2.applyOrElse(AkkaHttpServer.scala:422)
	at scala.concurrent.Future.$anonfun$recoverWith$1(Future.scala:417)
	at scala.concurrent.impl.Promise.$anonfun$transformWith$1(Promise.scala:41)
	at scala.concurrent.impl.CallbackRunnable.run(Promise.scala:64)
	at akka.dispatch.BatchingExecutor$AbstractBatch.processBatch(BatchingExecutor.scala:63)
	at akka.dispatch.BatchingExecutor$BlockableBatch.$anonfun$run$1(BatchingExecutor.scala:100)
	at scala.runtime.java8.JFunction0$mcV$sp.apply(JFunction0$mcV$sp.java:23)
	at scala.concurrent.BlockContext$.withBlockContext(BlockContext.scala:85)
	at akka.dispatch.BatchingExecutor$BlockableBatch.run(BatchingExecutor.scala:100)
	at akka.dispatch.TaskInvocation.run(AbstractDispatcher.scala:49)
	at akka.dispatch.ForkJoinExecutorConfigurator$AkkaForkJoinTask.exec(ForkJoinExecutorConfigurator.scala:48)
	at java.base/java.util.concurrent.ForkJoinTask.doExec(ForkJoinTask.java:373)
	at java.base/java.util.concurrent.ForkJoinPool$WorkQueue.topLevelExec(ForkJoinPool.java:1182)
	at java.base/java.util.concurrent.ForkJoinPool.scan(ForkJoinPool.java:1655)
	at java.base/java.util.concurrent.ForkJoinPool.runWorker(ForkJoinPool.java:1622)
	at java.base/java.util.concurrent.ForkJoinWorkerThread.run(ForkJoinWorkerThread.java:165)
Caused by: java.net.MalformedURLException: unknown protocol: cp
	at java.base/java.net.URL.<init>(URL.java:681)
	at java.base/java.net.URL.<init>(URL.java:569)
	at java.base/java.net.URL.<init>(URL.java:516)
	at controllers.jpro.$anonfun$genURL$1(jpro.scala:365)
	at scala.Function1.$anonfun$andThen$1(Function1.scala:57)
	at play.api.mvc.ActionBuilderImpl.invokeBlock(Action.scala:441)
	at play.api.mvc.ActionBuilderImpl.invokeBlock(Action.scala:439)
	at play.api.mvc.ActionBuilder$$anon$9.apply(Action.scala:379)
	at play.api.mvc.Action.$anonfun$apply$4(Action.scala:82)
	at play.api.libs.streams.StrictAccumulator.$anonfun$mapFuture$4(Accumulator.scala:168)
	at scala.util.Try$.apply(Try.scala:213)
	at play.api.libs.streams.StrictAccumulator.$anonfun$mapFuture$3(Accumulator.scala:168)
	at scala.Function1.$anonfun$andThen$1(Function1.scala:57)
	at scala.Function1.$anonfun$andThen$1(Function1.scala:57)
	at scala.Function1.$anonfun$andThen$1(Function1.scala:57)
	at play.api.libs.streams.StrictAccumulator.run(Accumulator.scala:199)
	at play.core.server.AkkaHttpServer.$anonfun$runAction$4(AkkaHttpServer.scala:417)
	at akka.http.scaladsl.util.FastFuture$.strictTransform$1(FastFuture.scala:41)
	at akka.http.scaladsl.util.FastFuture$.$anonfun$transformWith$3(FastFuture.scala:51)
	... 13 common frames omitted
2026-07-08 13:17:31,776 [ERROR] from play.api.http.DefaultHttpErrorHandler in application-akka.actor.default-dispatcher-27 - 

! @8e19e8977 - Internal server error, for (GET) [/app/default/resourcesencoded/cp:/picture/background.png] ->
 
play.api.UnexpectedException: Unexpected exception[MalformedURLException: unknown protocol: cp]
	at play.api.http.HttpErrorHandlerExceptions$.throwableToUsefulException(HttpErrorHandler.scala:358)
	at play.api.http.DefaultHttpErrorHandler.onServerError(HttpErrorHandler.scala:264)
	at play.core.server.AkkaHttpServer$$anonfun$2.applyOrElse(AkkaHttpServer.scala:430)
	at play.core.server.AkkaHttpServer$$anonfun$2.applyOrElse(AkkaHttpServer.scala:422)
	at scala.concurrent.Future.$anonfun$recoverWith$1(Future.scala:417)
	at scala.concurrent.impl.Promise.$anonfun$transformWith$1(Promise.scala:41)
	at scala.concurrent.impl.CallbackRunnable.run(Promise.scala:64)
	at akka.dispatch.BatchingExecutor$AbstractBatch.processBatch(BatchingExecutor.scala:63)
	at akka.dispatch.BatchingExecutor$BlockableBatch.$anonfun$run$1(BatchingExecutor.scala:100)
	at scala.runtime.java8.JFunction0$mcV$sp.apply(JFunction0$mcV$sp.java:23)
	at scala.concurrent.BlockContext$.withBlockContext(BlockContext.scala:85)
	at akka.dispatch.BatchingExecutor$BlockableBatch.run(BatchingExecutor.scala:100)
	at akka.dispatch.TaskInvocation.run(AbstractDispatcher.scala:49)
	at akka.dispatch.ForkJoinExecutorConfigurator$AkkaForkJoinTask.exec(ForkJoinExecutorConfigurator.scala:48)
	at java.base/java.util.concurrent.ForkJoinTask.doExec(ForkJoinTask.java:373)
	at java.base/java.util.concurrent.ForkJoinPool$WorkQueue.topLevelExec(ForkJoinPool.java:1182)
	at java.base/java.util.concurrent.ForkJoinPool.scan(ForkJoinPool.java:1655)
	at java.base/java.util.concurrent.ForkJoinPool.runWorker(ForkJoinPool.java:1622)
	at java.base/java.util.concurrent.ForkJoinWorkerThread.run(ForkJoinWorkerThread.java:165)
Caused by: java.net.MalformedURLException: unknown protocol: cp
	at java.base/java.net.URL.<init>(URL.java:681)
	at java.base/java.net.URL.<init>(URL.java:569)
	at java.base/java.net.URL.<init>(URL.java:516)
	at controllers.jpro.$anonfun$genURL$1(jpro.scala:365)
	at scala.Function1.$anonfun$andThen$1(Function1.scala:57)
	at play.api.mvc.ActionBuilderImpl.invokeBlock(Action.scala:441)
	at play.api.mvc.ActionBuilderImpl.invokeBlock(Action.scala:439)
	at play.api.mvc.ActionBuilder$$anon$9.apply(Action.scala:379)
	at play.api.mvc.Action.$anonfun$apply$4(Action.scala:82)
	at play.api.libs.streams.StrictAccumulator.$anonfun$mapFuture$4(Accumulator.scala:168)
	at scala.util.Try$.apply(Try.scala:213)
	at play.api.libs.streams.StrictAccumulator.$anonfun$mapFuture$3(Accumulator.scala:168)
	at scala.Function1.$anonfun$andThen$1(Function1.scala:57)
	at scala.Function1.$anonfun$andThen$1(Function1.scala:57)
	at scala.Function1.$anonfun$andThen$1(Function1.scala:57)
	at play.api.libs.streams.StrictAccumulator.run(Accumulator.scala:199)
	at play.core.server.AkkaHttpServer.$anonfun$runAction$4(AkkaHttpServer.scala:417)
	at akka.http.scaladsl.util.FastFuture$.strictTransform$1(FastFuture.scala:41)
	at akka.http.scaladsl.util.FastFuture$.$anonfun$transformWith$3(FastFuture.scala:51)
	... 13 common frames omitted
2026-07-08 13:17:32,157 [ERROR] from play.api.http.DefaultHttpErrorHandler in application-akka.actor.default-dispatcher-24 - 

! @8e19e89lo - Internal server error, for (GET) [/app/default/resourcesencoded/cp:/picture/background.png] ->
 
play.api.UnexpectedException: Unexpected exception[MalformedURLException: unknown protocol: cp]
	at play.api.http.HttpErrorHandlerExceptions$.throwableToUsefulException(HttpErrorHandler.scala:358)
	at play.api.http.DefaultHttpErrorHandler.onServerError(HttpErrorHandler.scala:264)
	at play.core.server.AkkaHttpServer$$anonfun$2.applyOrElse(AkkaHttpServer.scala:430)
	at play.core.server.AkkaHttpServer$$anonfun$2.applyOrElse(AkkaHttpServer.scala:422)
	at scala.concurrent.Future.$anonfun$recoverWith$1(Future.scala:417)
	at scala.concurrent.impl.Promise.$anonfun$transformWith$1(Promise.scala:41)
	at scala.concurrent.impl.CallbackRunnable.run(Promise.scala:64)
	at akka.dispatch.BatchingExecutor$AbstractBatch.processBatch(BatchingExecutor.scala:63)
	at akka.dispatch.BatchingExecutor$BlockableBatch.$anonfun$run$1(BatchingExecutor.scala:100)
	at scala.runtime.java8.JFunction0$mcV$sp.apply(JFunction0$mcV$sp.java:23)
	at scala.concurrent.BlockContext$.withBlockContext(BlockContext.scala:85)
	at akka.dispatch.BatchingExecutor$BlockableBatch.run(BatchingExecutor.scala:100)
	at akka.dispatch.TaskInvocation.run(AbstractDispatcher.scala:49)
	at akka.dispatch.ForkJoinExecutorConfigurator$AkkaForkJoinTask.exec(ForkJoinExecutorConfigurator.scala:48)
	at java.base/java.util.concurrent.ForkJoinTask.doExec(ForkJoinTask.java:373)
	at java.base/java.util.concurrent.ForkJoinPool$WorkQueue.topLevelExec(ForkJoinPool.java:1182)
	at java.base/java.util.concurrent.ForkJoinPool.scan(ForkJoinPool.java:1655)
	at java.base/java.util.concurrent.ForkJoinPool.runWorker(ForkJoinPool.java:1622)
	at java.base/java.util.concurrent.ForkJoinWorkerThread.run(ForkJoinWorkerThread.java:165)
Caused by: java.net.MalformedURLException: unknown protocol: cp
	at java.base/java.net.URL.<init>(URL.java:681)
	at java.base/java.net.URL.<init>(URL.java:569)
	at java.base/java.net.URL.<init>(URL.java:516)
	at controllers.jpro.$anonfun$genURL$1(jpro.scala:365)
	at scala.Function1.$anonfun$andThen$1(Function1.scala:57)
	at play.api.mvc.ActionBuilderImpl.invokeBlock(Action.scala:441)
	at play.api.mvc.ActionBuilderImpl.invokeBlock(Action.scala:439)
	at play.api.mvc.ActionBuilder$$anon$9.apply(Action.scala:379)
	at play.api.mvc.Action.$anonfun$apply$4(Action.scala:82)
	at play.api.libs.streams.StrictAccumulator.$anonfun$mapFuture$4(Accumulator.scala:168)
	at scala.util.Try$.apply(Try.scala:213)
	at play.api.libs.streams.StrictAccumulator.$anonfun$mapFuture$3(Accumulator.scala:168)
	at scala.Function1.$anonfun$andThen$1(Function1.scala:57)
	at scala.Function1.$anonfun$andThen$1(Function1.scala:57)
	at scala.Function1.$anonfun$andThen$1(Function1.scala:57)
	at play.api.libs.streams.StrictAccumulator.run(Accumulator.scala:199)
	at play.core.server.AkkaHttpServer.$anonfun$runAction$4(AkkaHttpServer.scala:417)
	at akka.http.scaladsl.util.FastFuture$.strictTransform$1(FastFuture.scala:41)
	at akka.http.scaladsl.util.FastFuture$.$anonfun$transformWith$3(FastFuture.scala:51)
	... 13 common frames omitted
2026-07-08 13:17:32,984 [ERROR] from play.api.http.DefaultHttpErrorHandler in application-akka.actor.default-dispatcher-27 - 

! @8e19e8b1i - Internal server error, for (GET) [/app/default/resourcesencoded/cp:/picture/background.png] ->
 
play.api.UnexpectedException: Unexpected exception[MalformedURLException: unknown protocol: cp]
	at play.api.http.HttpErrorHandlerExceptions$.throwableToUsefulException(HttpErrorHandler.scala:358)
	at play.api.http.DefaultHttpErrorHandler.onServerError(HttpErrorHandler.scala:264)
	at play.core.server.AkkaHttpServer$$anonfun$2.applyOrElse(AkkaHttpServer.scala:430)
	at play.core.server.AkkaHttpServer$$anonfun$2.applyOrElse(AkkaHttpServer.scala:422)
	at scala.concurrent.Future.$anonfun$recoverWith$1(Future.scala:417)
	at scala.concurrent.impl.Promise.$anonfun$transformWith$1(Promise.scala:41)
	at scala.concurrent.impl.CallbackRunnable.run(Promise.scala:64)
	at akka.dispatch.BatchingExecutor$AbstractBatch.processBatch(BatchingExecutor.scala:63)
	at akka.dispatch.BatchingExecutor$BlockableBatch.$anonfun$run$1(BatchingExecutor.scala:100)
	at scala.runtime.java8.JFunction0$mcV$sp.apply(JFunction0$mcV$sp.java:23)
	at scala.concurrent.BlockContext$.withBlockContext(BlockContext.scala:85)
	at akka.dispatch.BatchingExecutor$BlockableBatch.run(BatchingExecutor.scala:100)
	at akka.dispatch.TaskInvocation.run(AbstractDispatcher.scala:49)
	at akka.dispatch.ForkJoinExecutorConfigurator$AkkaForkJoinTask.exec(ForkJoinExecutorConfigurator.scala:48)
	at java.base/java.util.concurrent.ForkJoinTask.doExec(ForkJoinTask.java:373)
	at java.base/java.util.concurrent.ForkJoinPool$WorkQueue.topLevelExec(ForkJoinPool.java:1182)
	at java.base/java.util.concurrent.ForkJoinPool.scan(ForkJoinPool.java:1655)
	at java.base/java.util.concurrent.ForkJoinPool.runWorker(ForkJoinPool.java:1622)
	at java.base/java.util.concurrent.ForkJoinWorkerThread.run(ForkJoinWorkerThread.java:165)
Caused by: java.net.MalformedURLException: unknown protocol: cp
	at java.base/java.net.URL.<init>(URL.java:681)
	at java.base/java.net.URL.<init>(URL.java:569)
	at java.base/java.net.URL.<init>(URL.java:516)
	at controllers.jpro.$anonfun$genURL$1(jpro.scala:365)
	at scala.Function1.$anonfun$andThen$1(Function1.scala:57)
	at play.api.mvc.ActionBuilderImpl.invokeBlock(Action.scala:441)
	at play.api.mvc.ActionBuilderImpl.invokeBlock(Action.scala:439)
	at play.api.mvc.ActionBuilder$$anon$9.apply(Action.scala:379)
	at play.api.mvc.Action.$anonfun$apply$4(Action.scala:82)
	at play.api.libs.streams.StrictAccumulator.$anonfun$mapFuture$4(Accumulator.scala:168)
	at scala.util.Try$.apply(Try.scala:213)
	at play.api.libs.streams.StrictAccumulator.$anonfun$mapFuture$3(Accumulator.scala:168)
	at scala.Function1.$anonfun$andThen$1(Function1.scala:57)
	at scala.Function1.$anonfun$andThen$1(Function1.scala:57)
	at scala.Function1.$anonfun$andThen$1(Function1.scala:57)
	at play.api.libs.streams.StrictAccumulator.run(Accumulator.scala:199)
	at play.core.server.AkkaHttpServer.$anonfun$runAction$4(AkkaHttpServer.scala:417)
	at akka.http.scaladsl.util.FastFuture$.strictTransform$1(FastFuture.scala:41)
	at akka.http.scaladsl.util.FastFuture$.$anonfun$transformWith$3(FastFuture.scala:51)
	... 13 common frames omitted
2026-07-08 13:17:33,530 [ERROR] from play.api.http.DefaultHttpErrorHandler in application-akka.actor.default-dispatcher-23 - 

! @8e19e8bmj - Internal server error, for (GET) [/app/default/resourcesencoded/cp:/picture/background.png] ->
 
play.api.UnexpectedException: Unexpected exception[MalformedURLException: unknown protocol: cp]
	at play.api.http.HttpErrorHandlerExceptions$.throwableToUsefulException(HttpErrorHandler.scala:358)
	at play.api.http.DefaultHttpErrorHandler.onServerError(HttpErrorHandler.scala:264)
	at play.core.server.AkkaHttpServer$$anonfun$2.applyOrElse(AkkaHttpServer.scala:430)
	at play.core.server.AkkaHttpServer$$anonfun$2.applyOrElse(AkkaHttpServer.scala:422)
	at scala.concurrent.Future.$anonfun$recoverWith$1(Future.scala:417)
	at scala.concurrent.impl.Promise.$anonfun$transformWith$1(Promise.scala:41)
	at scala.concurrent.impl.CallbackRunnable.run(Promise.scala:64)
	at akka.dispatch.BatchingExecutor$AbstractBatch.processBatch(BatchingExecutor.scala:63)
	at akka.dispatch.BatchingExecutor$BlockableBatch.$anonfun$run$1(BatchingExecutor.scala:100)
	at scala.runtime.java8.JFunction0$mcV$sp.apply(JFunction0$mcV$sp.java:23)
	at scala.concurrent.BlockContext$.withBlockContext(BlockContext.scala:85)
	at akka.dispatch.BatchingExecutor$BlockableBatch.run(BatchingExecutor.scala:100)
	at akka.dispatch.TaskInvocation.run(AbstractDispatcher.scala:49)
	at akka.dispatch.ForkJoinExecutorConfigurator$AkkaForkJoinTask.exec(ForkJoinExecutorConfigurator.scala:48)
	at java.base/java.util.concurrent.ForkJoinTask.doExec(ForkJoinTask.java:373)
	at java.base/java.util.concurrent.ForkJoinPool$WorkQueue.topLevelExec(ForkJoinPool.java:1182)
	at java.base/java.util.concurrent.ForkJoinPool.scan(ForkJoinPool.java:1655)
	at java.base/java.util.concurrent.ForkJoinPool.runWorker(ForkJoinPool.java:1622)
	at java.base/java.util.concurrent.ForkJoinWorkerThread.run(ForkJoinWorkerThread.java:165)
Caused by: java.net.MalformedURLException: unknown protocol: cp
	at java.base/java.net.URL.<init>(URL.java:681)
	at java.base/java.net.URL.<init>(URL.java:569)
	at java.base/java.net.URL.<init>(URL.java:516)
	at controllers.jpro.$anonfun$genURL$1(jpro.scala:365)
	at scala.Function1.$anonfun$andThen$1(Function1.scala:57)
	at play.api.mvc.ActionBuilderImpl.invokeBlock(Action.scala:441)
	at play.api.mvc.ActionBuilderImpl.invokeBlock(Action.scala:439)
	at play.api.mvc.ActionBuilder$$anon$9.apply(Action.scala:379)
	at play.api.mvc.Action.$anonfun$apply$4(Action.scala:82)
	at play.api.libs.streams.StrictAccumulator.$anonfun$mapFuture$4(Accumulator.scala:168)
	at scala.util.Try$.apply(Try.scala:213)
	at play.api.libs.streams.StrictAccumulator.$anonfun$mapFuture$3(Accumulator.scala:168)
	at scala.Function1.$anonfun$andThen$1(Function1.scala:57)
	at scala.Function1.$anonfun$andThen$1(Function1.scala:57)
	at scala.Function1.$anonfun$andThen$1(Function1.scala:57)
	at play.api.libs.streams.StrictAccumulator.run(Accumulator.scala:199)
	at play.core.server.AkkaHttpServer.$anonfun$runAction$4(AkkaHttpServer.scala:417)
	at akka.http.scaladsl.util.FastFuture$.strictTransform$1(FastFuture.scala:41)
	at akka.http.scaladsl.util.FastFuture$.$anonfun$transformWith$3(FastFuture.scala:51)
	... 13 common frames omitted
2026-07-08 13:17:33,938 [ERROR] from play.api.http.DefaultHttpErrorHandler in application-akka.actor.default-dispatcher-16 - 

! @8e19e8ccb - Internal server error, for (GET) [/app/default/resourcesencoded/cp:/picture/background.png] ->
 
play.api.UnexpectedException: Unexpected exception[MalformedURLException: unknown protocol: cp]
	at play.api.http.HttpErrorHandlerExceptions$.throwableToUsefulException(HttpErrorHandler.scala:358)
	at play.api.http.DefaultHttpErrorHandler.onServerError(HttpErrorHandler.scala:264)
	at play.core.server.AkkaHttpServer$$anonfun$2.applyOrElse(AkkaHttpServer.scala:430)
	at play.core.server.AkkaHttpServer$$anonfun$2.applyOrElse(AkkaHttpServer.scala:422)
	at scala.concurrent.Future.$anonfun$recoverWith$1(Future.scala:417)
	at scala.concurrent.impl.Promise.$anonfun$transformWith$1(Promise.scala:41)
	at scala.concurrent.impl.CallbackRunnable.run(Promise.scala:64)
	at akka.dispatch.BatchingExecutor$AbstractBatch.processBatch(BatchingExecutor.scala:63)
	at akka.dispatch.BatchingExecutor$BlockableBatch.$anonfun$run$1(BatchingExecutor.scala:100)
	at scala.runtime.java8.JFunction0$mcV$sp.apply(JFunction0$mcV$sp.java:23)
	at scala.concurrent.BlockContext$.withBlockContext(BlockContext.scala:85)
	at akka.dispatch.BatchingExecutor$BlockableBatch.run(BatchingExecutor.scala:100)
	at akka.dispatch.TaskInvocation.run(AbstractDispatcher.scala:49)
	at akka.dispatch.ForkJoinExecutorConfigurator$AkkaForkJoinTask.exec(ForkJoinExecutorConfigurator.scala:48)
	at java.base/java.util.concurrent.ForkJoinTask.doExec(ForkJoinTask.java:373)
	at java.base/java.util.concurrent.ForkJoinPool$WorkQueue.topLevelExec(ForkJoinPool.java:1182)
	at java.base/java.util.concurrent.ForkJoinPool.scan(ForkJoinPool.java:1655)
	at java.base/java.util.concurrent.ForkJoinPool.runWorker(ForkJoinPool.java:1622)
	at java.base/java.util.concurrent.ForkJoinWorkerThread.run(ForkJoinWorkerThread.java:165)
Caused by: java.net.MalformedURLException: unknown protocol: cp
	at java.base/java.net.URL.<init>(URL.java:681)
	at java.base/java.net.URL.<init>(URL.java:569)
	at java.base/java.net.URL.<init>(URL.java:516)
	at controllers.jpro.$anonfun$genURL$1(jpro.scala:365)
	at scala.Function1.$anonfun$andThen$1(Function1.scala:57)
	at play.api.mvc.ActionBuilderImpl.invokeBlock(Action.scala:441)
	at play.api.mvc.ActionBuilderImpl.invokeBlock(Action.scala:439)
	at play.api.mvc.ActionBuilder$$anon$9.apply(Action.scala:379)
	at play.api.mvc.Action.$anonfun$apply$4(Action.scala:82)
	at play.api.libs.streams.StrictAccumulator.$anonfun$mapFuture$4(Accumulator.scala:168)
	at scala.util.Try$.apply(Try.scala:213)
	at play.api.libs.streams.StrictAccumulator.$anonfun$mapFuture$3(Accumulator.scala:168)
	at scala.Function1.$anonfun$andThen$1(Function1.scala:57)
	at scala.Function1.$anonfun$andThen$1(Function1.scala:57)
	at scala.Function1.$anonfun$andThen$1(Function1.scala:57)
	at play.api.libs.streams.StrictAccumulator.run(Accumulator.scala:199)
	at play.core.server.AkkaHttpServer.$anonfun$runAction$4(AkkaHttpServer.scala:417)
	at akka.http.scaladsl.util.FastFuture$.strictTransform$1(FastFuture.scala:41)
	at akka.http.scaladsl.util.FastFuture$.$anonfun$transformWith$3(FastFuture.scala:51)
	... 13 common frames omitted
2026-07-08 13:17:35,019 [ERROR] from play.api.http.DefaultHttpErrorHandler in application-akka.actor.default-dispatcher-12 - 

! @8e19e8e20 - Internal server error, for (GET) [/app/default/resourcesencoded/cp:/picture/background.png] ->
 
play.api.UnexpectedException: Unexpected exception[MalformedURLException: unknown protocol: cp]
	at play.api.http.HttpErrorHandlerExceptions$.throwableToUsefulException(HttpErrorHandler.scala:358)
	at play.api.http.DefaultHttpErrorHandler.onServerError(HttpErrorHandler.scala:264)
	at play.core.server.AkkaHttpServer$$anonfun$2.applyOrElse(AkkaHttpServer.scala:430)
	at play.core.server.AkkaHttpServer$$anonfun$2.applyOrElse(AkkaHttpServer.scala:422)
	at scala.concurrent.Future.$anonfun$recoverWith$1(Future.scala:417)
	at scala.concurrent.impl.Promise.$anonfun$transformWith$1(Promise.scala:41)
	at scala.concurrent.impl.CallbackRunnable.run(Promise.scala:64)
	at akka.dispatch.BatchingExecutor$AbstractBatch.processBatch(BatchingExecutor.scala:63)
	at akka.dispatch.BatchingExecutor$BlockableBatch.$anonfun$run$1(BatchingExecutor.scala:100)
	at scala.runtime.java8.JFunction0$mcV$sp.apply(JFunction0$mcV$sp.java:23)
	at scala.concurrent.BlockContext$.withBlockContext(BlockContext.scala:85)
	at akka.dispatch.BatchingExecutor$BlockableBatch.run(BatchingExecutor.scala:100)
	at akka.dispatch.TaskInvocation.run(AbstractDispatcher.scala:49)
	at akka.dispatch.ForkJoinExecutorConfigurator$AkkaForkJoinTask.exec(ForkJoinExecutorConfigurator.scala:48)
	at java.base/java.util.concurrent.ForkJoinTask.doExec(ForkJoinTask.java:373)
	at java.base/java.util.concurrent.ForkJoinPool$WorkQueue.topLevelExec(ForkJoinPool.java:1182)
	at java.base/java.util.concurrent.ForkJoinPool.scan(ForkJoinPool.java:1655)
	at java.base/java.util.concurrent.ForkJoinPool.runWorker(ForkJoinPool.java:1622)
	at java.base/java.util.concurrent.ForkJoinWorkerThread.run(ForkJoinWorkerThread.java:165)
Caused by: java.net.MalformedURLException: unknown protocol: cp
	at java.base/java.net.URL.<init>(URL.java:681)
	at java.base/java.net.URL.<init>(URL.java:569)
	at java.base/java.net.URL.<init>(URL.java:516)
	at controllers.jpro.$anonfun$genURL$1(jpro.scala:365)
	at scala.Function1.$anonfun$andThen$1(Function1.scala:57)
	at play.api.mvc.ActionBuilderImpl.invokeBlock(Action.scala:441)
	at play.api.mvc.ActionBuilderImpl.invokeBlock(Action.scala:439)
	at play.api.mvc.ActionBuilder$$anon$9.apply(Action.scala:379)
	at play.api.mvc.Action.$anonfun$apply$4(Action.scala:82)
	at play.api.libs.streams.StrictAccumulator.$anonfun$mapFuture$4(Accumulator.scala:168)
	at scala.util.Try$.apply(Try.scala:213)
	at play.api.libs.streams.StrictAccumulator.$anonfun$mapFuture$3(Accumulator.scala:168)
	at scala.Function1.$anonfun$andThen$1(Function1.scala:57)
	at scala.Function1.$anonfun$andThen$1(Function1.scala:57)
	at scala.Function1.$anonfun$andThen$1(Function1.scala:57)
	at play.api.libs.streams.StrictAccumulator.run(Accumulator.scala:199)
	at play.core.server.AkkaHttpServer.$anonfun$runAction$4(AkkaHttpServer.scala:417)
	at akka.http.scaladsl.util.FastFuture$.strictTransform$1(FastFuture.scala:41)
	at akka.http.scaladsl.util.FastFuture$.$anonfun$transformWith$3(FastFuture.scala:51)
	... 13 common frames omitted
2026-07-08 13:17:35,863 [ERROR] from play.api.http.DefaultHttpErrorHandler in application-akka.actor.default-dispatcher-12 - 

! @8e19e8f8c - Internal server error, for (GET) [/app/default/resourcesencoded/cp:/picture/background.png] ->
 
play.api.UnexpectedException: Unexpected exception[MalformedURLException: unknown protocol: cp]
	at play.api.http.HttpErrorHandlerExceptions$.throwableToUsefulException(HttpErrorHandler.scala:358)
	at play.api.http.DefaultHttpErrorHandler.onServerError(HttpErrorHandler.scala:264)
	at play.core.server.AkkaHttpServer$$anonfun$2.applyOrElse(AkkaHttpServer.scala:430)
	at play.core.server.AkkaHttpServer$$anonfun$2.applyOrElse(AkkaHttpServer.scala:422)
	at scala.concurrent.Future.$anonfun$recoverWith$1(Future.scala:417)
	at scala.concurrent.impl.Promise.$anonfun$transformWith$1(Promise.scala:41)
	at scala.concurrent.impl.CallbackRunnable.run(Promise.scala:64)
	at akka.dispatch.BatchingExecutor$AbstractBatch.processBatch(BatchingExecutor.scala:63)
	at akka.dispatch.BatchingExecutor$BlockableBatch.$anonfun$run$1(BatchingExecutor.scala:100)
	at scala.runtime.java8.JFunction0$mcV$sp.apply(JFunction0$mcV$sp.java:23)
	at scala.concurrent.BlockContext$.withBlockContext(BlockContext.scala:85)
	at akka.dispatch.BatchingExecutor$BlockableBatch.run(BatchingExecutor.scala:100)
	at akka.dispatch.TaskInvocation.run(AbstractDispatcher.scala:49)
	at akka.dispatch.ForkJoinExecutorConfigurator$AkkaForkJoinTask.exec(ForkJoinExecutorConfigurator.scala:48)
	at java.base/java.util.concurrent.ForkJoinTask.doExec(ForkJoinTask.java:373)
	at java.base/java.util.concurrent.ForkJoinPool$WorkQueue.topLevelExec(ForkJoinPool.java:1182)
	at java.base/java.util.concurrent.ForkJoinPool.scan(ForkJoinPool.java:1655)
	at java.base/java.util.concurrent.ForkJoinPool.runWorker(ForkJoinPool.java:1622)
	at java.base/java.util.concurrent.ForkJoinWorkerThread.run(ForkJoinWorkerThread.java:165)
Caused by: java.net.MalformedURLException: unknown protocol: cp
	at java.base/java.net.URL.<init>(URL.java:681)
	at java.base/java.net.URL.<init>(URL.java:569)
	at java.base/java.net.URL.<init>(URL.java:516)
	at controllers.jpro.$anonfun$genURL$1(jpro.scala:365)
	at scala.Function1.$anonfun$andThen$1(Function1.scala:57)
	at play.api.mvc.ActionBuilderImpl.invokeBlock(Action.scala:441)
	at play.api.mvc.ActionBuilderImpl.invokeBlock(Action.scala:439)
	at play.api.mvc.ActionBuilder$$anon$9.apply(Action.scala:379)
	at play.api.mvc.Action.$anonfun$apply$4(Action.scala:82)
	at play.api.libs.streams.StrictAccumulator.$anonfun$mapFuture$4(Accumulator.scala:168)
	at scala.util.Try$.apply(Try.scala:213)
	at play.api.libs.streams.StrictAccumulator.$anonfun$mapFuture$3(Accumulator.scala:168)
	at scala.Function1.$anonfun$andThen$1(Function1.scala:57)
	at scala.Function1.$anonfun$andThen$1(Function1.scala:57)
	at scala.Function1.$anonfun$andThen$1(Function1.scala:57)
	at play.api.libs.streams.StrictAccumulator.run(Accumulator.scala:199)
	at play.core.server.AkkaHttpServer.$anonfun$runAction$4(AkkaHttpServer.scala:417)
	at akka.http.scaladsl.util.FastFuture$.strictTransform$1(FastFuture.scala:41)
	at akka.http.scaladsl.util.FastFuture$.$anonfun$transformWith$3(FastFuture.scala:51)
	... 13 common frames omitted
2026-07-08 13:17:36,273 [ERROR] from play.api.http.DefaultHttpErrorHandler in application-akka.actor.default-dispatcher-9 - 

! @8e19e8fo6 - Internal server error, for (GET) [/app/default/resourcesencoded/cp:/picture/background.png] ->
 
play.api.UnexpectedException: Unexpected exception[MalformedURLException: unknown protocol: cp]
	at play.api.http.HttpErrorHandlerExceptions$.throwableToUsefulException(HttpErrorHandler.scala:358)
	at play.api.http.DefaultHttpErrorHandler.onServerError(HttpErrorHandler.scala:264)
	at play.core.server.AkkaHttpServer$$anonfun$2.applyOrElse(AkkaHttpServer.scala:430)
	at play.core.server.AkkaHttpServer$$anonfun$2.applyOrElse(AkkaHttpServer.scala:422)
	at scala.concurrent.Future.$anonfun$recoverWith$1(Future.scala:417)
	at scala.concurrent.impl.Promise.$anonfun$transformWith$1(Promise.scala:41)
	at scala.concurrent.impl.CallbackRunnable.run(Promise.scala:64)
	at akka.dispatch.BatchingExecutor$AbstractBatch.processBatch(BatchingExecutor.scala:63)
	at akka.dispatch.BatchingExecutor$BlockableBatch.$anonfun$run$1(BatchingExecutor.scala:100)
	at scala.runtime.java8.JFunction0$mcV$sp.apply(JFunction0$mcV$sp.java:23)
	at scala.concurrent.BlockContext$.withBlockContext(BlockContext.scala:85)
	at akka.dispatch.BatchingExecutor$BlockableBatch.run(BatchingExecutor.scala:100)
	at akka.dispatch.TaskInvocation.run(AbstractDispatcher.scala:49)
	at akka.dispatch.ForkJoinExecutorConfigurator$AkkaForkJoinTask.exec(ForkJoinExecutorConfigurator.scala:48)
	at java.base/java.util.concurrent.ForkJoinTask.doExec(ForkJoinTask.java:373)
	at java.base/java.util.concurrent.ForkJoinPool$WorkQueue.topLevelExec(ForkJoinPool.java:1182)
	at java.base/java.util.concurrent.ForkJoinPool.scan(ForkJoinPool.java:1655)
	at java.base/java.util.concurrent.ForkJoinPool.runWorker(ForkJoinPool.java:1622)
	at java.base/java.util.concurrent.ForkJoinWorkerThread.run(ForkJoinWorkerThread.java:165)
Caused by: java.net.MalformedURLException: unknown protocol: cp
	at java.base/java.net.URL.<init>(URL.java:681)
	at java.base/java.net.URL.<init>(URL.java:569)
	at java.base/java.net.URL.<init>(URL.java:516)
	at controllers.jpro.$anonfun$genURL$1(jpro.scala:365)
	at scala.Function1.$anonfun$andThen$1(Function1.scala:57)
	at play.api.mvc.ActionBuilderImpl.invokeBlock(Action.scala:441)
	at play.api.mvc.ActionBuilderImpl.invokeBlock(Action.scala:439)
	at play.api.mvc.ActionBuilder$$anon$9.apply(Action.scala:379)
	at play.api.mvc.Action.$anonfun$apply$4(Action.scala:82)
	at play.api.libs.streams.StrictAccumulator.$anonfun$mapFuture$4(Accumulator.scala:168)
	at scala.util.Try$.apply(Try.scala:213)
	at play.api.libs.streams.StrictAccumulator.$anonfun$mapFuture$3(Accumulator.scala:168)
	at scala.Function1.$anonfun$andThen$1(Function1.scala:57)
	at scala.Function1.$anonfun$andThen$1(Function1.scala:57)
	at scala.Function1.$anonfun$andThen$1(Function1.scala:57)
	at play.api.libs.streams.StrictAccumulator.run(Accumulator.scala:199)
	at play.core.server.AkkaHttpServer.$anonfun$runAction$4(AkkaHttpServer.scala:417)
	at akka.http.scaladsl.util.FastFuture$.strictTransform$1(FastFuture.scala:41)
	at akka.http.scaladsl.util.FastFuture$.$anonfun$transformWith$3(FastFuture.scala:51)
	... 13 common frames omitted
2026-07-08 13:21:47,377 [ERROR] from play.api.http.DefaultHttpErrorHandler in application-akka.actor.default-dispatcher-5 - 

! @8e19emna0 - Internal server error, for (GET) [/app/default/resourcesencoded/cp:/picture/title.png] ->
 
play.api.UnexpectedException: Unexpected exception[MalformedURLException: unknown protocol: cp]
	at play.api.http.HttpErrorHandlerExceptions$.throwableToUsefulException(HttpErrorHandler.scala:358)
	at play.api.http.DefaultHttpErrorHandler.onServerError(HttpErrorHandler.scala:264)
	at play.core.server.AkkaHttpServer$$anonfun$2.applyOrElse(AkkaHttpServer.scala:430)
	at play.core.server.AkkaHttpServer$$anonfun$2.applyOrElse(AkkaHttpServer.scala:422)
	at scala.concurrent.Future.$anonfun$recoverWith$1(Future.scala:417)
	at scala.concurrent.impl.Promise.$anonfun$transformWith$1(Promise.scala:41)
	at scala.concurrent.impl.CallbackRunnable.run(Promise.scala:64)
	at akka.dispatch.BatchingExecutor$AbstractBatch.processBatch(BatchingExecutor.scala:63)
	at akka.dispatch.BatchingExecutor$BlockableBatch.$anonfun$run$1(BatchingExecutor.scala:100)
	at scala.runtime.java8.JFunction0$mcV$sp.apply(JFunction0$mcV$sp.java:23)
	at scala.concurrent.BlockContext$.withBlockContext(BlockContext.scala:85)
	at akka.dispatch.BatchingExecutor$BlockableBatch.run(BatchingExecutor.scala:100)
	at akka.dispatch.TaskInvocation.run(AbstractDispatcher.scala:49)
	at akka.dispatch.ForkJoinExecutorConfigurator$AkkaForkJoinTask.exec(ForkJoinExecutorConfigurator.scala:48)
	at java.base/java.util.concurrent.ForkJoinTask.doExec(ForkJoinTask.java:373)
	at java.base/java.util.concurrent.ForkJoinPool$WorkQueue.topLevelExec(ForkJoinPool.java:1182)
	at java.base/java.util.concurrent.ForkJoinPool.scan(ForkJoinPool.java:1655)
	at java.base/java.util.concurrent.ForkJoinPool.runWorker(ForkJoinPool.java:1622)
	at java.base/java.util.concurrent.ForkJoinWorkerThread.run(ForkJoinWorkerThread.java:165)
Caused by: java.net.MalformedURLException: unknown protocol: cp
	at java.base/java.net.URL.<init>(URL.java:681)
	at java.base/java.net.URL.<init>(URL.java:569)
	at java.base/java.net.URL.<init>(URL.java:516)
	at controllers.jpro.$anonfun$genURL$1(jpro.scala:365)
	at scala.Function1.$anonfun$andThen$1(Function1.scala:57)
	at play.api.mvc.ActionBuilderImpl.invokeBlock(Action.scala:441)
	at play.api.mvc.ActionBuilderImpl.invokeBlock(Action.scala:439)
	at play.api.mvc.ActionBuilder$$anon$9.apply(Action.scala:379)
	at play.api.mvc.Action.$anonfun$apply$4(Action.scala:82)
	at play.api.libs.streams.StrictAccumulator.$anonfun$mapFuture$4(Accumulator.scala:168)
	at scala.util.Try$.apply(Try.scala:213)
	at play.api.libs.streams.StrictAccumulator.$anonfun$mapFuture$3(Accumulator.scala:168)
	at scala.Function1.$anonfun$andThen$1(Function1.scala:57)
	at scala.Function1.$anonfun$andThen$1(Function1.scala:57)
	at scala.Function1.$anonfun$andThen$1(Function1.scala:57)
	at play.api.libs.streams.StrictAccumulator.run(Accumulator.scala:199)
	at play.core.server.AkkaHttpServer.$anonfun$runAction$4(AkkaHttpServer.scala:417)
	at akka.http.scaladsl.util.FastFuture$.strictTransform$1(FastFuture.scala:41)
	at akka.http.scaladsl.util.FastFuture$.$anonfun$transformWith$3(FastFuture.scala:51)
	... 13 common frames omitted
2026-07-08 13:21:57,712 [ERROR] from play.api.http.DefaultHttpErrorHandler in application-akka.actor.default-dispatcher-12 - 

! @8e19enchf - Internal server error, for (GET) [/app/default/resourcesencoded/cp:/picture/background.png] ->
 
play.api.UnexpectedException: Unexpected exception[MalformedURLException: unknown protocol: cp]
	at play.api.http.HttpErrorHandlerExceptions$.throwableToUsefulException(HttpErrorHandler.scala:358)
	at play.api.http.DefaultHttpErrorHandler.onServerError(HttpErrorHandler.scala:264)
	at play.core.server.AkkaHttpServer$$anonfun$2.applyOrElse(AkkaHttpServer.scala:430)
	at play.core.server.AkkaHttpServer$$anonfun$2.applyOrElse(AkkaHttpServer.scala:422)
	at scala.concurrent.Future.$anonfun$recoverWith$1(Future.scala:417)
	at scala.concurrent.impl.Promise.$anonfun$transformWith$1(Promise.scala:41)
	at scala.concurrent.impl.CallbackRunnable.run(Promise.scala:64)
	at akka.dispatch.BatchingExecutor$AbstractBatch.processBatch(BatchingExecutor.scala:63)
	at akka.dispatch.BatchingExecutor$BlockableBatch.$anonfun$run$1(BatchingExecutor.scala:100)
	at scala.runtime.java8.JFunction0$mcV$sp.apply(JFunction0$mcV$sp.java:23)
	at scala.concurrent.BlockContext$.withBlockContext(BlockContext.scala:85)
	at akka.dispatch.BatchingExecutor$BlockableBatch.run(BatchingExecutor.scala:100)
	at akka.dispatch.TaskInvocation.run(AbstractDispatcher.scala:49)
	at akka.dispatch.ForkJoinExecutorConfigurator$AkkaForkJoinTask.exec(ForkJoinExecutorConfigurator.scala:48)
	at java.base/java.util.concurrent.ForkJoinTask.doExec(ForkJoinTask.java:373)
	at java.base/java.util.concurrent.ForkJoinPool$WorkQueue.topLevelExec(ForkJoinPool.java:1182)
	at java.base/java.util.concurrent.ForkJoinPool.scan(ForkJoinPool.java:1655)
	at java.base/java.util.concurrent.ForkJoinPool.runWorker(ForkJoinPool.java:1622)
	at java.base/java.util.concurrent.ForkJoinWorkerThread.run(ForkJoinWorkerThread.java:165)
Caused by: java.net.MalformedURLException: unknown protocol: cp
	at java.base/java.net.URL.<init>(URL.java:681)
	at java.base/java.net.URL.<init>(URL.java:569)
	at java.base/java.net.URL.<init>(URL.java:516)
	at controllers.jpro.$anonfun$genURL$1(jpro.scala:365)
	at scala.Function1.$anonfun$andThen$1(Function1.scala:57)
	at play.api.mvc.ActionBuilderImpl.invokeBlock(Action.scala:441)
	at play.api.mvc.ActionBuilderImpl.invokeBlock(Action.scala:439)
	at play.api.mvc.ActionBuilder$$anon$9.apply(Action.scala:379)
	at play.api.mvc.Action.$anonfun$apply$4(Action.scala:82)
	at play.api.libs.streams.StrictAccumulator.$anonfun$mapFuture$4(Accumulator.scala:168)
	at scala.util.Try$.apply(Try.scala:213)
	at play.api.libs.streams.StrictAccumulator.$anonfun$mapFuture$3(Accumulator.scala:168)
	at scala.Function1.$anonfun$andThen$1(Function1.scala:57)
	at scala.Function1.$anonfun$andThen$1(Function1.scala:57)
	at scala.Function1.$anonfun$andThen$1(Function1.scala:57)
	at play.api.libs.streams.StrictAccumulator.run(Accumulator.scala:199)
	at play.core.server.AkkaHttpServer.$anonfun$runAction$4(AkkaHttpServer.scala:417)
	at akka.http.scaladsl.util.FastFuture$.strictTransform$1(FastFuture.scala:41)
	at akka.http.scaladsl.util.FastFuture$.$anonfun$transformWith$3(FastFuture.scala:51)
	... 13 common frames omitted
2026-07-08 14:35:26,566 [ERROR] from play.api.http.DefaultHttpErrorHandler in application-akka.actor.default-dispatcher-13 - 

! @8e19oe8gm - Internal server error, for (GET) [/app/default/resourcesencoded/home:/AppData/Local/Temp/jpro-f04d12c5af836236f8383cecf9e42710.png] ->
 
play.api.UnexpectedException: Unexpected exception[MalformedURLException: unknown protocol: home]
	at play.api.http.HttpErrorHandlerExceptions$.throwableToUsefulException(HttpErrorHandler.scala:358)
	at play.api.http.DefaultHttpErrorHandler.onServerError(HttpErrorHandler.scala:264)
	at play.core.server.AkkaHttpServer$$anonfun$2.applyOrElse(AkkaHttpServer.scala:430)
	at play.core.server.AkkaHttpServer$$anonfun$2.applyOrElse(AkkaHttpServer.scala:422)
	at scala.concurrent.Future.$anonfun$recoverWith$1(Future.scala:417)
	at scala.concurrent.impl.Promise.$anonfun$transformWith$1(Promise.scala:41)
	at scala.concurrent.impl.CallbackRunnable.run(Promise.scala:64)
	at akka.dispatch.BatchingExecutor$AbstractBatch.processBatch(BatchingExecutor.scala:63)
	at akka.dispatch.BatchingExecutor$BlockableBatch.$anonfun$run$1(BatchingExecutor.scala:100)
	at scala.runtime.java8.JFunction0$mcV$sp.apply(JFunction0$mcV$sp.java:23)
	at scala.concurrent.BlockContext$.withBlockContext(BlockContext.scala:85)
	at akka.dispatch.BatchingExecutor$BlockableBatch.run(BatchingExecutor.scala:100)
	at akka.dispatch.TaskInvocation.run(AbstractDispatcher.scala:49)
	at akka.dispatch.ForkJoinExecutorConfigurator$AkkaForkJoinTask.exec(ForkJoinExecutorConfigurator.scala:48)
	at java.base/java.util.concurrent.ForkJoinTask.doExec(ForkJoinTask.java:373)
	at java.base/java.util.concurrent.ForkJoinPool$WorkQueue.topLevelExec(ForkJoinPool.java:1182)
	at java.base/java.util.concurrent.ForkJoinPool.scan(ForkJoinPool.java:1655)
	at java.base/java.util.concurrent.ForkJoinPool.runWorker(ForkJoinPool.java:1622)
	at java.base/java.util.concurrent.ForkJoinWorkerThread.run(ForkJoinWorkerThread.java:165)
Caused by: java.net.MalformedURLException: unknown protocol: home
	at java.base/java.net.URL.<init>(URL.java:681)
	at java.base/java.net.URL.<init>(URL.java:569)
	at java.base/java.net.URL.<init>(URL.java:516)
	at controllers.jpro.$anonfun$genURL$1(jpro.scala:365)
	at scala.Function1.$anonfun$andThen$1(Function1.scala:57)
	at play.api.mvc.ActionBuilderImpl.invokeBlock(Action.scala:441)
	at play.api.mvc.ActionBuilderImpl.invokeBlock(Action.scala:439)
	at play.api.mvc.ActionBuilder$$anon$9.apply(Action.scala:379)
	at play.api.mvc.Action.$anonfun$apply$4(Action.scala:82)
	at play.api.libs.streams.StrictAccumulator.$anonfun$mapFuture$4(Accumulator.scala:168)
	at scala.util.Try$.apply(Try.scala:213)
	at play.api.libs.streams.StrictAccumulator.$anonfun$mapFuture$3(Accumulator.scala:168)
	at scala.Function1.$anonfun$andThen$1(Function1.scala:57)
	at scala.Function1.$anonfun$andThen$1(Function1.scala:57)
	at scala.Function1.$anonfun$andThen$1(Function1.scala:57)
	at play.api.libs.streams.StrictAccumulator.run(Accumulator.scala:199)
	at play.core.server.AkkaHttpServer.$anonfun$runAction$4(AkkaHttpServer.scala:417)
	at akka.http.scaladsl.util.FastFuture$.strictTransform$1(FastFuture.scala:41)
	at akka.http.scaladsl.util.FastFuture$.$anonfun$transformWith$3(FastFuture.scala:51)
	... 13 common frames omitted
2026-07-08 14:35:42,425 [ERROR] from play.api.http.DefaultHttpErrorHandler in application-akka.actor.default-dispatcher-5 - 

! @8e19of62m - Internal server error, for (GET) [/app/default/resourcesencoded/home:/AppData/Local/Temp/jpro-31e120b51bdc5578d7937ef1d74301cb.png] ->
 
play.api.UnexpectedException: Unexpected exception[MalformedURLException: unknown protocol: home]
	at play.api.http.HttpErrorHandlerExceptions$.throwableToUsefulException(HttpErrorHandler.scala:358)
	at play.api.http.DefaultHttpErrorHandler.onServerError(HttpErrorHandler.scala:264)
	at play.core.server.AkkaHttpServer$$anonfun$2.applyOrElse(AkkaHttpServer.scala:430)
	at play.core.server.AkkaHttpServer$$anonfun$2.applyOrElse(AkkaHttpServer.scala:422)
	at scala.concurrent.Future.$anonfun$recoverWith$1(Future.scala:417)
	at scala.concurrent.impl.Promise.$anonfun$transformWith$1(Promise.scala:41)
	at scala.concurrent.impl.CallbackRunnable.run(Promise.scala:64)
	at akka.dispatch.BatchingExecutor$AbstractBatch.processBatch(BatchingExecutor.scala:63)
	at akka.dispatch.BatchingExecutor$BlockableBatch.$anonfun$run$1(BatchingExecutor.scala:100)
	at scala.runtime.java8.JFunction0$mcV$sp.apply(JFunction0$mcV$sp.java:23)
	at scala.concurrent.BlockContext$.withBlockContext(BlockContext.scala:85)
	at akka.dispatch.BatchingExecutor$BlockableBatch.run(BatchingExecutor.scala:100)
	at akka.dispatch.TaskInvocation.run(AbstractDispatcher.scala:49)
	at akka.dispatch.ForkJoinExecutorConfigurator$AkkaForkJoinTask.exec(ForkJoinExecutorConfigurator.scala:48)
	at java.base/java.util.concurrent.ForkJoinTask.doExec(ForkJoinTask.java:373)
	at java.base/java.util.concurrent.ForkJoinPool$WorkQueue.topLevelExec(ForkJoinPool.java:1182)
	at java.base/java.util.concurrent.ForkJoinPool.scan(ForkJoinPool.java:1655)
	at java.base/java.util.concurrent.ForkJoinPool.runWorker(ForkJoinPool.java:1622)
	at java.base/java.util.concurrent.ForkJoinWorkerThread.run(ForkJoinWorkerThread.java:165)
Caused by: java.net.MalformedURLException: unknown protocol: home
	at java.base/java.net.URL.<init>(URL.java:681)
	at java.base/java.net.URL.<init>(URL.java:569)
	at java.base/java.net.URL.<init>(URL.java:516)
	at controllers.jpro.$anonfun$genURL$1(jpro.scala:365)
	at scala.Function1.$anonfun$andThen$1(Function1.scala:57)
	at play.api.mvc.ActionBuilderImpl.invokeBlock(Action.scala:441)
	at play.api.mvc.ActionBuilderImpl.invokeBlock(Action.scala:439)
	at play.api.mvc.ActionBuilder$$anon$9.apply(Action.scala:379)
	at play.api.mvc.Action.$anonfun$apply$4(Action.scala:82)
	at play.api.libs.streams.StrictAccumulator.$anonfun$mapFuture$4(Accumulator.scala:168)
	at scala.util.Try$.apply(Try.scala:213)
	at play.api.libs.streams.StrictAccumulator.$anonfun$mapFuture$3(Accumulator.scala:168)
	at scala.Function1.$anonfun$andThen$1(Function1.scala:57)
	at scala.Function1.$anonfun$andThen$1(Function1.scala:57)
	at scala.Function1.$anonfun$andThen$1(Function1.scala:57)
	at play.api.libs.streams.StrictAccumulator.run(Accumulator.scala:199)
	at play.core.server.AkkaHttpServer.$anonfun$runAction$4(AkkaHttpServer.scala:417)
	at akka.http.scaladsl.util.FastFuture$.strictTransform$1(FastFuture.scala:41)
	at akka.http.scaladsl.util.FastFuture$.$anonfun$transformWith$3(FastFuture.scala:51)
	... 13 common frames omitted
2026-07-08 14:35:42,763 [ERROR] from play.api.http.DefaultHttpErrorHandler in application-akka.actor.default-dispatcher-12 - 

! @8e19of6fm - Internal server error, for (GET) [/app/default/resourcesencoded/home:/AppData/Local/Temp/jpro-e69c6c70ad09270ff3712632b91c29dc.png] ->
 
play.api.UnexpectedException: Unexpected exception[MalformedURLException: unknown protocol: home]
	at play.api.http.HttpErrorHandlerExceptions$.throwableToUsefulException(HttpErrorHandler.scala:358)
	at play.api.http.DefaultHttpErrorHandler.onServerError(HttpErrorHandler.scala:264)
	at play.core.server.AkkaHttpServer$$anonfun$2.applyOrElse(AkkaHttpServer.scala:430)
	at play.core.server.AkkaHttpServer$$anonfun$2.applyOrElse(AkkaHttpServer.scala:422)
	at scala.concurrent.Future.$anonfun$recoverWith$1(Future.scala:417)
	at scala.concurrent.impl.Promise.$anonfun$transformWith$1(Promise.scala:41)
	at scala.concurrent.impl.CallbackRunnable.run(Promise.scala:64)
	at akka.dispatch.BatchingExecutor$AbstractBatch.processBatch(BatchingExecutor.scala:63)
	at akka.dispatch.BatchingExecutor$BlockableBatch.$anonfun$run$1(BatchingExecutor.scala:100)
	at scala.runtime.java8.JFunction0$mcV$sp.apply(JFunction0$mcV$sp.java:23)
	at scala.concurrent.BlockContext$.withBlockContext(BlockContext.scala:85)
	at akka.dispatch.BatchingExecutor$BlockableBatch.run(BatchingExecutor.scala:100)
	at akka.dispatch.TaskInvocation.run(AbstractDispatcher.scala:49)
	at akka.dispatch.ForkJoinExecutorConfigurator$AkkaForkJoinTask.exec(ForkJoinExecutorConfigurator.scala:48)
	at java.base/java.util.concurrent.ForkJoinTask.doExec(ForkJoinTask.java:373)
	at java.base/java.util.concurrent.ForkJoinPool$WorkQueue.topLevelExec(ForkJoinPool.java:1182)
	at java.base/java.util.concurrent.ForkJoinPool.scan(ForkJoinPool.java:1655)
	at java.base/java.util.concurrent.ForkJoinPool.runWorker(ForkJoinPool.java:1622)
	at java.base/java.util.concurrent.ForkJoinWorkerThread.run(ForkJoinWorkerThread.java:165)
Caused by: java.net.MalformedURLException: unknown protocol: home
	at java.base/java.net.URL.<init>(URL.java:681)
	at java.base/java.net.URL.<init>(URL.java:569)
	at java.base/java.net.URL.<init>(URL.java:516)
	at controllers.jpro.$anonfun$genURL$1(jpro.scala:365)
	at scala.Function1.$anonfun$andThen$1(Function1.scala:57)
	at play.api.mvc.ActionBuilderImpl.invokeBlock(Action.scala:441)
	at play.api.mvc.ActionBuilderImpl.invokeBlock(Action.scala:439)
	at play.api.mvc.ActionBuilder$$anon$9.apply(Action.scala:379)
	at play.api.mvc.Action.$anonfun$apply$4(Action.scala:82)
	at play.api.libs.streams.StrictAccumulator.$anonfun$mapFuture$4(Accumulator.scala:168)
	at scala.util.Try$.apply(Try.scala:213)
	at play.api.libs.streams.StrictAccumulator.$anonfun$mapFuture$3(Accumulator.scala:168)
	at scala.Function1.$anonfun$andThen$1(Function1.scala:57)
	at scala.Function1.$anonfun$andThen$1(Function1.scala:57)
	at scala.Function1.$anonfun$andThen$1(Function1.scala:57)
	at play.api.libs.streams.StrictAccumulator.run(Accumulator.scala:199)
	at play.core.server.AkkaHttpServer.$anonfun$runAction$4(AkkaHttpServer.scala:417)
	at akka.http.scaladsl.util.FastFuture$.strictTransform$1(FastFuture.scala:41)
	at akka.http.scaladsl.util.FastFuture$.$anonfun$transformWith$3(FastFuture.scala:51)
	... 13 common frames omitted
2026-07-08 14:35:44,451 [ERROR] from play.api.http.DefaultHttpErrorHandler in application-akka.actor.default-dispatcher-11 - 

! @8e19of92j - Internal server error, for (GET) [/app/default/resourcesencoded/home:/AppData/Local/Temp/jpro-baf34f2aec8048be6d4aba711043d25e.png] ->
 
play.api.UnexpectedException: Unexpected exception[MalformedURLException: unknown protocol: home]
	at play.api.http.HttpErrorHandlerExceptions$.throwableToUsefulException(HttpErrorHandler.scala:358)
	at play.api.http.DefaultHttpErrorHandler.onServerError(HttpErrorHandler.scala:264)
	at play.core.server.AkkaHttpServer$$anonfun$2.applyOrElse(AkkaHttpServer.scala:430)
	at play.core.server.AkkaHttpServer$$anonfun$2.applyOrElse(AkkaHttpServer.scala:422)
	at scala.concurrent.Future.$anonfun$recoverWith$1(Future.scala:417)
	at scala.concurrent.impl.Promise.$anonfun$transformWith$1(Promise.scala:41)
	at scala.concurrent.impl.CallbackRunnable.run(Promise.scala:64)
	at akka.dispatch.BatchingExecutor$AbstractBatch.processBatch(BatchingExecutor.scala:63)
	at akka.dispatch.BatchingExecutor$BlockableBatch.$anonfun$run$1(BatchingExecutor.scala:100)
	at scala.runtime.java8.JFunction0$mcV$sp.apply(JFunction0$mcV$sp.java:23)
	at scala.concurrent.BlockContext$.withBlockContext(BlockContext.scala:85)
	at akka.dispatch.BatchingExecutor$BlockableBatch.run(BatchingExecutor.scala:100)
	at akka.dispatch.TaskInvocation.run(AbstractDispatcher.scala:49)
	at akka.dispatch.ForkJoinExecutorConfigurator$AkkaForkJoinTask.exec(ForkJoinExecutorConfigurator.scala:48)
	at java.base/java.util.concurrent.ForkJoinTask.doExec(ForkJoinTask.java:373)
	at java.base/java.util.concurrent.ForkJoinPool$WorkQueue.topLevelExec(ForkJoinPool.java:1182)
	at java.base/java.util.concurrent.ForkJoinPool.scan(ForkJoinPool.java:1655)
	at java.base/java.util.concurrent.ForkJoinPool.runWorker(ForkJoinPool.java:1622)
	at java.base/java.util.concurrent.ForkJoinWorkerThread.run(ForkJoinWorkerThread.java:165)
Caused by: java.net.MalformedURLException: unknown protocol: home
	at java.base/java.net.URL.<init>(URL.java:681)
	at java.base/java.net.URL.<init>(URL.java:569)
	at java.base/java.net.URL.<init>(URL.java:516)
	at controllers.jpro.$anonfun$genURL$1(jpro.scala:365)
	at scala.Function1.$anonfun$andThen$1(Function1.scala:57)
	at play.api.mvc.ActionBuilderImpl.invokeBlock(Action.scala:441)
	at play.api.mvc.ActionBuilderImpl.invokeBlock(Action.scala:439)
	at play.api.mvc.ActionBuilder$$anon$9.apply(Action.scala:379)
	at play.api.mvc.Action.$anonfun$apply$4(Action.scala:82)
	at play.api.libs.streams.StrictAccumulator.$anonfun$mapFuture$4(Accumulator.scala:168)
	at scala.util.Try$.apply(Try.scala:213)
	at play.api.libs.streams.StrictAccumulator.$anonfun$mapFuture$3(Accumulator.scala:168)
	at scala.Function1.$anonfun$andThen$1(Function1.scala:57)
	at scala.Function1.$anonfun$andThen$1(Function1.scala:57)
	at scala.Function1.$anonfun$andThen$1(Function1.scala:57)
	at play.api.libs.streams.StrictAccumulator.run(Accumulator.scala:199)
	at play.core.server.AkkaHttpServer.$anonfun$runAction$4(AkkaHttpServer.scala:417)
	at akka.http.scaladsl.util.FastFuture$.strictTransform$1(FastFuture.scala:41)
	at akka.http.scaladsl.util.FastFuture$.$anonfun$transformWith$3(FastFuture.scala:51)
	... 13 common frames omitted
2026-07-08 14:35:47,268 [ERROR] from play.api.http.DefaultHttpErrorHandler in application-akka.actor.default-dispatcher-12 - 

! @8e19ofd73 - Internal server error, for (GET) [/app/default/resourcesencoded/home:/AppData/Local/Temp/jpro-8a31520a21b82da9a6dee0af76506fd4.png] ->
 
play.api.UnexpectedException: Unexpected exception[MalformedURLException: unknown protocol: home]
	at play.api.http.HttpErrorHandlerExceptions$.throwableToUsefulException(HttpErrorHandler.scala:358)
	at play.api.http.DefaultHttpErrorHandler.onServerError(HttpErrorHandler.scala:264)
	at play.core.server.AkkaHttpServer$$anonfun$2.applyOrElse(AkkaHttpServer.scala:430)
	at play.core.server.AkkaHttpServer$$anonfun$2.applyOrElse(AkkaHttpServer.scala:422)
	at scala.concurrent.Future.$anonfun$recoverWith$1(Future.scala:417)
	at scala.concurrent.impl.Promise.$anonfun$transformWith$1(Promise.scala:41)
	at scala.concurrent.impl.CallbackRunnable.run(Promise.scala:64)
	at akka.dispatch.BatchingExecutor$AbstractBatch.processBatch(BatchingExecutor.scala:63)
	at akka.dispatch.BatchingExecutor$BlockableBatch.$anonfun$run$1(BatchingExecutor.scala:100)
	at scala.runtime.java8.JFunction0$mcV$sp.apply(JFunction0$mcV$sp.java:23)
	at scala.concurrent.BlockContext$.withBlockContext(BlockContext.scala:85)
	at akka.dispatch.BatchingExecutor$BlockableBatch.run(BatchingExecutor.scala:100)
	at akka.dispatch.TaskInvocation.run(AbstractDispatcher.scala:49)
	at akka.dispatch.ForkJoinExecutorConfigurator$AkkaForkJoinTask.exec(ForkJoinExecutorConfigurator.scala:48)
	at java.base/java.util.concurrent.ForkJoinTask.doExec(ForkJoinTask.java:373)
	at java.base/java.util.concurrent.ForkJoinPool$WorkQueue.topLevelExec(ForkJoinPool.java:1182)
	at java.base/java.util.concurrent.ForkJoinPool.scan(ForkJoinPool.java:1655)
	at java.base/java.util.concurrent.ForkJoinPool.runWorker(ForkJoinPool.java:1622)
	at java.base/java.util.concurrent.ForkJoinWorkerThread.run(ForkJoinWorkerThread.java:165)
Caused by: java.net.MalformedURLException: unknown protocol: home
	at java.base/java.net.URL.<init>(URL.java:681)
	at java.base/java.net.URL.<init>(URL.java:569)
	at java.base/java.net.URL.<init>(URL.java:516)
	at controllers.jpro.$anonfun$genURL$1(jpro.scala:365)
	at scala.Function1.$anonfun$andThen$1(Function1.scala:57)
	at play.api.mvc.ActionBuilderImpl.invokeBlock(Action.scala:441)
	at play.api.mvc.ActionBuilderImpl.invokeBlock(Action.scala:439)
	at play.api.mvc.ActionBuilder$$anon$9.apply(Action.scala:379)
	at play.api.mvc.Action.$anonfun$apply$4(Action.scala:82)
	at play.api.libs.streams.StrictAccumulator.$anonfun$mapFuture$4(Accumulator.scala:168)
	at scala.util.Try$.apply(Try.scala:213)
	at play.api.libs.streams.StrictAccumulator.$anonfun$mapFuture$3(Accumulator.scala:168)
	at scala.Function1.$anonfun$andThen$1(Function1.scala:57)
	at scala.Function1.$anonfun$andThen$1(Function1.scala:57)
	at scala.Function1.$anonfun$andThen$1(Function1.scala:57)
	at play.api.libs.streams.StrictAccumulator.run(Accumulator.scala:199)
	at play.core.server.AkkaHttpServer.$anonfun$runAction$4(AkkaHttpServer.scala:417)
	at akka.http.scaladsl.util.FastFuture$.strictTransform$1(FastFuture.scala:41)
	at akka.http.scaladsl.util.FastFuture$.$anonfun$transformWith$3(FastFuture.scala:51)
	... 13 common frames omitted
2026-07-08 14:44:18,307 [ERROR] from play.api.http.DefaultHttpErrorHandler in application-akka.actor.default-dispatcher-6 - 

! @8e19pif6a - Internal server error, for (GET) [/app/default/resourcesencoded/cp:/picture/syujinkou.png] ->
 
play.api.UnexpectedException: Unexpected exception[MalformedURLException: unknown protocol: cp]
	at play.api.http.HttpErrorHandlerExceptions$.throwableToUsefulException(HttpErrorHandler.scala:358)
	at play.api.http.DefaultHttpErrorHandler.onServerError(HttpErrorHandler.scala:264)
	at play.core.server.AkkaHttpServer$$anonfun$2.applyOrElse(AkkaHttpServer.scala:430)
	at play.core.server.AkkaHttpServer$$anonfun$2.applyOrElse(AkkaHttpServer.scala:422)
	at scala.concurrent.Future.$anonfun$recoverWith$1(Future.scala:417)
	at scala.concurrent.impl.Promise.$anonfun$transformWith$1(Promise.scala:41)
	at scala.concurrent.impl.CallbackRunnable.run(Promise.scala:64)
	at akka.dispatch.BatchingExecutor$AbstractBatch.processBatch(BatchingExecutor.scala:63)
	at akka.dispatch.BatchingExecutor$BlockableBatch.$anonfun$run$1(BatchingExecutor.scala:100)
	at scala.runtime.java8.JFunction0$mcV$sp.apply(JFunction0$mcV$sp.java:23)
	at scala.concurrent.BlockContext$.withBlockContext(BlockContext.scala:85)
	at akka.dispatch.BatchingExecutor$BlockableBatch.run(BatchingExecutor.scala:100)
	at akka.dispatch.TaskInvocation.run(AbstractDispatcher.scala:49)
	at akka.dispatch.ForkJoinExecutorConfigurator$AkkaForkJoinTask.exec(ForkJoinExecutorConfigurator.scala:48)
	at java.base/java.util.concurrent.ForkJoinTask.doExec(ForkJoinTask.java:373)
	at java.base/java.util.concurrent.ForkJoinPool$WorkQueue.topLevelExec(ForkJoinPool.java:1182)
	at java.base/java.util.concurrent.ForkJoinPool.scan(ForkJoinPool.java:1655)
	at java.base/java.util.concurrent.ForkJoinPool.runWorker(ForkJoinPool.java:1622)
	at java.base/java.util.concurrent.ForkJoinWorkerThread.run(ForkJoinWorkerThread.java:165)
Caused by: java.net.MalformedURLException: unknown protocol: cp
	at java.base/java.net.URL.<init>(URL.java:681)
	at java.base/java.net.URL.<init>(URL.java:569)
	at java.base/java.net.URL.<init>(URL.java:516)
	at controllers.jpro.$anonfun$genURL$1(jpro.scala:365)
	at scala.Function1.$anonfun$andThen$1(Function1.scala:57)
	at play.api.mvc.ActionBuilderImpl.invokeBlock(Action.scala:441)
	at play.api.mvc.ActionBuilderImpl.invokeBlock(Action.scala:439)
	at play.api.mvc.ActionBuilder$$anon$9.apply(Action.scala:379)
	at play.api.mvc.Action.$anonfun$apply$4(Action.scala:82)
	at play.api.libs.streams.StrictAccumulator.$anonfun$mapFuture$4(Accumulator.scala:168)
	at scala.util.Try$.apply(Try.scala:213)
	at play.api.libs.streams.StrictAccumulator.$anonfun$mapFuture$3(Accumulator.scala:168)
	at scala.Function1.$anonfun$andThen$1(Function1.scala:57)
	at scala.Function1.$anonfun$andThen$1(Function1.scala:57)
	at scala.Function1.$anonfun$andThen$1(Function1.scala:57)
	at play.api.libs.streams.StrictAccumulator.run(Accumulator.scala:199)
	at play.core.server.AkkaHttpServer.$anonfun$runAction$4(AkkaHttpServer.scala:417)
	at akka.http.scaladsl.util.FastFuture$.strictTransform$1(FastFuture.scala:41)
	at akka.http.scaladsl.util.FastFuture$.$anonfun$transformWith$3(FastFuture.scala:51)
	... 13 common frames omitted
2026-07-08 14:45:08,697 [ERROR] from play.api.http.DefaultHttpErrorHandler in application-akka.actor.default-dispatcher-8 - 

! @8e19plbke - Internal server error, for (GET) [/app/default/resourcesencoded/home:/AppData/Local/Temp/jpro-8db0d3cb984dadd6bb6ad24af0f58388.png] ->
 
play.api.UnexpectedException: Unexpected exception[MalformedURLException: unknown protocol: home]
	at play.api.http.HttpErrorHandlerExceptions$.throwableToUsefulException(HttpErrorHandler.scala:358)
	at play.api.http.DefaultHttpErrorHandler.onServerError(HttpErrorHandler.scala:264)
	at play.core.server.AkkaHttpServer$$anonfun$2.applyOrElse(AkkaHttpServer.scala:430)
	at play.core.server.AkkaHttpServer$$anonfun$2.applyOrElse(AkkaHttpServer.scala:422)
	at scala.concurrent.Future.$anonfun$recoverWith$1(Future.scala:417)
	at scala.concurrent.impl.Promise.$anonfun$transformWith$1(Promise.scala:41)
	at scala.concurrent.impl.CallbackRunnable.run(Promise.scala:64)
	at akka.dispatch.BatchingExecutor$AbstractBatch.processBatch(BatchingExecutor.scala:63)
	at akka.dispatch.BatchingExecutor$BlockableBatch.$anonfun$run$1(BatchingExecutor.scala:100)
	at scala.runtime.java8.JFunction0$mcV$sp.apply(JFunction0$mcV$sp.java:23)
	at scala.concurrent.BlockContext$.withBlockContext(BlockContext.scala:85)
	at akka.dispatch.BatchingExecutor$BlockableBatch.run(BatchingExecutor.scala:100)
	at akka.dispatch.TaskInvocation.run(AbstractDispatcher.scala:49)
	at akka.dispatch.ForkJoinExecutorConfigurator$AkkaForkJoinTask.exec(ForkJoinExecutorConfigurator.scala:48)
	at java.base/java.util.concurrent.ForkJoinTask.doExec(ForkJoinTask.java:373)
	at java.base/java.util.concurrent.ForkJoinPool$WorkQueue.topLevelExec(ForkJoinPool.java:1182)
	at java.base/java.util.concurrent.ForkJoinPool.scan(ForkJoinPool.java:1655)
	at java.base/java.util.concurrent.ForkJoinPool.runWorker(ForkJoinPool.java:1622)
	at java.base/java.util.concurrent.ForkJoinWorkerThread.run(ForkJoinWorkerThread.java:165)
Caused by: java.net.MalformedURLException: unknown protocol: home
	at java.base/java.net.URL.<init>(URL.java:681)
	at java.base/java.net.URL.<init>(URL.java:569)
	at java.base/java.net.URL.<init>(URL.java:516)
	at controllers.jpro.$anonfun$genURL$1(jpro.scala:365)
	at scala.Function1.$anonfun$andThen$1(Function1.scala:57)
	at play.api.mvc.ActionBuilderImpl.invokeBlock(Action.scala:441)
	at play.api.mvc.ActionBuilderImpl.invokeBlock(Action.scala:439)
	at play.api.mvc.ActionBuilder$$anon$9.apply(Action.scala:379)
	at play.api.mvc.Action.$anonfun$apply$4(Action.scala:82)
	at play.api.libs.streams.StrictAccumulator.$anonfun$mapFuture$4(Accumulator.scala:168)
	at scala.util.Try$.apply(Try.scala:213)
	at play.api.libs.streams.StrictAccumulator.$anonfun$mapFuture$3(Accumulator.scala:168)
	at scala.Function1.$anonfun$andThen$1(Function1.scala:57)
	at scala.Function1.$anonfun$andThen$1(Function1.scala:57)
	at scala.Function1.$anonfun$andThen$1(Function1.scala:57)
	at play.api.libs.streams.StrictAccumulator.run(Accumulator.scala:199)
	at play.core.server.AkkaHttpServer.$anonfun$runAction$4(AkkaHttpServer.scala:417)
	at akka.http.scaladsl.util.FastFuture$.strictTransform$1(FastFuture.scala:41)
	at akka.http.scaladsl.util.FastFuture$.$anonfun$transformWith$3(FastFuture.scala:51)
	... 13 common frames omitted
2026-07-08 14:45:20,127 [ERROR] from play.api.http.DefaultHttpErrorHandler in application-akka.actor.default-dispatcher-8 - 

! @8e19pm2i4 - Internal server error, for (GET) [/app/default/resourcesencoded/home:/AppData/Local/Temp/jpro-baf34f2aec8048be6d4aba711043d25e.png] ->
 
play.api.UnexpectedException: Unexpected exception[MalformedURLException: unknown protocol: home]
	at play.api.http.HttpErrorHandlerExceptions$.throwableToUsefulException(HttpErrorHandler.scala:358)
	at play.api.http.DefaultHttpErrorHandler.onServerError(HttpErrorHandler.scala:264)
	at play.core.server.AkkaHttpServer$$anonfun$2.applyOrElse(AkkaHttpServer.scala:430)
	at play.core.server.AkkaHttpServer$$anonfun$2.applyOrElse(AkkaHttpServer.scala:422)
	at scala.concurrent.Future.$anonfun$recoverWith$1(Future.scala:417)
	at scala.concurrent.impl.Promise.$anonfun$transformWith$1(Promise.scala:41)
	at scala.concurrent.impl.CallbackRunnable.run(Promise.scala:64)
	at akka.dispatch.BatchingExecutor$AbstractBatch.processBatch(BatchingExecutor.scala:63)
	at akka.dispatch.BatchingExecutor$BlockableBatch.$anonfun$run$1(BatchingExecutor.scala:100)
	at scala.runtime.java8.JFunction0$mcV$sp.apply(JFunction0$mcV$sp.java:23)
	at scala.concurrent.BlockContext$.withBlockContext(BlockContext.scala:85)
	at akka.dispatch.BatchingExecutor$BlockableBatch.run(BatchingExecutor.scala:100)
	at akka.dispatch.TaskInvocation.run(AbstractDispatcher.scala:49)
	at akka.dispatch.ForkJoinExecutorConfigurator$AkkaForkJoinTask.exec(ForkJoinExecutorConfigurator.scala:48)
	at java.base/java.util.concurrent.ForkJoinTask.doExec(ForkJoinTask.java:373)
	at java.base/java.util.concurrent.ForkJoinPool$WorkQueue.topLevelExec(ForkJoinPool.java:1182)
	at java.base/java.util.concurrent.ForkJoinPool.scan(ForkJoinPool.java:1655)
	at java.base/java.util.concurrent.ForkJoinPool.runWorker(ForkJoinPool.java:1622)
	at java.base/java.util.concurrent.ForkJoinWorkerThread.run(ForkJoinWorkerThread.java:165)
Caused by: java.net.MalformedURLException: unknown protocol: home
	at java.base/java.net.URL.<init>(URL.java:681)
	at java.base/java.net.URL.<init>(URL.java:569)
	at java.base/java.net.URL.<init>(URL.java:516)
	at controllers.jpro.$anonfun$genURL$1(jpro.scala:365)
	at scala.Function1.$anonfun$andThen$1(Function1.scala:57)
	at play.api.mvc.ActionBuilderImpl.invokeBlock(Action.scala:441)
	at play.api.mvc.ActionBuilderImpl.invokeBlock(Action.scala:439)
	at play.api.mvc.ActionBuilder$$anon$9.apply(Action.scala:379)
	at play.api.mvc.Action.$anonfun$apply$4(Action.scala:82)
	at play.api.libs.streams.StrictAccumulator.$anonfun$mapFuture$4(Accumulator.scala:168)
	at scala.util.Try$.apply(Try.scala:213)
	at play.api.libs.streams.StrictAccumulator.$anonfun$mapFuture$3(Accumulator.scala:168)
	at scala.Function1.$anonfun$andThen$1(Function1.scala:57)
	at scala.Function1.$anonfun$andThen$1(Function1.scala:57)
	at scala.Function1.$anonfun$andThen$1(Function1.scala:57)
	at play.api.libs.streams.StrictAccumulator.run(Accumulator.scala:199)
	at play.core.server.AkkaHttpServer.$anonfun$runAction$4(AkkaHttpServer.scala:417)
	at akka.http.scaladsl.util.FastFuture$.strictTransform$1(FastFuture.scala:41)
	at akka.http.scaladsl.util.FastFuture$.$anonfun$transformWith$3(FastFuture.scala:51)
	... 13 common frames omitted
2026-07-08 14:45:23,179 [ERROR] from play.api.http.DefaultHttpErrorHandler in application-akka.actor.default-dispatcher-12 - 

! @8e19pm75e - Internal server error, for (GET) [/app/default/resourcesencoded/home:/AppData/Local/Temp/jpro-31e120b51bdc5578d7937ef1d74301cb.png] ->
 
play.api.UnexpectedException: Unexpected exception[MalformedURLException: unknown protocol: home]
	at play.api.http.HttpErrorHandlerExceptions$.throwableToUsefulException(HttpErrorHandler.scala:358)
	at play.api.http.DefaultHttpErrorHandler.onServerError(HttpErrorHandler.scala:264)
	at play.core.server.AkkaHttpServer$$anonfun$2.applyOrElse(AkkaHttpServer.scala:430)
	at play.core.server.AkkaHttpServer$$anonfun$2.applyOrElse(AkkaHttpServer.scala:422)
	at scala.concurrent.Future.$anonfun$recoverWith$1(Future.scala:417)
	at scala.concurrent.impl.Promise.$anonfun$transformWith$1(Promise.scala:41)
	at scala.concurrent.impl.CallbackRunnable.run(Promise.scala:64)
	at akka.dispatch.BatchingExecutor$AbstractBatch.processBatch(BatchingExecutor.scala:63)
	at akka.dispatch.BatchingExecutor$BlockableBatch.$anonfun$run$1(BatchingExecutor.scala:100)
	at scala.runtime.java8.JFunction0$mcV$sp.apply(JFunction0$mcV$sp.java:23)
	at scala.concurrent.BlockContext$.withBlockContext(BlockContext.scala:85)
	at akka.dispatch.BatchingExecutor$BlockableBatch.run(BatchingExecutor.scala:100)
	at akka.dispatch.TaskInvocation.run(AbstractDispatcher.scala:49)
	at akka.dispatch.ForkJoinExecutorConfigurator$AkkaForkJoinTask.exec(ForkJoinExecutorConfigurator.scala:48)
	at java.base/java.util.concurrent.ForkJoinTask.doExec(ForkJoinTask.java:373)
	at java.base/java.util.concurrent.ForkJoinPool$WorkQueue.topLevelExec(ForkJoinPool.java:1182)
	at java.base/java.util.concurrent.ForkJoinPool.scan(ForkJoinPool.java:1655)
	at java.base/java.util.concurrent.ForkJoinPool.runWorker(ForkJoinPool.java:1622)
	at java.base/java.util.concurrent.ForkJoinWorkerThread.run(ForkJoinWorkerThread.java:165)
Caused by: java.net.MalformedURLException: unknown protocol: home
	at java.base/java.net.URL.<init>(URL.java:681)
	at java.base/java.net.URL.<init>(URL.java:569)
	at java.base/java.net.URL.<init>(URL.java:516)
	at controllers.jpro.$anonfun$genURL$1(jpro.scala:365)
	at scala.Function1.$anonfun$andThen$1(Function1.scala:57)
	at play.api.mvc.ActionBuilderImpl.invokeBlock(Action.scala:441)
	at play.api.mvc.ActionBuilderImpl.invokeBlock(Action.scala:439)
	at play.api.mvc.ActionBuilder$$anon$9.apply(Action.scala:379)
	at play.api.mvc.Action.$anonfun$apply$4(Action.scala:82)
	at play.api.libs.streams.StrictAccumulator.$anonfun$mapFuture$4(Accumulator.scala:168)
	at scala.util.Try$.apply(Try.scala:213)
	at play.api.libs.streams.StrictAccumulator.$anonfun$mapFuture$3(Accumulator.scala:168)
	at scala.Function1.$anonfun$andThen$1(Function1.scala:57)
	at scala.Function1.$anonfun$andThen$1(Function1.scala:57)
	at scala.Function1.$anonfun$andThen$1(Function1.scala:57)
	at play.api.libs.streams.StrictAccumulator.run(Accumulator.scala:199)
	at play.core.server.AkkaHttpServer.$anonfun$runAction$4(AkkaHttpServer.scala:417)
	at akka.http.scaladsl.util.FastFuture$.strictTransform$1(FastFuture.scala:41)
	at akka.http.scaladsl.util.FastFuture$.$anonfun$transformWith$3(FastFuture.scala:51)
	... 13 common frames omitted
2026-07-08 14:45:23,688 [ERROR] from play.api.http.DefaultHttpErrorHandler in application-akka.actor.default-dispatcher-11 - 

! @8e19pm7p3 - Internal server error, for (GET) [/app/default/resourcesencoded/home:/AppData/Local/Temp/jpro-7db39ea786bfbf4d0b539a401c05edba.png] ->
 
play.api.UnexpectedException: Unexpected exception[MalformedURLException: unknown protocol: home]
	at play.api.http.HttpErrorHandlerExceptions$.throwableToUsefulException(HttpErrorHandler.scala:358)
	at play.api.http.DefaultHttpErrorHandler.onServerError(HttpErrorHandler.scala:264)
	at play.core.server.AkkaHttpServer$$anonfun$2.applyOrElse(AkkaHttpServer.scala:430)
	at play.core.server.AkkaHttpServer$$anonfun$2.applyOrElse(AkkaHttpServer.scala:422)
	at scala.concurrent.Future.$anonfun$recoverWith$1(Future.scala:417)
	at scala.concurrent.impl.Promise.$anonfun$transformWith$1(Promise.scala:41)
	at scala.concurrent.impl.CallbackRunnable.run(Promise.scala:64)
	at akka.dispatch.BatchingExecutor$AbstractBatch.processBatch(BatchingExecutor.scala:63)
	at akka.dispatch.BatchingExecutor$BlockableBatch.$anonfun$run$1(BatchingExecutor.scala:100)
	at scala.runtime.java8.JFunction0$mcV$sp.apply(JFunction0$mcV$sp.java:23)
	at scala.concurrent.BlockContext$.withBlockContext(BlockContext.scala:85)
	at akka.dispatch.BatchingExecutor$BlockableBatch.run(BatchingExecutor.scala:100)
	at akka.dispatch.TaskInvocation.run(AbstractDispatcher.scala:49)
	at akka.dispatch.ForkJoinExecutorConfigurator$AkkaForkJoinTask.exec(ForkJoinExecutorConfigurator.scala:48)
	at java.base/java.util.concurrent.ForkJoinTask.doExec(ForkJoinTask.java:373)
	at java.base/java.util.concurrent.ForkJoinPool$WorkQueue.topLevelExec(ForkJoinPool.java:1182)
	at java.base/java.util.concurrent.ForkJoinPool.scan(ForkJoinPool.java:1655)
	at java.base/java.util.concurrent.ForkJoinPool.runWorker(ForkJoinPool.java:1622)
	at java.base/java.util.concurrent.ForkJoinWorkerThread.run(ForkJoinWorkerThread.java:165)
Caused by: java.net.MalformedURLException: unknown protocol: home
	at java.base/java.net.URL.<init>(URL.java:681)
	at java.base/java.net.URL.<init>(URL.java:569)
	at java.base/java.net.URL.<init>(URL.java:516)
	at controllers.jpro.$anonfun$genURL$1(jpro.scala:365)
	at scala.Function1.$anonfun$andThen$1(Function1.scala:57)
	at play.api.mvc.ActionBuilderImpl.invokeBlock(Action.scala:441)
	at play.api.mvc.ActionBuilderImpl.invokeBlock(Action.scala:439)
	at play.api.mvc.ActionBuilder$$anon$9.apply(Action.scala:379)
	at play.api.mvc.Action.$anonfun$apply$4(Action.scala:82)
	at play.api.libs.streams.StrictAccumulator.$anonfun$mapFuture$4(Accumulator.scala:168)
	at scala.util.Try$.apply(Try.scala:213)
	at play.api.libs.streams.StrictAccumulator.$anonfun$mapFuture$3(Accumulator.scala:168)
	at scala.Function1.$anonfun$andThen$1(Function1.scala:57)
	at scala.Function1.$anonfun$andThen$1(Function1.scala:57)
	at scala.Function1.$anonfun$andThen$1(Function1.scala:57)
	at play.api.libs.streams.StrictAccumulator.run(Accumulator.scala:199)
	at play.core.server.AkkaHttpServer.$anonfun$runAction$4(AkkaHttpServer.scala:417)
	at akka.http.scaladsl.util.FastFuture$.strictTransform$1(FastFuture.scala:41)
	at akka.http.scaladsl.util.FastFuture$.$anonfun$transformWith$3(FastFuture.scala:51)
	... 13 common frames omitted
2026-07-08 14:50:28,675 [ERROR] from play.api.http.DefaultHttpErrorHandler in application-akka.actor.default-dispatcher-12 - 

! @8e1a0dh38 - Internal server error, for (GET) [/app/default/resourcesencoded/cp:/picture/title.png] ->
 
play.api.UnexpectedException: Unexpected exception[MalformedURLException: unknown protocol: cp]
	at play.api.http.HttpErrorHandlerExceptions$.throwableToUsefulException(HttpErrorHandler.scala:358)
	at play.api.http.DefaultHttpErrorHandler.onServerError(HttpErrorHandler.scala:264)
	at play.core.server.AkkaHttpServer$$anonfun$2.applyOrElse(AkkaHttpServer.scala:430)
	at play.core.server.AkkaHttpServer$$anonfun$2.applyOrElse(AkkaHttpServer.scala:422)
	at scala.concurrent.Future.$anonfun$recoverWith$1(Future.scala:417)
	at scala.concurrent.impl.Promise.$anonfun$transformWith$1(Promise.scala:41)
	at scala.concurrent.impl.CallbackRunnable.run(Promise.scala:64)
	at akka.dispatch.BatchingExecutor$AbstractBatch.processBatch(BatchingExecutor.scala:63)
	at akka.dispatch.BatchingExecutor$BlockableBatch.$anonfun$run$1(BatchingExecutor.scala:100)
	at scala.runtime.java8.JFunction0$mcV$sp.apply(JFunction0$mcV$sp.java:23)
	at scala.concurrent.BlockContext$.withBlockContext(BlockContext.scala:85)
	at akka.dispatch.BatchingExecutor$BlockableBatch.run(BatchingExecutor.scala:100)
	at akka.dispatch.TaskInvocation.run(AbstractDispatcher.scala:49)
	at akka.dispatch.ForkJoinExecutorConfigurator$AkkaForkJoinTask.exec(ForkJoinExecutorConfigurator.scala:48)
	at java.base/java.util.concurrent.ForkJoinTask.doExec(ForkJoinTask.java:373)
	at java.base/java.util.concurrent.ForkJoinPool$WorkQueue.topLevelExec(ForkJoinPool.java:1182)
	at java.base/java.util.concurrent.ForkJoinPool.scan(ForkJoinPool.java:1655)
	at java.base/java.util.concurrent.ForkJoinPool.runWorker(ForkJoinPool.java:1622)
	at java.base/java.util.concurrent.ForkJoinWorkerThread.run(ForkJoinWorkerThread.java:165)
Caused by: java.net.MalformedURLException: unknown protocol: cp
	at java.base/java.net.URL.<init>(URL.java:681)
	at java.base/java.net.URL.<init>(URL.java:569)
	at java.base/java.net.URL.<init>(URL.java:516)
	at controllers.jpro.$anonfun$genURL$1(jpro.scala:365)
	at scala.Function1.$anonfun$andThen$1(Function1.scala:57)
	at play.api.mvc.ActionBuilderImpl.invokeBlock(Action.scala:441)
	at play.api.mvc.ActionBuilderImpl.invokeBlock(Action.scala:439)
	at play.api.mvc.ActionBuilder$$anon$9.apply(Action.scala:379)
	at play.api.mvc.Action.$anonfun$apply$4(Action.scala:82)
	at play.api.libs.streams.StrictAccumulator.$anonfun$mapFuture$4(Accumulator.scala:168)
	at scala.util.Try$.apply(Try.scala:213)
	at play.api.libs.streams.StrictAccumulator.$anonfun$mapFuture$3(Accumulator.scala:168)
	at scala.Function1.$anonfun$andThen$1(Function1.scala:57)
	at scala.Function1.$anonfun$andThen$1(Function1.scala:57)
	at scala.Function1.$anonfun$andThen$1(Function1.scala:57)
	at play.api.libs.streams.StrictAccumulator.run(Accumulator.scala:199)
	at play.core.server.AkkaHttpServer.$anonfun$runAction$4(AkkaHttpServer.scala:417)
	at akka.http.scaladsl.util.FastFuture$.strictTransform$1(FastFuture.scala:41)
	at akka.http.scaladsl.util.FastFuture$.$anonfun$transformWith$3(FastFuture.scala:51)
	... 13 common frames omitted
2026-07-08 14:58:40,967 [ERROR] from play.api.http.DefaultHttpErrorHandler in application-akka.actor.default-dispatcher-11 - 

! @8e1a1fh9h - Internal server error, for (GET) [/app/default/resourcesencoded/cp:/picture/title.png] ->
 
play.api.UnexpectedException: Unexpected exception[MalformedURLException: unknown protocol: cp]
	at play.api.http.HttpErrorHandlerExceptions$.throwableToUsefulException(HttpErrorHandler.scala:358)
	at play.api.http.DefaultHttpErrorHandler.onServerError(HttpErrorHandler.scala:264)
	at play.core.server.AkkaHttpServer$$anonfun$2.applyOrElse(AkkaHttpServer.scala:430)
	at play.core.server.AkkaHttpServer$$anonfun$2.applyOrElse(AkkaHttpServer.scala:422)
	at scala.concurrent.Future.$anonfun$recoverWith$1(Future.scala:417)
	at scala.concurrent.impl.Promise.$anonfun$transformWith$1(Promise.scala:41)
	at scala.concurrent.impl.CallbackRunnable.run(Promise.scala:64)
	at akka.dispatch.BatchingExecutor$AbstractBatch.processBatch(BatchingExecutor.scala:63)
	at akka.dispatch.BatchingExecutor$BlockableBatch.$anonfun$run$1(BatchingExecutor.scala:100)
	at scala.runtime.java8.JFunction0$mcV$sp.apply(JFunction0$mcV$sp.java:23)
	at scala.concurrent.BlockContext$.withBlockContext(BlockContext.scala:85)
	at akka.dispatch.BatchingExecutor$BlockableBatch.run(BatchingExecutor.scala:100)
	at akka.dispatch.TaskInvocation.run(AbstractDispatcher.scala:49)
	at akka.dispatch.ForkJoinExecutorConfigurator$AkkaForkJoinTask.exec(ForkJoinExecutorConfigurator.scala:48)
	at java.base/java.util.concurrent.ForkJoinTask.doExec(ForkJoinTask.java:373)
	at java.base/java.util.concurrent.ForkJoinPool$WorkQueue.topLevelExec(ForkJoinPool.java:1182)
	at java.base/java.util.concurrent.ForkJoinPool.scan(ForkJoinPool.java:1655)
	at java.base/java.util.concurrent.ForkJoinPool.runWorker(ForkJoinPool.java:1622)
	at java.base/java.util.concurrent.ForkJoinWorkerThread.run(ForkJoinWorkerThread.java:165)
Caused by: java.net.MalformedURLException: unknown protocol: cp
	at java.base/java.net.URL.<init>(URL.java:681)
	at java.base/java.net.URL.<init>(URL.java:569)
	at java.base/java.net.URL.<init>(URL.java:516)
	at controllers.jpro.$anonfun$genURL$1(jpro.scala:365)
	at scala.Function1.$anonfun$andThen$1(Function1.scala:57)
	at play.api.mvc.ActionBuilderImpl.invokeBlock(Action.scala:441)
	at play.api.mvc.ActionBuilderImpl.invokeBlock(Action.scala:439)
	at play.api.mvc.ActionBuilder$$anon$9.apply(Action.scala:379)
	at play.api.mvc.Action.$anonfun$apply$4(Action.scala:82)
	at play.api.libs.streams.StrictAccumulator.$anonfun$mapFuture$4(Accumulator.scala:168)
	at scala.util.Try$.apply(Try.scala:213)
	at play.api.libs.streams.StrictAccumulator.$anonfun$mapFuture$3(Accumulator.scala:168)
	at scala.Function1.$anonfun$andThen$1(Function1.scala:57)
	at scala.Function1.$anonfun$andThen$1(Function1.scala:57)
	at scala.Function1.$anonfun$andThen$1(Function1.scala:57)
	at play.api.libs.streams.StrictAccumulator.run(Accumulator.scala:199)
	at play.core.server.AkkaHttpServer.$anonfun$runAction$4(AkkaHttpServer.scala:417)
	at akka.http.scaladsl.util.FastFuture$.strictTransform$1(FastFuture.scala:41)
	at akka.http.scaladsl.util.FastFuture$.$anonfun$transformWith$3(FastFuture.scala:51)
	... 13 common frames omitted
2026-07-08 14:58:45,298 [ERROR] from play.api.http.DefaultHttpErrorHandler in application-akka.actor.default-dispatcher-8 - 

! @8e1a1fnk7 - Internal server error, for (GET) [/app/default/resourcesencoded/cp:/picture/background.png] ->
 
play.api.UnexpectedException: Unexpected exception[MalformedURLException: unknown protocol: cp]
	at play.api.http.HttpErrorHandlerExceptions$.throwableToUsefulException(HttpErrorHandler.scala:358)
	at play.api.http.DefaultHttpErrorHandler.onServerError(HttpErrorHandler.scala:264)
	at play.core.server.AkkaHttpServer$$anonfun$2.applyOrElse(AkkaHttpServer.scala:430)
	at play.core.server.AkkaHttpServer$$anonfun$2.applyOrElse(AkkaHttpServer.scala:422)
	at scala.concurrent.Future.$anonfun$recoverWith$1(Future.scala:417)
	at scala.concurrent.impl.Promise.$anonfun$transformWith$1(Promise.scala:41)
	at scala.concurrent.impl.CallbackRunnable.run(Promise.scala:64)
	at akka.dispatch.BatchingExecutor$AbstractBatch.processBatch(BatchingExecutor.scala:63)
	at akka.dispatch.BatchingExecutor$BlockableBatch.$anonfun$run$1(BatchingExecutor.scala:100)
	at scala.runtime.java8.JFunction0$mcV$sp.apply(JFunction0$mcV$sp.java:23)
	at scala.concurrent.BlockContext$.withBlockContext(BlockContext.scala:85)
	at akka.dispatch.BatchingExecutor$BlockableBatch.run(BatchingExecutor.scala:100)
	at akka.dispatch.TaskInvocation.run(AbstractDispatcher.scala:49)
	at akka.dispatch.ForkJoinExecutorConfigurator$AkkaForkJoinTask.exec(ForkJoinExecutorConfigurator.scala:48)
	at java.base/java.util.concurrent.ForkJoinTask.doExec(ForkJoinTask.java:373)
	at java.base/java.util.concurrent.ForkJoinPool$WorkQueue.topLevelExec(ForkJoinPool.java:1182)
	at java.base/java.util.concurrent.ForkJoinPool.scan(ForkJoinPool.java:1655)
	at java.base/java.util.concurrent.ForkJoinPool.runWorker(ForkJoinPool.java:1622)
	at java.base/java.util.concurrent.ForkJoinWorkerThread.run(ForkJoinWorkerThread.java:165)
Caused by: java.net.MalformedURLException: unknown protocol: cp
	at java.base/java.net.URL.<init>(URL.java:681)
	at java.base/java.net.URL.<init>(URL.java:569)
	at java.base/java.net.URL.<init>(URL.java:516)
	at controllers.jpro.$anonfun$genURL$1(jpro.scala:365)
	at scala.Function1.$anonfun$andThen$1(Function1.scala:57)
	at play.api.mvc.ActionBuilderImpl.invokeBlock(Action.scala:441)
	at play.api.mvc.ActionBuilderImpl.invokeBlock(Action.scala:439)
	at play.api.mvc.ActionBuilder$$anon$9.apply(Action.scala:379)
	at play.api.mvc.Action.$anonfun$apply$4(Action.scala:82)
	at play.api.libs.streams.StrictAccumulator.$anonfun$mapFuture$4(Accumulator.scala:168)
	at scala.util.Try$.apply(Try.scala:213)
	at play.api.libs.streams.StrictAccumulator.$anonfun$mapFuture$3(Accumulator.scala:168)
	at scala.Function1.$anonfun$andThen$1(Function1.scala:57)
	at scala.Function1.$anonfun$andThen$1(Function1.scala:57)
	at scala.Function1.$anonfun$andThen$1(Function1.scala:57)
	at play.api.libs.streams.StrictAccumulator.run(Accumulator.scala:199)
	at play.core.server.AkkaHttpServer.$anonfun$runAction$4(AkkaHttpServer.scala:417)
	at akka.http.scaladsl.util.FastFuture$.strictTransform$1(FastFuture.scala:41)
	at akka.http.scaladsl.util.FastFuture$.$anonfun$transformWith$3(FastFuture.scala:51)
	... 13 common frames omitted
2026-07-08 15:03:29,156 [ERROR] from play.api.http.DefaultHttpErrorHandler in application-akka.actor.default-dispatcher-11 - 

! @8e1a261hm - Internal server error, for (GET) [/app/default/resourcesencoded/home:/AppData/Local/Temp/jpro-8db0d3cb984dadd6bb6ad24af0f58388.png] ->
 
play.api.UnexpectedException: Unexpected exception[MalformedURLException: unknown protocol: home]
	at play.api.http.HttpErrorHandlerExceptions$.throwableToUsefulException(HttpErrorHandler.scala:358)
	at play.api.http.DefaultHttpErrorHandler.onServerError(HttpErrorHandler.scala:264)
	at play.core.server.AkkaHttpServer$$anonfun$2.applyOrElse(AkkaHttpServer.scala:430)
	at play.core.server.AkkaHttpServer$$anonfun$2.applyOrElse(AkkaHttpServer.scala:422)
	at scala.concurrent.Future.$anonfun$recoverWith$1(Future.scala:417)
	at scala.concurrent.impl.Promise.$anonfun$transformWith$1(Promise.scala:41)
	at scala.concurrent.impl.CallbackRunnable.run(Promise.scala:64)
	at akka.dispatch.BatchingExecutor$AbstractBatch.processBatch(BatchingExecutor.scala:63)
	at akka.dispatch.BatchingExecutor$BlockableBatch.$anonfun$run$1(BatchingExecutor.scala:100)
	at scala.runtime.java8.JFunction0$mcV$sp.apply(JFunction0$mcV$sp.java:23)
	at scala.concurrent.BlockContext$.withBlockContext(BlockContext.scala:85)
	at akka.dispatch.BatchingExecutor$BlockableBatch.run(BatchingExecutor.scala:100)
	at akka.dispatch.TaskInvocation.run(AbstractDispatcher.scala:49)
	at akka.dispatch.ForkJoinExecutorConfigurator$AkkaForkJoinTask.exec(ForkJoinExecutorConfigurator.scala:48)
	at java.base/java.util.concurrent.ForkJoinTask.doExec(ForkJoinTask.java:373)
	at java.base/java.util.concurrent.ForkJoinPool$WorkQueue.topLevelExec(ForkJoinPool.java:1182)
	at java.base/java.util.concurrent.ForkJoinPool.scan(ForkJoinPool.java:1655)
	at java.base/java.util.concurrent.ForkJoinPool.runWorker(ForkJoinPool.java:1622)
	at java.base/java.util.concurrent.ForkJoinWorkerThread.run(ForkJoinWorkerThread.java:165)
Caused by: java.net.MalformedURLException: unknown protocol: home
	at java.base/java.net.URL.<init>(URL.java:681)
	at java.base/java.net.URL.<init>(URL.java:569)
	at java.base/java.net.URL.<init>(URL.java:516)
	at controllers.jpro.$anonfun$genURL$1(jpro.scala:365)
	at scala.Function1.$anonfun$andThen$1(Function1.scala:57)
	at play.api.mvc.ActionBuilderImpl.invokeBlock(Action.scala:441)
	at play.api.mvc.ActionBuilderImpl.invokeBlock(Action.scala:439)
	at play.api.mvc.ActionBuilder$$anon$9.apply(Action.scala:379)
	at play.api.mvc.Action.$anonfun$apply$4(Action.scala:82)
	at play.api.libs.streams.StrictAccumulator.$anonfun$mapFuture$4(Accumulator.scala:168)
	at scala.util.Try$.apply(Try.scala:213)
	at play.api.libs.streams.StrictAccumulator.$anonfun$mapFuture$3(Accumulator.scala:168)
	at scala.Function1.$anonfun$andThen$1(Function1.scala:57)
	at scala.Function1.$anonfun$andThen$1(Function1.scala:57)
	at scala.Function1.$anonfun$andThen$1(Function1.scala:57)
	at play.api.libs.streams.StrictAccumulator.run(Accumulator.scala:199)
	at play.core.server.AkkaHttpServer.$anonfun$runAction$4(AkkaHttpServer.scala:417)
	at akka.http.scaladsl.util.FastFuture$.strictTransform$1(FastFuture.scala:41)
	at akka.http.scaladsl.util.FastFuture$.$anonfun$transformWith$3(FastFuture.scala:51)
	... 13 common frames omitted
2026-07-08 17:54:42,873 [ERROR] from com.jpro.JS in JavaFX Application Thread - received msg: Unexpected exception: DLinearGradient((0,0),(0,1),true,DCycle_NO_CYCLE,List((0,RGBA(1,0.37254902720451355,0.37254902720451355,1)), (1,RGBA(0.7764706015586853,0.1568627506494522,0.1568627506494522,1)))) (of class p.Data$DLinearGradient)
2026-07-08 18:00:11,187 [ERROR] from com.jpro.JS in JavaFX Application Thread - received msg: Unexpected exception: DLinearGradient((0,0),(0,1),true,DCycle_NO_CYCLE,List((0,RGBA(1,0.37254902720451355,0.37254902720451355,1)), (1,RGBA(0.7764706015586853,0.1568627506494522,0.1568627506494522,1)))) (of class p.Data$DLinearGradient)
<<<<<<< HEAD
2026-07-09 17:19:25,943 [ERROR] from com.jpro.JS in JavaFX Application Thread - received msg: Unexpected exception: DLinearGradient((0,0),(0,1),true,DCycle_NO_CYCLE,List((0,RGBA(1,0.37254902720451355,0.37254902720451355,1)), (1,RGBA(0.7764706015586853,0.1568627506494522,0.1568627506494522,1)))) (of class p.Data$DLinearGradient)
2026-07-09 17:23:40,808 [ERROR] from com.jpro.JS in JavaFX Application Thread - received msg: Unexpected exception: DLinearGradient((0,0),(0,1),true,DCycle_NO_CYCLE,List((0,RGBA(1,0.37254902720451355,0.37254902720451355,1)), (1,RGBA(0.7764706015586853,0.1568627506494522,0.1568627506494522,1)))) (of class p.Data$DLinearGradient)
2026-07-09 17:28:19,843 [ERROR] from com.jpro.JS in JavaFX Application Thread - received msg: Unexpected exception: DLinearGradient((0,0),(0,1),true,DCycle_NO_CYCLE,List((0,RGBA(1,0.37254902720451355,0.37254902720451355,1)), (1,RGBA(0.7764706015586853,0.1568627506494522,0.1568627506494522,1)))) (of class p.Data$DLinearGradient)
2026-07-09 17:28:47,437 [ERROR] from com.jpro.JS in JavaFX Application Thread - received msg: Unexpected exception: DLinearGradient((0,0),(0,1),true,DCycle_NO_CYCLE,List((0,RGBA(1,0.37254902720451355,0.37254902720451355,1)), (1,RGBA(0.7764706015586853,0.1568627506494522,0.1568627506494522,1)))) (of class p.Data$DLinearGradient)
2026-07-09 17:32:19,661 [ERROR] from com.jpro.JS in JavaFX Application Thread - received msg: Unexpected exception: DLinearGradient((0,0),(0,1),true,DCycle_NO_CYCLE,List((0,RGBA(1,0.37254902720451355,0.37254902720451355,1)), (1,RGBA(0.7764706015586853,0.1568627506494522,0.1568627506494522,1)))) (of class p.Data$DLinearGradient)
2026-07-09 17:32:19,661 [ERROR] from com.jpro.JS in JavaFX Application Thread - received msg: Unexpected exception: DLinearGradient((0,0),(0,1),true,DCycle_NO_CYCLE,List((0,RGBA(1,0.37254902720451355,0.37254902720451355,1)), (1,RGBA(0.7764706015586853,0.1568627506494522,0.1568627506494522,1)))) (of class p.Data$DLinearGradient)
2026-07-09 17:32:45,542 [ERROR] from com.jpro.JS in JavaFX Application Thread - received msg: Unexpected exception: DLinearGradient((0,0),(0,1),true,DCycle_NO_CYCLE,List((0,RGBA(1,0.37254902720451355,0.37254902720451355,1)), (1,RGBA(0.7764706015586853,0.1568627506494522,0.1568627506494522,1)))) (of class p.Data$DLinearGradient)
2026-07-09 17:32:45,544 [ERROR] from com.jpro.JS in JavaFX Application Thread - received msg: Unexpected exception: DLinearGradient((0,0),(0,1),true,DCycle_NO_CYCLE,List((0,RGBA(1,0.37254902720451355,0.37254902720451355,1)), (1,RGBA(0.7764706015586853,0.1568627506494522,0.1568627506494522,1)))) (of class p.Data$DLinearGradient)
2026-07-09 17:35:02,125 [ERROR] from com.jpro.JS in JavaFX Application Thread - received msg: Unexpected exception: DLinearGradient((0,0),(0,1),true,DCycle_NO_CYCLE,List((0,RGBA(1,0.37254902720451355,0.37254902720451355,1)), (1,RGBA(0.7764706015586853,0.1568627506494522,0.1568627506494522,1)))) (of class p.Data$DLinearGradient)
2026-07-09 17:35:02,126 [ERROR] from com.jpro.JS in JavaFX Application Thread - received msg: Unexpected exception: DLinearGradient((0,0),(0,1),true,DCycle_NO_CYCLE,List((0,RGBA(1,0.37254902720451355,0.37254902720451355,1)), (1,RGBA(0.7764706015586853,0.1568627506494522,0.1568627506494522,1)))) (of class p.Data$DLinearGradient)
2026-07-09 17:35:13,373 [ERROR] from com.jpro.JS in JavaFX Application Thread - received msg: Unexpected exception: DLinearGradient((0,0),(0,1),true,DCycle_NO_CYCLE,List((0,RGBA(1,0.37254902720451355,0.37254902720451355,1)), (1,RGBA(0.7764706015586853,0.1568627506494522,0.1568627506494522,1)))) (of class p.Data$DLinearGradient)
2026-07-09 17:35:13,377 [ERROR] from com.jpro.JS in JavaFX Application Thread - received msg: Unexpected exception: DLinearGradient((0,0),(0,1),true,DCycle_NO_CYCLE,List((0,RGBA(1,0.37254902720451355,0.37254902720451355,1)), (1,RGBA(0.7764706015586853,0.1568627506494522,0.1568627506494522,1)))) (of class p.Data$DLinearGradient)
<<<<<<< HEAD
>>>>>>> branch 'jpro' of https://github.com/hayakawa-rai/GameApplication.git
2026-07-09 17:55:47,787 [ERROR] from com.jpro.JS in JavaFX Application Thread - received msg: Unexpected exception: DLinearGradient((0,0),(0,1),true,DCycle_NO_CYCLE,List((0,RGBA(1,0.37254902720451355,0.37254902720451355,1)), (1,RGBA(0.7764706015586853,0.1568627506494522,0.1568627506494522,1)))) (of class p.Data$DLinearGradient)
2026-07-09 17:55:47,791 [ERROR] from com.jpro.JS in JavaFX Application Thread - received msg: Unexpected exception: DLinearGradient((0,0),(0,1),true,DCycle_NO_CYCLE,List((0,RGBA(1,0.37254902720451355,0.37254902720451355,1)), (1,RGBA(0.7764706015586853,0.1568627506494522,0.1568627506494522,1)))) (of class p.Data$DLinearGradient)
2026-07-09 17:55:48,309 [ERROR] from com.jpro.JS in JavaFX Application Thread - received msg: Unexpected exception: DLinearGradient((0,0),(0,1),true,DCycle_NO_CYCLE,List((0,RGBA(1,0.37254902720451355,0.37254902720451355,1)), (1,RGBA(0.7764706015586853,0.1568627506494522,0.1568627506494522,1)))) (of class p.Data$DLinearGradient)
2026-07-09 17:55:48,311 [ERROR] from com.jpro.JS in JavaFX Application Thread - received msg: Unexpected exception: DLinearGradient((0,0),(0,1),true,DCycle_NO_CYCLE,List((0,RGBA(1,0.37254902720451355,0.37254902720451355,1)), (1,RGBA(0.7764706015586853,0.1568627506494522,0.1568627506494522,1)))) (of class p.Data$DLinearGradient)
=======
>>>>>>> branch 'jpro' of https://github.com/hayakawa-rai/GameApplication.git
<<<<<<< HEAD
<<<<<<< HEAD
2026-07-10 13:19:29,275 [ERROR] from com.jpro.JS in JavaFX Application Thread - received msg: Unexpected exception: DLinearGradient((0,0),(0,1),true,DCycle_NO_CYCLE,List((0,RGBA(1,0.37254902720451355,0.37254902720451355,1)), (1,RGBA(0.7764706015586853,0.1568627506494522,0.1568627506494522,1)))) (of class p.Data$DLinearGradient)
2026-07-10 13:19:29,276 [ERROR] from com.jpro.JS in JavaFX Application Thread - received msg: Unexpected exception: DLinearGradient((0,0),(0,1),true,DCycle_NO_CYCLE,List((0,RGBA(1,0.37254902720451355,0.37254902720451355,1)), (1,RGBA(0.7764706015586853,0.1568627506494522,0.1568627506494522,1)))) (of class p.Data$DLinearGradient)
2026-07-10 13:31:49,097 [ERROR] from com.jpro.JS in JavaFX Application Thread - received msg: Unexpected exception: DLinearGradient((0,0),(0,1),true,DCycle_NO_CYCLE,List((0,RGBA(1,0.37254902720451355,0.37254902720451355,1)), (1,RGBA(0.7764706015586853,0.1568627506494522,0.1568627506494522,1)))) (of class p.Data$DLinearGradient)
2026-07-10 13:31:49,106 [ERROR] from com.jpro.JS in JavaFX Application Thread - received msg: Unexpected exception: DLinearGradient((0,0),(0,1),true,DCycle_NO_CYCLE,List((0,RGBA(1,0.37254902720451355,0.37254902720451355,1)), (1,RGBA(0.7764706015586853,0.1568627506494522,0.1568627506494522,1)))) (of class p.Data$DLinearGradient)
=======
2026-07-10 12:01:16,213 [ERROR] from com.jpro.internal.server.Initializer$ in application-akka.actor.default-dispatcher-5 - error while applying configuration Install SecurityManager: 
java.lang.UnsupportedOperationException: The Security Manager is deprecated and will be removed in a future release
	at java.base/java.lang.System.setSecurityManager(System.java:430)
	at com.jpro.internal.server.Initializer$.$anonfun$initialize$7(Initializer.scala:170)
	at com.jpro.internal.server.Initializer$.execute(Initializer.scala:65)
	at com.jpro.internal.server.Initializer$.initialize(Initializer.scala:144)
	at com.jpro.internal.server.Initializer$.init(Initializer.scala:36)
	at controllers.jpro.<init>(jpro.scala:53)
	at controllers.jpro$$FastClassByGuice$$22044477.GUICE$TRAMPOLINE(<generated>)
	at controllers.jpro$$FastClassByGuice$$22044477.apply(<generated>)
	at com.google.inject.internal.DefaultConstructionProxyFactory$FastClassProxy.newInstance(DefaultConstructionProxyFactory.java:82)
	at com.google.inject.internal.ConstructorInjector.provision(ConstructorInjector.java:114)
	at com.google.inject.internal.ConstructorInjector.construct(ConstructorInjector.java:91)
	at com.google.inject.internal.ConstructorBindingImpl$Factory.get(ConstructorBindingImpl.java:296)
	at com.google.inject.internal.SingleParameterInjector.inject(SingleParameterInjector.java:40)
	at com.google.inject.internal.SingleParameterInjector.getAll(SingleParameterInjector.java:60)
	at com.google.inject.internal.ConstructorInjector.provision(ConstructorInjector.java:113)
	at com.google.inject.internal.ConstructorInjector.construct(ConstructorInjector.java:91)
	at com.google.inject.internal.ConstructorBindingImpl$Factory.get(ConstructorBindingImpl.java:296)
	at com.google.inject.internal.SingleParameterInjector.inject(SingleParameterInjector.java:40)
	at com.google.inject.internal.SingleParameterInjector.getAll(SingleParameterInjector.java:60)
	at com.google.inject.internal.ConstructorInjector.provision(ConstructorInjector.java:113)
	at com.google.inject.internal.ConstructorInjector.construct(ConstructorInjector.java:91)
	at com.google.inject.internal.ConstructorBindingImpl$Factory.get(ConstructorBindingImpl.java:296)
	at com.google.inject.internal.InjectorImpl$1.get(InjectorImpl.java:1100)
	at com.google.inject.internal.InjectorImpl.getInstance(InjectorImpl.java:1138)
	at play.api.inject.guice.GuiceInjector.instanceOf(GuiceInjectorBuilder.scala:436)
	at play.api.inject.ContextClassLoaderInjector.$anonfun$instanceOf$3(Injector.scala:120)
	at play.api.inject.ContextClassLoaderInjector.withContext(Injector.scala:128)
	at play.api.inject.ContextClassLoaderInjector.instanceOf(Injector.scala:120)
	at play.api.inject.RoutesProvider.$anonfun$get$2(BuiltinModule.scala:121)
	at scala.Option.fold(Option.scala:251)
	at play.api.inject.RoutesProvider.get$lzycompute(BuiltinModule.scala:121)
	at play.api.inject.RoutesProvider.get(BuiltinModule.scala:116)
	at play.api.inject.RoutesProvider.get(BuiltinModule.scala:110)
	at com.google.inject.internal.ProviderInternalFactory.provision(ProviderInternalFactory.java:86)
	at com.google.inject.internal.BoundProviderFactory.provision(BoundProviderFactory.java:72)
	at com.google.inject.internal.ProviderInternalFactory.circularGet(ProviderInternalFactory.java:60)
	at com.google.inject.internal.BoundProviderFactory.get(BoundProviderFactory.java:59)
	at com.google.inject.internal.InjectorImpl$1.get(InjectorImpl.java:1100)
	at play.api.http.DefaultHttpRequestHandler.routeRequest(HttpRequestHandler.scala:289)
	at play.api.http.JavaCompatibleHttpRequestHandler.routeRequest(HttpRequestHandler.scala:396)
	at play.api.http.DefaultHttpRequestHandler.routeWithFallback$1(HttpRequestHandler.scala:187)
	at play.api.http.DefaultHttpRequestHandler.handlerForRequest(HttpRequestHandler.scala:237)
	at play.core.server.Server$.getHandlerFor(Server.scala:126)
	at play.core.server.AkkaHttpServer.handleRequest(AkkaHttpServer.scala:317)
	at play.core.server.AkkaHttpServer.$anonfun$createServerBinding$1(AkkaHttpServer.scala:224)
	at akka.http.scaladsl.Http2Ext.$anonfun$handleUpgradeRequests$1(Http2.scala:145)
	at akka.stream.impl.fusing.MapAsync$$anon$30.onPush(Ops.scala:1307)
	at akka.stream.impl.fusing.GraphInterpreter.processPush(GraphInterpreter.scala:542)
	at akka.stream.impl.fusing.GraphInterpreter.execute(GraphInterpreter.scala:423)
	at akka.stream.impl.fusing.GraphInterpreterShell.runBatch(ActorGraphInterpreter.scala:650)
	at akka.stream.impl.fusing.ActorGraphInterpreter$SimpleBoundaryEvent.execute(ActorGraphInterpreter.scala:61)
	at akka.stream.impl.fusing.ActorGraphInterpreter$SimpleBoundaryEvent.execute$(ActorGraphInterpreter.scala:57)
	at akka.stream.impl.fusing.ActorGraphInterpreter$BatchingActorInputBoundary$OnNext.execute(ActorGraphInterpreter.scala:104)
	at akka.stream.impl.fusing.GraphInterpreterShell.processEvent(ActorGraphInterpreter.scala:625)
	at akka.stream.impl.fusing.ActorGraphInterpreter.akka$stream$impl$fusing$ActorGraphInterpreter$$processEvent(ActorGraphInterpreter.scala:800)
	at akka.stream.impl.fusing.ActorGraphInterpreter$$anonfun$receive$1.applyOrElse(ActorGraphInterpreter.scala:818)
	at akka.actor.Actor.aroundReceive(Actor.scala:537)
	at akka.actor.Actor.aroundReceive$(Actor.scala:535)
	at akka.stream.impl.fusing.ActorGraphInterpreter.aroundReceive(ActorGraphInterpreter.scala:716)
	at akka.actor.ActorCell.receiveMessage(ActorCell.scala:580)
	at akka.actor.ActorCell.invoke(ActorCell.scala:548)
	at akka.dispatch.Mailbox.processMailbox(Mailbox.scala:270)
	at akka.dispatch.Mailbox.run(Mailbox.scala:231)
	at akka.dispatch.Mailbox.exec(Mailbox.scala:243)
	at java.base/java.util.concurrent.ForkJoinTask.doExec(ForkJoinTask.java:387)
	at java.base/java.util.concurrent.ForkJoinPool$WorkQueue.topLevelExec(ForkJoinPool.java:1312)
	at java.base/java.util.concurrent.ForkJoinPool.scan(ForkJoinPool.java:1843)
	at java.base/java.util.concurrent.ForkJoinPool.runWorker(ForkJoinPool.java:1808)
	at java.base/java.util.concurrent.ForkJoinWorkerThread.run(ForkJoinWorkerThread.java:188)
<<<<<<< HEAD
=======
>>>>>>> branch 'master' of https://github.com/hayakawa-rai/GameApplication.git
2026-07-10 13:57:19,130 [ERROR] from com.jpro.internal.server.Initializer$ in application-akka.actor.default-dispatcher-9 - error while applying configuration Install SecurityManager: 
java.lang.UnsupportedOperationException: The Security Manager is deprecated and will be removed in a future release
	at java.base/java.lang.System.setSecurityManager(System.java:430)
	at com.jpro.internal.server.Initializer$.$anonfun$initialize$7(Initializer.scala:170)
	at com.jpro.internal.server.Initializer$.execute(Initializer.scala:65)
	at com.jpro.internal.server.Initializer$.initialize(Initializer.scala:144)
	at com.jpro.internal.server.Initializer$.init(Initializer.scala:36)
	at controllers.jpro.<init>(jpro.scala:53)
	at controllers.jpro$$FastClassByGuice$$19277944.GUICE$TRAMPOLINE(<generated>)
	at controllers.jpro$$FastClassByGuice$$19277944.apply(<generated>)
	at com.google.inject.internal.DefaultConstructionProxyFactory$FastClassProxy.newInstance(DefaultConstructionProxyFactory.java:82)
	at com.google.inject.internal.ConstructorInjector.provision(ConstructorInjector.java:114)
	at com.google.inject.internal.ConstructorInjector.construct(ConstructorInjector.java:91)
	at com.google.inject.internal.ConstructorBindingImpl$Factory.get(ConstructorBindingImpl.java:296)
	at com.google.inject.internal.SingleParameterInjector.inject(SingleParameterInjector.java:40)
	at com.google.inject.internal.SingleParameterInjector.getAll(SingleParameterInjector.java:60)
	at com.google.inject.internal.ConstructorInjector.provision(ConstructorInjector.java:113)
	at com.google.inject.internal.ConstructorInjector.construct(ConstructorInjector.java:91)
	at com.google.inject.internal.ConstructorBindingImpl$Factory.get(ConstructorBindingImpl.java:296)
	at com.google.inject.internal.SingleParameterInjector.inject(SingleParameterInjector.java:40)
	at com.google.inject.internal.SingleParameterInjector.getAll(SingleParameterInjector.java:60)
	at com.google.inject.internal.ConstructorInjector.provision(ConstructorInjector.java:113)
	at com.google.inject.internal.ConstructorInjector.construct(ConstructorInjector.java:91)
	at com.google.inject.internal.ConstructorBindingImpl$Factory.get(ConstructorBindingImpl.java:296)
	at com.google.inject.internal.InjectorImpl$1.get(InjectorImpl.java:1100)
	at com.google.inject.internal.InjectorImpl.getInstance(InjectorImpl.java:1138)
	at play.api.inject.guice.GuiceInjector.instanceOf(GuiceInjectorBuilder.scala:436)
	at play.api.inject.ContextClassLoaderInjector.$anonfun$instanceOf$3(Injector.scala:120)
	at play.api.inject.ContextClassLoaderInjector.withContext(Injector.scala:128)
	at play.api.inject.ContextClassLoaderInjector.instanceOf(Injector.scala:120)
	at play.api.inject.RoutesProvider.$anonfun$get$2(BuiltinModule.scala:121)
	at scala.Option.fold(Option.scala:251)
	at play.api.inject.RoutesProvider.get$lzycompute(BuiltinModule.scala:121)
	at play.api.inject.RoutesProvider.get(BuiltinModule.scala:116)
	at play.api.inject.RoutesProvider.get(BuiltinModule.scala:110)
	at com.google.inject.internal.ProviderInternalFactory.provision(ProviderInternalFactory.java:86)
	at com.google.inject.internal.BoundProviderFactory.provision(BoundProviderFactory.java:72)
	at com.google.inject.internal.ProviderInternalFactory.circularGet(ProviderInternalFactory.java:60)
	at com.google.inject.internal.BoundProviderFactory.get(BoundProviderFactory.java:59)
	at com.google.inject.internal.InjectorImpl$1.get(InjectorImpl.java:1100)
	at play.api.http.DefaultHttpRequestHandler.routeRequest(HttpRequestHandler.scala:289)
	at play.api.http.JavaCompatibleHttpRequestHandler.routeRequest(HttpRequestHandler.scala:396)
	at play.api.http.DefaultHttpRequestHandler.routeWithFallback$1(HttpRequestHandler.scala:187)
	at play.api.http.DefaultHttpRequestHandler.handlerForRequest(HttpRequestHandler.scala:237)
	at play.core.server.Server$.getHandlerFor(Server.scala:126)
	at play.core.server.AkkaHttpServer.handleRequest(AkkaHttpServer.scala:317)
	at play.core.server.AkkaHttpServer.$anonfun$createServerBinding$1(AkkaHttpServer.scala:224)
	at akka.http.scaladsl.Http2Ext.$anonfun$handleUpgradeRequests$1(Http2.scala:145)
	at akka.stream.impl.fusing.MapAsync$$anon$30.onPush(Ops.scala:1307)
	at akka.stream.impl.fusing.GraphInterpreter.processPush(GraphInterpreter.scala:542)
	at akka.stream.impl.fusing.GraphInterpreter.execute(GraphInterpreter.scala:423)
	at akka.stream.impl.fusing.GraphInterpreterShell.runBatch(ActorGraphInterpreter.scala:650)
	at akka.stream.impl.fusing.ActorGraphInterpreter$SimpleBoundaryEvent.execute(ActorGraphInterpreter.scala:61)
	at akka.stream.impl.fusing.ActorGraphInterpreter$SimpleBoundaryEvent.execute$(ActorGraphInterpreter.scala:57)
	at akka.stream.impl.fusing.ActorGraphInterpreter$BatchingActorInputBoundary$OnNext.execute(ActorGraphInterpreter.scala:104)
	at akka.stream.impl.fusing.GraphInterpreterShell.processEvent(ActorGraphInterpreter.scala:625)
	at akka.stream.impl.fusing.ActorGraphInterpreter.akka$stream$impl$fusing$ActorGraphInterpreter$$processEvent(ActorGraphInterpreter.scala:800)
	at akka.stream.impl.fusing.ActorGraphInterpreter$$anonfun$receive$1.applyOrElse(ActorGraphInterpreter.scala:818)
	at akka.actor.Actor.aroundReceive(Actor.scala:537)
	at akka.actor.Actor.aroundReceive$(Actor.scala:535)
	at akka.stream.impl.fusing.ActorGraphInterpreter.aroundReceive(ActorGraphInterpreter.scala:716)
	at akka.actor.ActorCell.receiveMessage(ActorCell.scala:580)
	at akka.actor.ActorCell.invoke(ActorCell.scala:548)
	at akka.dispatch.Mailbox.processMailbox(Mailbox.scala:270)
	at akka.dispatch.Mailbox.run(Mailbox.scala:231)
	at akka.dispatch.Mailbox.exec(Mailbox.scala:243)
	at java.base/java.util.concurrent.ForkJoinTask.doExec(ForkJoinTask.java:387)
	at java.base/java.util.concurrent.ForkJoinPool$WorkQueue.topLevelExec(ForkJoinPool.java:1312)
	at java.base/java.util.concurrent.ForkJoinPool.scan(ForkJoinPool.java:1843)
	at java.base/java.util.concurrent.ForkJoinPool.runWorker(ForkJoinPool.java:1808)
	at java.base/java.util.concurrent.ForkJoinWorkerThread.run(ForkJoinWorkerThread.java:188)
=======
>>>>>>> branch 'jpro' of https://github.com/hayakawa-rai/GameApplication.git
<<<<<<< HEAD
2026-07-10 14:22:07,725 [ERROR] from com.jpro.JS in JavaFX Application Thread - received msg: Unexpected exception: DLinearGradient((0,0),(0,1),true,DCycle_NO_CYCLE,List((0,RGBA(1,0.37254902720451355,0.37254902720451355,1)), (1,RGBA(0.7764706015586853,0.1568627506494522,0.1568627506494522,1)))) (of class p.Data$DLinearGradient)
2026-07-10 14:22:07,726 [ERROR] from com.jpro.JS in JavaFX Application Thread - received msg: Unexpected exception: DLinearGradient((0,0),(0,1),true,DCycle_NO_CYCLE,List((0,RGBA(1,0.37254902720451355,0.37254902720451355,1)), (1,RGBA(0.7764706015586853,0.1568627506494522,0.1568627506494522,1)))) (of class p.Data$DLinearGradient)
2026-07-10 14:24:25,830 [ERROR] from com.jpro.JS in JavaFX Application Thread - received msg: Unexpected exception: DLinearGradient((0,0),(0,1),true,DCycle_NO_CYCLE,List((0,RGBA(1,0.37254902720451355,0.37254902720451355,1)), (1,RGBA(0.7764706015586853,0.1568627506494522,0.1568627506494522,1)))) (of class p.Data$DLinearGradient)
2026-07-10 14:24:25,832 [ERROR] from com.jpro.JS in JavaFX Application Thread - received msg: Unexpected exception: DLinearGradient((0,0),(0,1),true,DCycle_NO_CYCLE,List((0,RGBA(1,0.37254902720451355,0.37254902720451355,1)), (1,RGBA(0.7764706015586853,0.1568627506494522,0.1568627506494522,1)))) (of class p.Data$DLinearGradient)
=======
>>>>>>> branch 'jpro' of https://github.com/hayakawa-rai/GameApplication.git
2026-07-10 14:02:06,124 [ERROR] from com.jpro.internal.server.Initializer$ in application-akka.actor.default-dispatcher-8 - error while applying configuration Install SecurityManager: 
java.lang.UnsupportedOperationException: The Security Manager is deprecated and will be removed in a future release
	at java.base/java.lang.System.setSecurityManager(System.java:430)
	at com.jpro.internal.server.Initializer$.$anonfun$initialize$7(Initializer.scala:170)
	at com.jpro.internal.server.Initializer$.execute(Initializer.scala:65)
	at com.jpro.internal.server.Initializer$.initialize(Initializer.scala:144)
	at com.jpro.internal.server.Initializer$.init(Initializer.scala:36)
	at controllers.jpro.<init>(jpro.scala:53)
	at controllers.jpro$$FastClassByGuice$$22044477.GUICE$TRAMPOLINE(<generated>)
	at controllers.jpro$$FastClassByGuice$$22044477.apply(<generated>)
	at com.google.inject.internal.DefaultConstructionProxyFactory$FastClassProxy.newInstance(DefaultConstructionProxyFactory.java:82)
	at com.google.inject.internal.ConstructorInjector.provision(ConstructorInjector.java:114)
	at com.google.inject.internal.ConstructorInjector.construct(ConstructorInjector.java:91)
	at com.google.inject.internal.ConstructorBindingImpl$Factory.get(ConstructorBindingImpl.java:296)
	at com.google.inject.internal.SingleParameterInjector.inject(SingleParameterInjector.java:40)
	at com.google.inject.internal.SingleParameterInjector.getAll(SingleParameterInjector.java:60)
	at com.google.inject.internal.ConstructorInjector.provision(ConstructorInjector.java:113)
	at com.google.inject.internal.ConstructorInjector.construct(ConstructorInjector.java:91)
	at com.google.inject.internal.ConstructorBindingImpl$Factory.get(ConstructorBindingImpl.java:296)
	at com.google.inject.internal.SingleParameterInjector.inject(SingleParameterInjector.java:40)
	at com.google.inject.internal.SingleParameterInjector.getAll(SingleParameterInjector.java:60)
	at com.google.inject.internal.ConstructorInjector.provision(ConstructorInjector.java:113)
	at com.google.inject.internal.ConstructorInjector.construct(ConstructorInjector.java:91)
	at com.google.inject.internal.ConstructorBindingImpl$Factory.get(ConstructorBindingImpl.java:296)
	at com.google.inject.internal.InjectorImpl$1.get(InjectorImpl.java:1100)
	at com.google.inject.internal.InjectorImpl.getInstance(InjectorImpl.java:1138)
	at play.api.inject.guice.GuiceInjector.instanceOf(GuiceInjectorBuilder.scala:436)
	at play.api.inject.ContextClassLoaderInjector.$anonfun$instanceOf$3(Injector.scala:120)
	at play.api.inject.ContextClassLoaderInjector.withContext(Injector.scala:128)
	at play.api.inject.ContextClassLoaderInjector.instanceOf(Injector.scala:120)
	at play.api.inject.RoutesProvider.$anonfun$get$2(BuiltinModule.scala:121)
	at scala.Option.fold(Option.scala:251)
	at play.api.inject.RoutesProvider.get$lzycompute(BuiltinModule.scala:121)
	at play.api.inject.RoutesProvider.get(BuiltinModule.scala:116)
	at play.api.inject.RoutesProvider.get(BuiltinModule.scala:110)
	at com.google.inject.internal.ProviderInternalFactory.provision(ProviderInternalFactory.java:86)
	at com.google.inject.internal.BoundProviderFactory.provision(BoundProviderFactory.java:72)
	at com.google.inject.internal.ProviderInternalFactory.circularGet(ProviderInternalFactory.java:60)
	at com.google.inject.internal.BoundProviderFactory.get(BoundProviderFactory.java:59)
	at com.google.inject.internal.InjectorImpl$1.get(InjectorImpl.java:1100)
	at play.api.http.DefaultHttpRequestHandler.routeRequest(HttpRequestHandler.scala:289)
	at play.api.http.JavaCompatibleHttpRequestHandler.routeRequest(HttpRequestHandler.scala:396)
	at play.api.http.DefaultHttpRequestHandler.routeWithFallback$1(HttpRequestHandler.scala:187)
	at play.api.http.DefaultHttpRequestHandler.handlerForRequest(HttpRequestHandler.scala:237)
	at play.core.server.Server$.getHandlerFor(Server.scala:126)
	at play.core.server.AkkaHttpServer.handleRequest(AkkaHttpServer.scala:317)
	at play.core.server.AkkaHttpServer.$anonfun$createServerBinding$1(AkkaHttpServer.scala:224)
	at akka.http.scaladsl.Http2Ext.$anonfun$handleUpgradeRequests$1(Http2.scala:145)
	at akka.stream.impl.fusing.MapAsync$$anon$30.onPush(Ops.scala:1307)
	at akka.stream.impl.fusing.GraphInterpreter.processPush(GraphInterpreter.scala:542)
	at akka.stream.impl.fusing.GraphInterpreter.execute(GraphInterpreter.scala:423)
	at akka.stream.impl.fusing.GraphInterpreterShell.runBatch(ActorGraphInterpreter.scala:650)
	at akka.stream.impl.fusing.ActorGraphInterpreter$SimpleBoundaryEvent.execute(ActorGraphInterpreter.scala:61)
	at akka.stream.impl.fusing.ActorGraphInterpreter$SimpleBoundaryEvent.execute$(ActorGraphInterpreter.scala:57)
	at akka.stream.impl.fusing.ActorGraphInterpreter$BatchingActorInputBoundary$OnNext.execute(ActorGraphInterpreter.scala:104)
	at akka.stream.impl.fusing.GraphInterpreterShell.processEvent(ActorGraphInterpreter.scala:625)
	at akka.stream.impl.fusing.ActorGraphInterpreter.akka$stream$impl$fusing$ActorGraphInterpreter$$processEvent(ActorGraphInterpreter.scala:800)
	at akka.stream.impl.fusing.ActorGraphInterpreter$$anonfun$receive$1.applyOrElse(ActorGraphInterpreter.scala:818)
	at akka.actor.Actor.aroundReceive(Actor.scala:537)
	at akka.actor.Actor.aroundReceive$(Actor.scala:535)
	at akka.stream.impl.fusing.ActorGraphInterpreter.aroundReceive(ActorGraphInterpreter.scala:716)
	at akka.actor.ActorCell.receiveMessage(ActorCell.scala:580)
	at akka.actor.ActorCell.invoke(ActorCell.scala:548)
	at akka.dispatch.Mailbox.processMailbox(Mailbox.scala:270)
	at akka.dispatch.Mailbox.run(Mailbox.scala:231)
	at akka.dispatch.Mailbox.exec(Mailbox.scala:243)
	at java.base/java.util.concurrent.ForkJoinTask.doExec(ForkJoinTask.java:387)
	at java.base/java.util.concurrent.ForkJoinPool$WorkQueue.topLevelExec(ForkJoinPool.java:1312)
	at java.base/java.util.concurrent.ForkJoinPool.scan(ForkJoinPool.java:1843)
	at java.base/java.util.concurrent.ForkJoinPool.runWorker(ForkJoinPool.java:1808)
	at java.base/java.util.concurrent.ForkJoinWorkerThread.run(ForkJoinWorkerThread.java:188)
2026-07-10 14:11:59,315 [ERROR] from com.jpro.internal.server.Initializer$ in application-akka.actor.default-dispatcher-5 - error while applying configuration Install SecurityManager: 
java.lang.UnsupportedOperationException: The Security Manager is deprecated and will be removed in a future release
	at java.base/java.lang.System.setSecurityManager(System.java:430)
	at com.jpro.internal.server.Initializer$.$anonfun$initialize$7(Initializer.scala:170)
	at com.jpro.internal.server.Initializer$.execute(Initializer.scala:65)
	at com.jpro.internal.server.Initializer$.initialize(Initializer.scala:144)
	at com.jpro.internal.server.Initializer$.init(Initializer.scala:36)
	at controllers.jpro.<init>(jpro.scala:53)
	at controllers.jpro$$FastClassByGuice$$22044477.GUICE$TRAMPOLINE(<generated>)
	at controllers.jpro$$FastClassByGuice$$22044477.apply(<generated>)
	at com.google.inject.internal.DefaultConstructionProxyFactory$FastClassProxy.newInstance(DefaultConstructionProxyFactory.java:82)
	at com.google.inject.internal.ConstructorInjector.provision(ConstructorInjector.java:114)
	at com.google.inject.internal.ConstructorInjector.construct(ConstructorInjector.java:91)
	at com.google.inject.internal.ConstructorBindingImpl$Factory.get(ConstructorBindingImpl.java:296)
	at com.google.inject.internal.SingleParameterInjector.inject(SingleParameterInjector.java:40)
	at com.google.inject.internal.SingleParameterInjector.getAll(SingleParameterInjector.java:60)
	at com.google.inject.internal.ConstructorInjector.provision(ConstructorInjector.java:113)
	at com.google.inject.internal.ConstructorInjector.construct(ConstructorInjector.java:91)
	at com.google.inject.internal.ConstructorBindingImpl$Factory.get(ConstructorBindingImpl.java:296)
	at com.google.inject.internal.SingleParameterInjector.inject(SingleParameterInjector.java:40)
	at com.google.inject.internal.SingleParameterInjector.getAll(SingleParameterInjector.java:60)
	at com.google.inject.internal.ConstructorInjector.provision(ConstructorInjector.java:113)
	at com.google.inject.internal.ConstructorInjector.construct(ConstructorInjector.java:91)
	at com.google.inject.internal.ConstructorBindingImpl$Factory.get(ConstructorBindingImpl.java:296)
	at com.google.inject.internal.InjectorImpl$1.get(InjectorImpl.java:1100)
	at com.google.inject.internal.InjectorImpl.getInstance(InjectorImpl.java:1138)
	at play.api.inject.guice.GuiceInjector.instanceOf(GuiceInjectorBuilder.scala:436)
	at play.api.inject.ContextClassLoaderInjector.$anonfun$instanceOf$3(Injector.scala:120)
	at play.api.inject.ContextClassLoaderInjector.withContext(Injector.scala:128)
	at play.api.inject.ContextClassLoaderInjector.instanceOf(Injector.scala:120)
	at play.api.inject.RoutesProvider.$anonfun$get$2(BuiltinModule.scala:121)
	at scala.Option.fold(Option.scala:251)
	at play.api.inject.RoutesProvider.get$lzycompute(BuiltinModule.scala:121)
	at play.api.inject.RoutesProvider.get(BuiltinModule.scala:116)
	at play.api.inject.RoutesProvider.get(BuiltinModule.scala:110)
	at com.google.inject.internal.ProviderInternalFactory.provision(ProviderInternalFactory.java:86)
	at com.google.inject.internal.BoundProviderFactory.provision(BoundProviderFactory.java:72)
	at com.google.inject.internal.ProviderInternalFactory.circularGet(ProviderInternalFactory.java:60)
	at com.google.inject.internal.BoundProviderFactory.get(BoundProviderFactory.java:59)
	at com.google.inject.internal.InjectorImpl$1.get(InjectorImpl.java:1100)
	at play.api.http.DefaultHttpRequestHandler.routeRequest(HttpRequestHandler.scala:289)
	at play.api.http.JavaCompatibleHttpRequestHandler.routeRequest(HttpRequestHandler.scala:396)
	at play.api.http.DefaultHttpRequestHandler.routeWithFallback$1(HttpRequestHandler.scala:187)
	at play.api.http.DefaultHttpRequestHandler.handlerForRequest(HttpRequestHandler.scala:237)
	at play.core.server.Server$.getHandlerFor(Server.scala:126)
	at play.core.server.AkkaHttpServer.handleRequest(AkkaHttpServer.scala:317)
	at play.core.server.AkkaHttpServer.$anonfun$createServerBinding$1(AkkaHttpServer.scala:224)
	at akka.http.scaladsl.Http2Ext.$anonfun$handleUpgradeRequests$1(Http2.scala:145)
	at akka.stream.impl.fusing.MapAsync$$anon$30.onPush(Ops.scala:1307)
	at akka.stream.impl.fusing.GraphInterpreter.processPush(GraphInterpreter.scala:542)
	at akka.stream.impl.fusing.GraphInterpreter.execute(GraphInterpreter.scala:423)
	at akka.stream.impl.fusing.GraphInterpreterShell.runBatch(ActorGraphInterpreter.scala:650)
	at akka.stream.impl.fusing.ActorGraphInterpreter$SimpleBoundaryEvent.execute(ActorGraphInterpreter.scala:61)
	at akka.stream.impl.fusing.ActorGraphInterpreter$SimpleBoundaryEvent.execute$(ActorGraphInterpreter.scala:57)
	at akka.stream.impl.fusing.ActorGraphInterpreter$BatchingActorInputBoundary$OnNext.execute(ActorGraphInterpreter.scala:104)
	at akka.stream.impl.fusing.GraphInterpreterShell.processEvent(ActorGraphInterpreter.scala:625)
	at akka.stream.impl.fusing.ActorGraphInterpreter.akka$stream$impl$fusing$ActorGraphInterpreter$$processEvent(ActorGraphInterpreter.scala:800)
	at akka.stream.impl.fusing.ActorGraphInterpreter$$anonfun$receive$1.applyOrElse(ActorGraphInterpreter.scala:818)
	at akka.actor.Actor.aroundReceive(Actor.scala:537)
	at akka.actor.Actor.aroundReceive$(Actor.scala:535)
	at akka.stream.impl.fusing.ActorGraphInterpreter.aroundReceive(ActorGraphInterpreter.scala:716)
	at akka.actor.ActorCell.receiveMessage(ActorCell.scala:580)
	at akka.actor.ActorCell.invoke(ActorCell.scala:548)
	at akka.dispatch.Mailbox.processMailbox(Mailbox.scala:270)
	at akka.dispatch.Mailbox.run(Mailbox.scala:231)
	at akka.dispatch.Mailbox.exec(Mailbox.scala:243)
	at java.base/java.util.concurrent.ForkJoinTask.doExec(ForkJoinTask.java:387)
	at java.base/java.util.concurrent.ForkJoinPool$WorkQueue.topLevelExec(ForkJoinPool.java:1312)
	at java.base/java.util.concurrent.ForkJoinPool.scan(ForkJoinPool.java:1843)
	at java.base/java.util.concurrent.ForkJoinPool.runWorker(ForkJoinPool.java:1808)
	at java.base/java.util.concurrent.ForkJoinWorkerThread.run(ForkJoinWorkerThread.java:188)
2026-07-10 14:15:36,653 [ERROR] from com.jpro.internal.server.Initializer$ in application-akka.actor.default-dispatcher-8 - error while applying configuration Install SecurityManager: 
java.lang.UnsupportedOperationException: The Security Manager is deprecated and will be removed in a future release
	at java.base/java.lang.System.setSecurityManager(System.java:430)
	at com.jpro.internal.server.Initializer$.$anonfun$initialize$7(Initializer.scala:170)
	at com.jpro.internal.server.Initializer$.execute(Initializer.scala:65)
	at com.jpro.internal.server.Initializer$.initialize(Initializer.scala:144)
	at com.jpro.internal.server.Initializer$.init(Initializer.scala:36)
	at controllers.jpro.<init>(jpro.scala:53)
	at controllers.jpro$$FastClassByGuice$$19277944.GUICE$TRAMPOLINE(<generated>)
	at controllers.jpro$$FastClassByGuice$$19277944.apply(<generated>)
	at com.google.inject.internal.DefaultConstructionProxyFactory$FastClassProxy.newInstance(DefaultConstructionProxyFactory.java:82)
	at com.google.inject.internal.ConstructorInjector.provision(ConstructorInjector.java:114)
	at com.google.inject.internal.ConstructorInjector.construct(ConstructorInjector.java:91)
	at com.google.inject.internal.ConstructorBindingImpl$Factory.get(ConstructorBindingImpl.java:296)
	at com.google.inject.internal.SingleParameterInjector.inject(SingleParameterInjector.java:40)
	at com.google.inject.internal.SingleParameterInjector.getAll(SingleParameterInjector.java:60)
	at com.google.inject.internal.ConstructorInjector.provision(ConstructorInjector.java:113)
	at com.google.inject.internal.ConstructorInjector.construct(ConstructorInjector.java:91)
	at com.google.inject.internal.ConstructorBindingImpl$Factory.get(ConstructorBindingImpl.java:296)
	at com.google.inject.internal.SingleParameterInjector.inject(SingleParameterInjector.java:40)
	at com.google.inject.internal.SingleParameterInjector.getAll(SingleParameterInjector.java:60)
	at com.google.inject.internal.ConstructorInjector.provision(ConstructorInjector.java:113)
	at com.google.inject.internal.ConstructorInjector.construct(ConstructorInjector.java:91)
	at com.google.inject.internal.ConstructorBindingImpl$Factory.get(ConstructorBindingImpl.java:296)
	at com.google.inject.internal.InjectorImpl$1.get(InjectorImpl.java:1100)
	at com.google.inject.internal.InjectorImpl.getInstance(InjectorImpl.java:1138)
	at play.api.inject.guice.GuiceInjector.instanceOf(GuiceInjectorBuilder.scala:436)
	at play.api.inject.ContextClassLoaderInjector.$anonfun$instanceOf$3(Injector.scala:120)
	at play.api.inject.ContextClassLoaderInjector.withContext(Injector.scala:128)
	at play.api.inject.ContextClassLoaderInjector.instanceOf(Injector.scala:120)
	at play.api.inject.RoutesProvider.$anonfun$get$2(BuiltinModule.scala:121)
	at scala.Option.fold(Option.scala:251)
	at play.api.inject.RoutesProvider.get$lzycompute(BuiltinModule.scala:121)
	at play.api.inject.RoutesProvider.get(BuiltinModule.scala:116)
	at play.api.inject.RoutesProvider.get(BuiltinModule.scala:110)
	at com.google.inject.internal.ProviderInternalFactory.provision(ProviderInternalFactory.java:86)
	at com.google.inject.internal.BoundProviderFactory.provision(BoundProviderFactory.java:72)
	at com.google.inject.internal.ProviderInternalFactory.circularGet(ProviderInternalFactory.java:60)
	at com.google.inject.internal.BoundProviderFactory.get(BoundProviderFactory.java:59)
	at com.google.inject.internal.InjectorImpl$1.get(InjectorImpl.java:1100)
	at play.api.http.DefaultHttpRequestHandler.routeRequest(HttpRequestHandler.scala:289)
	at play.api.http.JavaCompatibleHttpRequestHandler.routeRequest(HttpRequestHandler.scala:396)
	at play.api.http.DefaultHttpRequestHandler.routeWithFallback$1(HttpRequestHandler.scala:187)
	at play.api.http.DefaultHttpRequestHandler.handlerForRequest(HttpRequestHandler.scala:237)
	at play.core.server.Server$.getHandlerFor(Server.scala:126)
	at play.core.server.AkkaHttpServer.handleRequest(AkkaHttpServer.scala:317)
	at play.core.server.AkkaHttpServer.$anonfun$createServerBinding$1(AkkaHttpServer.scala:224)
	at akka.http.scaladsl.Http2Ext.$anonfun$handleUpgradeRequests$1(Http2.scala:145)
	at akka.stream.impl.fusing.MapAsync$$anon$30.onPush(Ops.scala:1307)
	at akka.stream.impl.fusing.GraphInterpreter.processPush(GraphInterpreter.scala:542)
	at akka.stream.impl.fusing.GraphInterpreter.execute(GraphInterpreter.scala:423)
	at akka.stream.impl.fusing.GraphInterpreterShell.runBatch(ActorGraphInterpreter.scala:650)
	at akka.stream.impl.fusing.ActorGraphInterpreter$SimpleBoundaryEvent.execute(ActorGraphInterpreter.scala:61)
	at akka.stream.impl.fusing.ActorGraphInterpreter$SimpleBoundaryEvent.execute$(ActorGraphInterpreter.scala:57)
	at akka.stream.impl.fusing.ActorGraphInterpreter$BatchingActorInputBoundary$OnNext.execute(ActorGraphInterpreter.scala:104)
	at akka.stream.impl.fusing.GraphInterpreterShell.processEvent(ActorGraphInterpreter.scala:625)
	at akka.stream.impl.fusing.ActorGraphInterpreter.akka$stream$impl$fusing$ActorGraphInterpreter$$processEvent(ActorGraphInterpreter.scala:800)
	at akka.stream.impl.fusing.ActorGraphInterpreter$$anonfun$receive$1.applyOrElse(ActorGraphInterpreter.scala:818)
	at akka.actor.Actor.aroundReceive(Actor.scala:537)
	at akka.actor.Actor.aroundReceive$(Actor.scala:535)
	at akka.stream.impl.fusing.ActorGraphInterpreter.aroundReceive(ActorGraphInterpreter.scala:716)
	at akka.actor.ActorCell.receiveMessage(ActorCell.scala:580)
	at akka.actor.ActorCell.invoke(ActorCell.scala:548)
	at akka.dispatch.Mailbox.processMailbox(Mailbox.scala:270)
	at akka.dispatch.Mailbox.run(Mailbox.scala:231)
	at akka.dispatch.Mailbox.exec(Mailbox.scala:243)
	at java.base/java.util.concurrent.ForkJoinTask.doExec(ForkJoinTask.java:387)
	at java.base/java.util.concurrent.ForkJoinPool$WorkQueue.topLevelExec(ForkJoinPool.java:1312)
	at java.base/java.util.concurrent.ForkJoinPool.scan(ForkJoinPool.java:1843)
	at java.base/java.util.concurrent.ForkJoinPool.runWorker(ForkJoinPool.java:1808)
	at java.base/java.util.concurrent.ForkJoinWorkerThread.run(ForkJoinWorkerThread.java:188)
2026-07-10 14:26:02,474 [ERROR] from com.jpro.internal.server.Initializer$ in application-akka.actor.default-dispatcher-5 - error while applying configuration Install SecurityManager: 
java.lang.UnsupportedOperationException: The Security Manager is deprecated and will be removed in a future release
	at java.base/java.lang.System.setSecurityManager(System.java:430)
	at com.jpro.internal.server.Initializer$.$anonfun$initialize$7(Initializer.scala:170)
	at com.jpro.internal.server.Initializer$.execute(Initializer.scala:65)
	at com.jpro.internal.server.Initializer$.initialize(Initializer.scala:144)
	at com.jpro.internal.server.Initializer$.init(Initializer.scala:36)
	at controllers.jpro.<init>(jpro.scala:53)
	at controllers.jpro$$FastClassByGuice$$22044477.GUICE$TRAMPOLINE(<generated>)
	at controllers.jpro$$FastClassByGuice$$22044477.apply(<generated>)
	at com.google.inject.internal.DefaultConstructionProxyFactory$FastClassProxy.newInstance(DefaultConstructionProxyFactory.java:82)
	at com.google.inject.internal.ConstructorInjector.provision(ConstructorInjector.java:114)
	at com.google.inject.internal.ConstructorInjector.construct(ConstructorInjector.java:91)
	at com.google.inject.internal.ConstructorBindingImpl$Factory.get(ConstructorBindingImpl.java:296)
	at com.google.inject.internal.SingleParameterInjector.inject(SingleParameterInjector.java:40)
	at com.google.inject.internal.SingleParameterInjector.getAll(SingleParameterInjector.java:60)
	at com.google.inject.internal.ConstructorInjector.provision(ConstructorInjector.java:113)
	at com.google.inject.internal.ConstructorInjector.construct(ConstructorInjector.java:91)
	at com.google.inject.internal.ConstructorBindingImpl$Factory.get(ConstructorBindingImpl.java:296)
	at com.google.inject.internal.SingleParameterInjector.inject(SingleParameterInjector.java:40)
	at com.google.inject.internal.SingleParameterInjector.getAll(SingleParameterInjector.java:60)
	at com.google.inject.internal.ConstructorInjector.provision(ConstructorInjector.java:113)
	at com.google.inject.internal.ConstructorInjector.construct(ConstructorInjector.java:91)
	at com.google.inject.internal.ConstructorBindingImpl$Factory.get(ConstructorBindingImpl.java:296)
	at com.google.inject.internal.InjectorImpl$1.get(InjectorImpl.java:1100)
	at com.google.inject.internal.InjectorImpl.getInstance(InjectorImpl.java:1138)
	at play.api.inject.guice.GuiceInjector.instanceOf(GuiceInjectorBuilder.scala:436)
	at play.api.inject.ContextClassLoaderInjector.$anonfun$instanceOf$3(Injector.scala:120)
	at play.api.inject.ContextClassLoaderInjector.withContext(Injector.scala:128)
	at play.api.inject.ContextClassLoaderInjector.instanceOf(Injector.scala:120)
	at play.api.inject.RoutesProvider.$anonfun$get$2(BuiltinModule.scala:121)
	at scala.Option.fold(Option.scala:251)
	at play.api.inject.RoutesProvider.get$lzycompute(BuiltinModule.scala:121)
	at play.api.inject.RoutesProvider.get(BuiltinModule.scala:116)
	at play.api.inject.RoutesProvider.get(BuiltinModule.scala:110)
	at com.google.inject.internal.ProviderInternalFactory.provision(ProviderInternalFactory.java:86)
	at com.google.inject.internal.BoundProviderFactory.provision(BoundProviderFactory.java:72)
	at com.google.inject.internal.ProviderInternalFactory.circularGet(ProviderInternalFactory.java:60)
	at com.google.inject.internal.BoundProviderFactory.get(BoundProviderFactory.java:59)
	at com.google.inject.internal.InjectorImpl$1.get(InjectorImpl.java:1100)
	at play.api.http.DefaultHttpRequestHandler.routeRequest(HttpRequestHandler.scala:289)
	at play.api.http.JavaCompatibleHttpRequestHandler.routeRequest(HttpRequestHandler.scala:396)
	at play.api.http.DefaultHttpRequestHandler.routeWithFallback$1(HttpRequestHandler.scala:187)
	at play.api.http.DefaultHttpRequestHandler.handlerForRequest(HttpRequestHandler.scala:237)
	at play.core.server.Server$.getHandlerFor(Server.scala:126)
	at play.core.server.AkkaHttpServer.handleRequest(AkkaHttpServer.scala:317)
	at play.core.server.AkkaHttpServer.$anonfun$createServerBinding$1(AkkaHttpServer.scala:224)
	at akka.http.scaladsl.Http2Ext.$anonfun$handleUpgradeRequests$1(Http2.scala:145)
	at akka.stream.impl.fusing.MapAsync$$anon$30.onPush(Ops.scala:1307)
	at akka.stream.impl.fusing.GraphInterpreter.processPush(GraphInterpreter.scala:542)
	at akka.stream.impl.fusing.GraphInterpreter.execute(GraphInterpreter.scala:423)
	at akka.stream.impl.fusing.GraphInterpreterShell.runBatch(ActorGraphInterpreter.scala:650)
	at akka.stream.impl.fusing.ActorGraphInterpreter$SimpleBoundaryEvent.execute(ActorGraphInterpreter.scala:61)
	at akka.stream.impl.fusing.ActorGraphInterpreter$SimpleBoundaryEvent.execute$(ActorGraphInterpreter.scala:57)
	at akka.stream.impl.fusing.ActorGraphInterpreter$BatchingActorInputBoundary$OnNext.execute(ActorGraphInterpreter.scala:104)
	at akka.stream.impl.fusing.GraphInterpreterShell.processEvent(ActorGraphInterpreter.scala:625)
	at akka.stream.impl.fusing.ActorGraphInterpreter.akka$stream$impl$fusing$ActorGraphInterpreter$$processEvent(ActorGraphInterpreter.scala:800)
	at akka.stream.impl.fusing.ActorGraphInterpreter$$anonfun$receive$1.applyOrElse(ActorGraphInterpreter.scala:818)
	at akka.actor.Actor.aroundReceive(Actor.scala:537)
	at akka.actor.Actor.aroundReceive$(Actor.scala:535)
	at akka.stream.impl.fusing.ActorGraphInterpreter.aroundReceive(ActorGraphInterpreter.scala:716)
	at akka.actor.ActorCell.receiveMessage(ActorCell.scala:580)
	at akka.actor.ActorCell.invoke(ActorCell.scala:548)
	at akka.dispatch.Mailbox.processMailbox(Mailbox.scala:270)
	at akka.dispatch.Mailbox.run(Mailbox.scala:231)
	at akka.dispatch.Mailbox.exec(Mailbox.scala:243)
	at java.base/java.util.concurrent.ForkJoinTask.doExec(ForkJoinTask.java:387)
	at java.base/java.util.concurrent.ForkJoinPool$WorkQueue.topLevelExec(ForkJoinPool.java:1312)
	at java.base/java.util.concurrent.ForkJoinPool.scan(ForkJoinPool.java:1843)
	at java.base/java.util.concurrent.ForkJoinPool.runWorker(ForkJoinPool.java:1808)
	at java.base/java.util.concurrent.ForkJoinWorkerThread.run(ForkJoinWorkerThread.java:188)
=======
<<<<<<< HEAD
2026-07-10 13:19:29,275 [ERROR] from com.jpro.JS in JavaFX Application Thread - received msg: Unexpected exception: DLinearGradient((0,0),(0,1),true,DCycle_NO_CYCLE,List((0,RGBA(1,0.37254902720451355,0.37254902720451355,1)), (1,RGBA(0.7764706015586853,0.1568627506494522,0.1568627506494522,1)))) (of class p.Data$DLinearGradient)
2026-07-10 13:19:29,276 [ERROR] from com.jpro.JS in JavaFX Application Thread - received msg: Unexpected exception: DLinearGradient((0,0),(0,1),true,DCycle_NO_CYCLE,List((0,RGBA(1,0.37254902720451355,0.37254902720451355,1)), (1,RGBA(0.7764706015586853,0.1568627506494522,0.1568627506494522,1)))) (of class p.Data$DLinearGradient)
2026-07-10 13:31:49,097 [ERROR] from com.jpro.JS in JavaFX Application Thread - received msg: Unexpected exception: DLinearGradient((0,0),(0,1),true,DCycle_NO_CYCLE,List((0,RGBA(1,0.37254902720451355,0.37254902720451355,1)), (1,RGBA(0.7764706015586853,0.1568627506494522,0.1568627506494522,1)))) (of class p.Data$DLinearGradient)
2026-07-10 13:31:49,106 [ERROR] from com.jpro.JS in JavaFX Application Thread - received msg: Unexpected exception: DLinearGradient((0,0),(0,1),true,DCycle_NO_CYCLE,List((0,RGBA(1,0.37254902720451355,0.37254902720451355,1)), (1,RGBA(0.7764706015586853,0.1568627506494522,0.1568627506494522,1)))) (of class p.Data$DLinearGradient)
=======
2026-07-10 12:01:16,213 [ERROR] from com.jpro.internal.server.Initializer$ in application-akka.actor.default-dispatcher-5 - error while applying configuration Install SecurityManager: 
java.lang.UnsupportedOperationException: The Security Manager is deprecated and will be removed in a future release
	at java.base/java.lang.System.setSecurityManager(System.java:430)
	at com.jpro.internal.server.Initializer$.$anonfun$initialize$7(Initializer.scala:170)
	at com.jpro.internal.server.Initializer$.execute(Initializer.scala:65)
	at com.jpro.internal.server.Initializer$.initialize(Initializer.scala:144)
	at com.jpro.internal.server.Initializer$.init(Initializer.scala:36)
	at controllers.jpro.<init>(jpro.scala:53)
	at controllers.jpro$$FastClassByGuice$$22044477.GUICE$TRAMPOLINE(<generated>)
	at controllers.jpro$$FastClassByGuice$$22044477.apply(<generated>)
	at com.google.inject.internal.DefaultConstructionProxyFactory$FastClassProxy.newInstance(DefaultConstructionProxyFactory.java:82)
	at com.google.inject.internal.ConstructorInjector.provision(ConstructorInjector.java:114)
	at com.google.inject.internal.ConstructorInjector.construct(ConstructorInjector.java:91)
	at com.google.inject.internal.ConstructorBindingImpl$Factory.get(ConstructorBindingImpl.java:296)
	at com.google.inject.internal.SingleParameterInjector.inject(SingleParameterInjector.java:40)
	at com.google.inject.internal.SingleParameterInjector.getAll(SingleParameterInjector.java:60)
	at com.google.inject.internal.ConstructorInjector.provision(ConstructorInjector.java:113)
	at com.google.inject.internal.ConstructorInjector.construct(ConstructorInjector.java:91)
	at com.google.inject.internal.ConstructorBindingImpl$Factory.get(ConstructorBindingImpl.java:296)
	at com.google.inject.internal.SingleParameterInjector.inject(SingleParameterInjector.java:40)
	at com.google.inject.internal.SingleParameterInjector.getAll(SingleParameterInjector.java:60)
	at com.google.inject.internal.ConstructorInjector.provision(ConstructorInjector.java:113)
	at com.google.inject.internal.ConstructorInjector.construct(ConstructorInjector.java:91)
	at com.google.inject.internal.ConstructorBindingImpl$Factory.get(ConstructorBindingImpl.java:296)
	at com.google.inject.internal.InjectorImpl$1.get(InjectorImpl.java:1100)
	at com.google.inject.internal.InjectorImpl.getInstance(InjectorImpl.java:1138)
	at play.api.inject.guice.GuiceInjector.instanceOf(GuiceInjectorBuilder.scala:436)
	at play.api.inject.ContextClassLoaderInjector.$anonfun$instanceOf$3(Injector.scala:120)
	at play.api.inject.ContextClassLoaderInjector.withContext(Injector.scala:128)
	at play.api.inject.ContextClassLoaderInjector.instanceOf(Injector.scala:120)
	at play.api.inject.RoutesProvider.$anonfun$get$2(BuiltinModule.scala:121)
	at scala.Option.fold(Option.scala:251)
	at play.api.inject.RoutesProvider.get$lzycompute(BuiltinModule.scala:121)
	at play.api.inject.RoutesProvider.get(BuiltinModule.scala:116)
	at play.api.inject.RoutesProvider.get(BuiltinModule.scala:110)
	at com.google.inject.internal.ProviderInternalFactory.provision(ProviderInternalFactory.java:86)
	at com.google.inject.internal.BoundProviderFactory.provision(BoundProviderFactory.java:72)
	at com.google.inject.internal.ProviderInternalFactory.circularGet(ProviderInternalFactory.java:60)
	at com.google.inject.internal.BoundProviderFactory.get(BoundProviderFactory.java:59)
	at com.google.inject.internal.InjectorImpl$1.get(InjectorImpl.java:1100)
	at play.api.http.DefaultHttpRequestHandler.routeRequest(HttpRequestHandler.scala:289)
	at play.api.http.JavaCompatibleHttpRequestHandler.routeRequest(HttpRequestHandler.scala:396)
	at play.api.http.DefaultHttpRequestHandler.routeWithFallback$1(HttpRequestHandler.scala:187)
	at play.api.http.DefaultHttpRequestHandler.handlerForRequest(HttpRequestHandler.scala:237)
	at play.core.server.Server$.getHandlerFor(Server.scala:126)
	at play.core.server.AkkaHttpServer.handleRequest(AkkaHttpServer.scala:317)
	at play.core.server.AkkaHttpServer.$anonfun$createServerBinding$1(AkkaHttpServer.scala:224)
	at akka.http.scaladsl.Http2Ext.$anonfun$handleUpgradeRequests$1(Http2.scala:145)
	at akka.stream.impl.fusing.MapAsync$$anon$30.onPush(Ops.scala:1307)
	at akka.stream.impl.fusing.GraphInterpreter.processPush(GraphInterpreter.scala:542)
	at akka.stream.impl.fusing.GraphInterpreter.execute(GraphInterpreter.scala:423)
	at akka.stream.impl.fusing.GraphInterpreterShell.runBatch(ActorGraphInterpreter.scala:650)
	at akka.stream.impl.fusing.ActorGraphInterpreter$SimpleBoundaryEvent.execute(ActorGraphInterpreter.scala:61)
	at akka.stream.impl.fusing.ActorGraphInterpreter$SimpleBoundaryEvent.execute$(ActorGraphInterpreter.scala:57)
	at akka.stream.impl.fusing.ActorGraphInterpreter$BatchingActorInputBoundary$OnNext.execute(ActorGraphInterpreter.scala:104)
	at akka.stream.impl.fusing.GraphInterpreterShell.processEvent(ActorGraphInterpreter.scala:625)
	at akka.stream.impl.fusing.ActorGraphInterpreter.akka$stream$impl$fusing$ActorGraphInterpreter$$processEvent(ActorGraphInterpreter.scala:800)
	at akka.stream.impl.fusing.ActorGraphInterpreter$$anonfun$receive$1.applyOrElse(ActorGraphInterpreter.scala:818)
	at akka.actor.Actor.aroundReceive(Actor.scala:537)
	at akka.actor.Actor.aroundReceive$(Actor.scala:535)
	at akka.stream.impl.fusing.ActorGraphInterpreter.aroundReceive(ActorGraphInterpreter.scala:716)
	at akka.actor.ActorCell.receiveMessage(ActorCell.scala:580)
	at akka.actor.ActorCell.invoke(ActorCell.scala:548)
	at akka.dispatch.Mailbox.processMailbox(Mailbox.scala:270)
	at akka.dispatch.Mailbox.run(Mailbox.scala:231)
	at akka.dispatch.Mailbox.exec(Mailbox.scala:243)
	at java.base/java.util.concurrent.ForkJoinTask.doExec(ForkJoinTask.java:387)
	at java.base/java.util.concurrent.ForkJoinPool$WorkQueue.topLevelExec(ForkJoinPool.java:1312)
	at java.base/java.util.concurrent.ForkJoinPool.scan(ForkJoinPool.java:1843)
	at java.base/java.util.concurrent.ForkJoinPool.runWorker(ForkJoinPool.java:1808)
	at java.base/java.util.concurrent.ForkJoinWorkerThread.run(ForkJoinWorkerThread.java:188)
<<<<<<< HEAD
=======
>>>>>>> branch 'master' of https://github.com/hayakawa-rai/GameApplication.git
2026-07-10 13:57:19,130 [ERROR] from com.jpro.internal.server.Initializer$ in application-akka.actor.default-dispatcher-9 - error while applying configuration Install SecurityManager: 
java.lang.UnsupportedOperationException: The Security Manager is deprecated and will be removed in a future release
	at java.base/java.lang.System.setSecurityManager(System.java:430)
	at com.jpro.internal.server.Initializer$.$anonfun$initialize$7(Initializer.scala:170)
	at com.jpro.internal.server.Initializer$.execute(Initializer.scala:65)
	at com.jpro.internal.server.Initializer$.initialize(Initializer.scala:144)
	at com.jpro.internal.server.Initializer$.init(Initializer.scala:36)
	at controllers.jpro.<init>(jpro.scala:53)
	at controllers.jpro$$FastClassByGuice$$19277944.GUICE$TRAMPOLINE(<generated>)
	at controllers.jpro$$FastClassByGuice$$19277944.apply(<generated>)
	at com.google.inject.internal.DefaultConstructionProxyFactory$FastClassProxy.newInstance(DefaultConstructionProxyFactory.java:82)
	at com.google.inject.internal.ConstructorInjector.provision(ConstructorInjector.java:114)
	at com.google.inject.internal.ConstructorInjector.construct(ConstructorInjector.java:91)
	at com.google.inject.internal.ConstructorBindingImpl$Factory.get(ConstructorBindingImpl.java:296)
	at com.google.inject.internal.SingleParameterInjector.inject(SingleParameterInjector.java:40)
	at com.google.inject.internal.SingleParameterInjector.getAll(SingleParameterInjector.java:60)
	at com.google.inject.internal.ConstructorInjector.provision(ConstructorInjector.java:113)
	at com.google.inject.internal.ConstructorInjector.construct(ConstructorInjector.java:91)
	at com.google.inject.internal.ConstructorBindingImpl$Factory.get(ConstructorBindingImpl.java:296)
	at com.google.inject.internal.SingleParameterInjector.inject(SingleParameterInjector.java:40)
	at com.google.inject.internal.SingleParameterInjector.getAll(SingleParameterInjector.java:60)
	at com.google.inject.internal.ConstructorInjector.provision(ConstructorInjector.java:113)
	at com.google.inject.internal.ConstructorInjector.construct(ConstructorInjector.java:91)
	at com.google.inject.internal.ConstructorBindingImpl$Factory.get(ConstructorBindingImpl.java:296)
	at com.google.inject.internal.InjectorImpl$1.get(InjectorImpl.java:1100)
	at com.google.inject.internal.InjectorImpl.getInstance(InjectorImpl.java:1138)
	at play.api.inject.guice.GuiceInjector.instanceOf(GuiceInjectorBuilder.scala:436)
	at play.api.inject.ContextClassLoaderInjector.$anonfun$instanceOf$3(Injector.scala:120)
	at play.api.inject.ContextClassLoaderInjector.withContext(Injector.scala:128)
	at play.api.inject.ContextClassLoaderInjector.instanceOf(Injector.scala:120)
	at play.api.inject.RoutesProvider.$anonfun$get$2(BuiltinModule.scala:121)
	at scala.Option.fold(Option.scala:251)
	at play.api.inject.RoutesProvider.get$lzycompute(BuiltinModule.scala:121)
	at play.api.inject.RoutesProvider.get(BuiltinModule.scala:116)
	at play.api.inject.RoutesProvider.get(BuiltinModule.scala:110)
	at com.google.inject.internal.ProviderInternalFactory.provision(ProviderInternalFactory.java:86)
	at com.google.inject.internal.BoundProviderFactory.provision(BoundProviderFactory.java:72)
	at com.google.inject.internal.ProviderInternalFactory.circularGet(ProviderInternalFactory.java:60)
	at com.google.inject.internal.BoundProviderFactory.get(BoundProviderFactory.java:59)
	at com.google.inject.internal.InjectorImpl$1.get(InjectorImpl.java:1100)
	at play.api.http.DefaultHttpRequestHandler.routeRequest(HttpRequestHandler.scala:289)
	at play.api.http.JavaCompatibleHttpRequestHandler.routeRequest(HttpRequestHandler.scala:396)
	at play.api.http.DefaultHttpRequestHandler.routeWithFallback$1(HttpRequestHandler.scala:187)
	at play.api.http.DefaultHttpRequestHandler.handlerForRequest(HttpRequestHandler.scala:237)
	at play.core.server.Server$.getHandlerFor(Server.scala:126)
	at play.core.server.AkkaHttpServer.handleRequest(AkkaHttpServer.scala:317)
	at play.core.server.AkkaHttpServer.$anonfun$createServerBinding$1(AkkaHttpServer.scala:224)
	at akka.http.scaladsl.Http2Ext.$anonfun$handleUpgradeRequests$1(Http2.scala:145)
	at akka.stream.impl.fusing.MapAsync$$anon$30.onPush(Ops.scala:1307)
	at akka.stream.impl.fusing.GraphInterpreter.processPush(GraphInterpreter.scala:542)
	at akka.stream.impl.fusing.GraphInterpreter.execute(GraphInterpreter.scala:423)
	at akka.stream.impl.fusing.GraphInterpreterShell.runBatch(ActorGraphInterpreter.scala:650)
	at akka.stream.impl.fusing.ActorGraphInterpreter$SimpleBoundaryEvent.execute(ActorGraphInterpreter.scala:61)
	at akka.stream.impl.fusing.ActorGraphInterpreter$SimpleBoundaryEvent.execute$(ActorGraphInterpreter.scala:57)
	at akka.stream.impl.fusing.ActorGraphInterpreter$BatchingActorInputBoundary$OnNext.execute(ActorGraphInterpreter.scala:104)
	at akka.stream.impl.fusing.GraphInterpreterShell.processEvent(ActorGraphInterpreter.scala:625)
	at akka.stream.impl.fusing.ActorGraphInterpreter.akka$stream$impl$fusing$ActorGraphInterpreter$$processEvent(ActorGraphInterpreter.scala:800)
	at akka.stream.impl.fusing.ActorGraphInterpreter$$anonfun$receive$1.applyOrElse(ActorGraphInterpreter.scala:818)
	at akka.actor.Actor.aroundReceive(Actor.scala:537)
	at akka.actor.Actor.aroundReceive$(Actor.scala:535)
	at akka.stream.impl.fusing.ActorGraphInterpreter.aroundReceive(ActorGraphInterpreter.scala:716)
	at akka.actor.ActorCell.receiveMessage(ActorCell.scala:580)
	at akka.actor.ActorCell.invoke(ActorCell.scala:548)
	at akka.dispatch.Mailbox.processMailbox(Mailbox.scala:270)
	at akka.dispatch.Mailbox.run(Mailbox.scala:231)
	at akka.dispatch.Mailbox.exec(Mailbox.scala:243)
	at java.base/java.util.concurrent.ForkJoinTask.doExec(ForkJoinTask.java:387)
	at java.base/java.util.concurrent.ForkJoinPool$WorkQueue.topLevelExec(ForkJoinPool.java:1312)
	at java.base/java.util.concurrent.ForkJoinPool.scan(ForkJoinPool.java:1843)
	at java.base/java.util.concurrent.ForkJoinPool.runWorker(ForkJoinPool.java:1808)
	at java.base/java.util.concurrent.ForkJoinWorkerThread.run(ForkJoinWorkerThread.java:188)
=======
>>>>>>> branch 'jpro' of https://github.com/hayakawa-rai/GameApplication.git
>>>>>>> branch 'jpro' of https://github.com/hayakawa-rai/GameApplication.git
2026-07-10 14:02:06,124 [ERROR] from com.jpro.internal.server.Initializer$ in application-akka.actor.default-dispatcher-8 - error while applying configuration Install SecurityManager: 
java.lang.UnsupportedOperationException: The Security Manager is deprecated and will be removed in a future release
	at java.base/java.lang.System.setSecurityManager(System.java:430)
	at com.jpro.internal.server.Initializer$.$anonfun$initialize$7(Initializer.scala:170)
	at com.jpro.internal.server.Initializer$.execute(Initializer.scala:65)
	at com.jpro.internal.server.Initializer$.initialize(Initializer.scala:144)
	at com.jpro.internal.server.Initializer$.init(Initializer.scala:36)
	at controllers.jpro.<init>(jpro.scala:53)
	at controllers.jpro$$FastClassByGuice$$22044477.GUICE$TRAMPOLINE(<generated>)
	at controllers.jpro$$FastClassByGuice$$22044477.apply(<generated>)
	at com.google.inject.internal.DefaultConstructionProxyFactory$FastClassProxy.newInstance(DefaultConstructionProxyFactory.java:82)
	at com.google.inject.internal.ConstructorInjector.provision(ConstructorInjector.java:114)
	at com.google.inject.internal.ConstructorInjector.construct(ConstructorInjector.java:91)
	at com.google.inject.internal.ConstructorBindingImpl$Factory.get(ConstructorBindingImpl.java:296)
	at com.google.inject.internal.SingleParameterInjector.inject(SingleParameterInjector.java:40)
	at com.google.inject.internal.SingleParameterInjector.getAll(SingleParameterInjector.java:60)
	at com.google.inject.internal.ConstructorInjector.provision(ConstructorInjector.java:113)
	at com.google.inject.internal.ConstructorInjector.construct(ConstructorInjector.java:91)
	at com.google.inject.internal.ConstructorBindingImpl$Factory.get(ConstructorBindingImpl.java:296)
	at com.google.inject.internal.SingleParameterInjector.inject(SingleParameterInjector.java:40)
	at com.google.inject.internal.SingleParameterInjector.getAll(SingleParameterInjector.java:60)
	at com.google.inject.internal.ConstructorInjector.provision(ConstructorInjector.java:113)
	at com.google.inject.internal.ConstructorInjector.construct(ConstructorInjector.java:91)
	at com.google.inject.internal.ConstructorBindingImpl$Factory.get(ConstructorBindingImpl.java:296)
	at com.google.inject.internal.InjectorImpl$1.get(InjectorImpl.java:1100)
	at com.google.inject.internal.InjectorImpl.getInstance(InjectorImpl.java:1138)
	at play.api.inject.guice.GuiceInjector.instanceOf(GuiceInjectorBuilder.scala:436)
	at play.api.inject.ContextClassLoaderInjector.$anonfun$instanceOf$3(Injector.scala:120)
	at play.api.inject.ContextClassLoaderInjector.withContext(Injector.scala:128)
	at play.api.inject.ContextClassLoaderInjector.instanceOf(Injector.scala:120)
	at play.api.inject.RoutesProvider.$anonfun$get$2(BuiltinModule.scala:121)
	at scala.Option.fold(Option.scala:251)
	at play.api.inject.RoutesProvider.get$lzycompute(BuiltinModule.scala:121)
	at play.api.inject.RoutesProvider.get(BuiltinModule.scala:116)
	at play.api.inject.RoutesProvider.get(BuiltinModule.scala:110)
	at com.google.inject.internal.ProviderInternalFactory.provision(ProviderInternalFactory.java:86)
	at com.google.inject.internal.BoundProviderFactory.provision(BoundProviderFactory.java:72)
	at com.google.inject.internal.ProviderInternalFactory.circularGet(ProviderInternalFactory.java:60)
	at com.google.inject.internal.BoundProviderFactory.get(BoundProviderFactory.java:59)
	at com.google.inject.internal.InjectorImpl$1.get(InjectorImpl.java:1100)
	at play.api.http.DefaultHttpRequestHandler.routeRequest(HttpRequestHandler.scala:289)
	at play.api.http.JavaCompatibleHttpRequestHandler.routeRequest(HttpRequestHandler.scala:396)
	at play.api.http.DefaultHttpRequestHandler.routeWithFallback$1(HttpRequestHandler.scala:187)
	at play.api.http.DefaultHttpRequestHandler.handlerForRequest(HttpRequestHandler.scala:237)
	at play.core.server.Server$.getHandlerFor(Server.scala:126)
	at play.core.server.AkkaHttpServer.handleRequest(AkkaHttpServer.scala:317)
	at play.core.server.AkkaHttpServer.$anonfun$createServerBinding$1(AkkaHttpServer.scala:224)
	at akka.http.scaladsl.Http2Ext.$anonfun$handleUpgradeRequests$1(Http2.scala:145)
	at akka.stream.impl.fusing.MapAsync$$anon$30.onPush(Ops.scala:1307)
	at akka.stream.impl.fusing.GraphInterpreter.processPush(GraphInterpreter.scala:542)
	at akka.stream.impl.fusing.GraphInterpreter.execute(GraphInterpreter.scala:423)
	at akka.stream.impl.fusing.GraphInterpreterShell.runBatch(ActorGraphInterpreter.scala:650)
	at akka.stream.impl.fusing.ActorGraphInterpreter$SimpleBoundaryEvent.execute(ActorGraphInterpreter.scala:61)
	at akka.stream.impl.fusing.ActorGraphInterpreter$SimpleBoundaryEvent.execute$(ActorGraphInterpreter.scala:57)
	at akka.stream.impl.fusing.ActorGraphInterpreter$BatchingActorInputBoundary$OnNext.execute(ActorGraphInterpreter.scala:104)
	at akka.stream.impl.fusing.GraphInterpreterShell.processEvent(ActorGraphInterpreter.scala:625)
	at akka.stream.impl.fusing.ActorGraphInterpreter.akka$stream$impl$fusing$ActorGraphInterpreter$$processEvent(ActorGraphInterpreter.scala:800)
	at akka.stream.impl.fusing.ActorGraphInterpreter$$anonfun$receive$1.applyOrElse(ActorGraphInterpreter.scala:818)
	at akka.actor.Actor.aroundReceive(Actor.scala:537)
	at akka.actor.Actor.aroundReceive$(Actor.scala:535)
	at akka.stream.impl.fusing.ActorGraphInterpreter.aroundReceive(ActorGraphInterpreter.scala:716)
	at akka.actor.ActorCell.receiveMessage(ActorCell.scala:580)
	at akka.actor.ActorCell.invoke(ActorCell.scala:548)
	at akka.dispatch.Mailbox.processMailbox(Mailbox.scala:270)
	at akka.dispatch.Mailbox.run(Mailbox.scala:231)
	at akka.dispatch.Mailbox.exec(Mailbox.scala:243)
	at java.base/java.util.concurrent.ForkJoinTask.doExec(ForkJoinTask.java:387)
	at java.base/java.util.concurrent.ForkJoinPool$WorkQueue.topLevelExec(ForkJoinPool.java:1312)
	at java.base/java.util.concurrent.ForkJoinPool.scan(ForkJoinPool.java:1843)
	at java.base/java.util.concurrent.ForkJoinPool.runWorker(ForkJoinPool.java:1808)
	at java.base/java.util.concurrent.ForkJoinWorkerThread.run(ForkJoinWorkerThread.java:188)
2026-07-10 14:11:59,315 [ERROR] from com.jpro.internal.server.Initializer$ in application-akka.actor.default-dispatcher-5 - error while applying configuration Install SecurityManager: 
java.lang.UnsupportedOperationException: The Security Manager is deprecated and will be removed in a future release
	at java.base/java.lang.System.setSecurityManager(System.java:430)
	at com.jpro.internal.server.Initializer$.$anonfun$initialize$7(Initializer.scala:170)
	at com.jpro.internal.server.Initializer$.execute(Initializer.scala:65)
	at com.jpro.internal.server.Initializer$.initialize(Initializer.scala:144)
	at com.jpro.internal.server.Initializer$.init(Initializer.scala:36)
	at controllers.jpro.<init>(jpro.scala:53)
	at controllers.jpro$$FastClassByGuice$$22044477.GUICE$TRAMPOLINE(<generated>)
	at controllers.jpro$$FastClassByGuice$$22044477.apply(<generated>)
	at com.google.inject.internal.DefaultConstructionProxyFactory$FastClassProxy.newInstance(DefaultConstructionProxyFactory.java:82)
	at com.google.inject.internal.ConstructorInjector.provision(ConstructorInjector.java:114)
	at com.google.inject.internal.ConstructorInjector.construct(ConstructorInjector.java:91)
	at com.google.inject.internal.ConstructorBindingImpl$Factory.get(ConstructorBindingImpl.java:296)
	at com.google.inject.internal.SingleParameterInjector.inject(SingleParameterInjector.java:40)
	at com.google.inject.internal.SingleParameterInjector.getAll(SingleParameterInjector.java:60)
	at com.google.inject.internal.ConstructorInjector.provision(ConstructorInjector.java:113)
	at com.google.inject.internal.ConstructorInjector.construct(ConstructorInjector.java:91)
	at com.google.inject.internal.ConstructorBindingImpl$Factory.get(ConstructorBindingImpl.java:296)
	at com.google.inject.internal.SingleParameterInjector.inject(SingleParameterInjector.java:40)
	at com.google.inject.internal.SingleParameterInjector.getAll(SingleParameterInjector.java:60)
	at com.google.inject.internal.ConstructorInjector.provision(ConstructorInjector.java:113)
	at com.google.inject.internal.ConstructorInjector.construct(ConstructorInjector.java:91)
	at com.google.inject.internal.ConstructorBindingImpl$Factory.get(ConstructorBindingImpl.java:296)
	at com.google.inject.internal.InjectorImpl$1.get(InjectorImpl.java:1100)
	at com.google.inject.internal.InjectorImpl.getInstance(InjectorImpl.java:1138)
	at play.api.inject.guice.GuiceInjector.instanceOf(GuiceInjectorBuilder.scala:436)
	at play.api.inject.ContextClassLoaderInjector.$anonfun$instanceOf$3(Injector.scala:120)
	at play.api.inject.ContextClassLoaderInjector.withContext(Injector.scala:128)
	at play.api.inject.ContextClassLoaderInjector.instanceOf(Injector.scala:120)
	at play.api.inject.RoutesProvider.$anonfun$get$2(BuiltinModule.scala:121)
	at scala.Option.fold(Option.scala:251)
	at play.api.inject.RoutesProvider.get$lzycompute(BuiltinModule.scala:121)
	at play.api.inject.RoutesProvider.get(BuiltinModule.scala:116)
	at play.api.inject.RoutesProvider.get(BuiltinModule.scala:110)
	at com.google.inject.internal.ProviderInternalFactory.provision(ProviderInternalFactory.java:86)
	at com.google.inject.internal.BoundProviderFactory.provision(BoundProviderFactory.java:72)
	at com.google.inject.internal.ProviderInternalFactory.circularGet(ProviderInternalFactory.java:60)
	at com.google.inject.internal.BoundProviderFactory.get(BoundProviderFactory.java:59)
	at com.google.inject.internal.InjectorImpl$1.get(InjectorImpl.java:1100)
	at play.api.http.DefaultHttpRequestHandler.routeRequest(HttpRequestHandler.scala:289)
	at play.api.http.JavaCompatibleHttpRequestHandler.routeRequest(HttpRequestHandler.scala:396)
	at play.api.http.DefaultHttpRequestHandler.routeWithFallback$1(HttpRequestHandler.scala:187)
	at play.api.http.DefaultHttpRequestHandler.handlerForRequest(HttpRequestHandler.scala:237)
	at play.core.server.Server$.getHandlerFor(Server.scala:126)
	at play.core.server.AkkaHttpServer.handleRequest(AkkaHttpServer.scala:317)
	at play.core.server.AkkaHttpServer.$anonfun$createServerBinding$1(AkkaHttpServer.scala:224)
	at akka.http.scaladsl.Http2Ext.$anonfun$handleUpgradeRequests$1(Http2.scala:145)
	at akka.stream.impl.fusing.MapAsync$$anon$30.onPush(Ops.scala:1307)
	at akka.stream.impl.fusing.GraphInterpreter.processPush(GraphInterpreter.scala:542)
	at akka.stream.impl.fusing.GraphInterpreter.execute(GraphInterpreter.scala:423)
	at akka.stream.impl.fusing.GraphInterpreterShell.runBatch(ActorGraphInterpreter.scala:650)
	at akka.stream.impl.fusing.ActorGraphInterpreter$SimpleBoundaryEvent.execute(ActorGraphInterpreter.scala:61)
	at akka.stream.impl.fusing.ActorGraphInterpreter$SimpleBoundaryEvent.execute$(ActorGraphInterpreter.scala:57)
	at akka.stream.impl.fusing.ActorGraphInterpreter$BatchingActorInputBoundary$OnNext.execute(ActorGraphInterpreter.scala:104)
	at akka.stream.impl.fusing.GraphInterpreterShell.processEvent(ActorGraphInterpreter.scala:625)
	at akka.stream.impl.fusing.ActorGraphInterpreter.akka$stream$impl$fusing$ActorGraphInterpreter$$processEvent(ActorGraphInterpreter.scala:800)
	at akka.stream.impl.fusing.ActorGraphInterpreter$$anonfun$receive$1.applyOrElse(ActorGraphInterpreter.scala:818)
	at akka.actor.Actor.aroundReceive(Actor.scala:537)
	at akka.actor.Actor.aroundReceive$(Actor.scala:535)
	at akka.stream.impl.fusing.ActorGraphInterpreter.aroundReceive(ActorGraphInterpreter.scala:716)
	at akka.actor.ActorCell.receiveMessage(ActorCell.scala:580)
	at akka.actor.ActorCell.invoke(ActorCell.scala:548)
	at akka.dispatch.Mailbox.processMailbox(Mailbox.scala:270)
	at akka.dispatch.Mailbox.run(Mailbox.scala:231)
	at akka.dispatch.Mailbox.exec(Mailbox.scala:243)
	at java.base/java.util.concurrent.ForkJoinTask.doExec(ForkJoinTask.java:387)
	at java.base/java.util.concurrent.ForkJoinPool$WorkQueue.topLevelExec(ForkJoinPool.java:1312)
	at java.base/java.util.concurrent.ForkJoinPool.scan(ForkJoinPool.java:1843)
	at java.base/java.util.concurrent.ForkJoinPool.runWorker(ForkJoinPool.java:1808)
	at java.base/java.util.concurrent.ForkJoinWorkerThread.run(ForkJoinWorkerThread.java:188)
2026-07-10 14:15:36,653 [ERROR] from com.jpro.internal.server.Initializer$ in application-akka.actor.default-dispatcher-8 - error while applying configuration Install SecurityManager: 
java.lang.UnsupportedOperationException: The Security Manager is deprecated and will be removed in a future release
	at java.base/java.lang.System.setSecurityManager(System.java:430)
	at com.jpro.internal.server.Initializer$.$anonfun$initialize$7(Initializer.scala:170)
	at com.jpro.internal.server.Initializer$.execute(Initializer.scala:65)
	at com.jpro.internal.server.Initializer$.initialize(Initializer.scala:144)
	at com.jpro.internal.server.Initializer$.init(Initializer.scala:36)
	at controllers.jpro.<init>(jpro.scala:53)
	at controllers.jpro$$FastClassByGuice$$19277944.GUICE$TRAMPOLINE(<generated>)
	at controllers.jpro$$FastClassByGuice$$19277944.apply(<generated>)
	at com.google.inject.internal.DefaultConstructionProxyFactory$FastClassProxy.newInstance(DefaultConstructionProxyFactory.java:82)
	at com.google.inject.internal.ConstructorInjector.provision(ConstructorInjector.java:114)
	at com.google.inject.internal.ConstructorInjector.construct(ConstructorInjector.java:91)
	at com.google.inject.internal.ConstructorBindingImpl$Factory.get(ConstructorBindingImpl.java:296)
	at com.google.inject.internal.SingleParameterInjector.inject(SingleParameterInjector.java:40)
	at com.google.inject.internal.SingleParameterInjector.getAll(SingleParameterInjector.java:60)
	at com.google.inject.internal.ConstructorInjector.provision(ConstructorInjector.java:113)
	at com.google.inject.internal.ConstructorInjector.construct(ConstructorInjector.java:91)
	at com.google.inject.internal.ConstructorBindingImpl$Factory.get(ConstructorBindingImpl.java:296)
	at com.google.inject.internal.SingleParameterInjector.inject(SingleParameterInjector.java:40)
	at com.google.inject.internal.SingleParameterInjector.getAll(SingleParameterInjector.java:60)
	at com.google.inject.internal.ConstructorInjector.provision(ConstructorInjector.java:113)
	at com.google.inject.internal.ConstructorInjector.construct(ConstructorInjector.java:91)
	at com.google.inject.internal.ConstructorBindingImpl$Factory.get(ConstructorBindingImpl.java:296)
	at com.google.inject.internal.InjectorImpl$1.get(InjectorImpl.java:1100)
	at com.google.inject.internal.InjectorImpl.getInstance(InjectorImpl.java:1138)
	at play.api.inject.guice.GuiceInjector.instanceOf(GuiceInjectorBuilder.scala:436)
	at play.api.inject.ContextClassLoaderInjector.$anonfun$instanceOf$3(Injector.scala:120)
	at play.api.inject.ContextClassLoaderInjector.withContext(Injector.scala:128)
	at play.api.inject.ContextClassLoaderInjector.instanceOf(Injector.scala:120)
	at play.api.inject.RoutesProvider.$anonfun$get$2(BuiltinModule.scala:121)
	at scala.Option.fold(Option.scala:251)
	at play.api.inject.RoutesProvider.get$lzycompute(BuiltinModule.scala:121)
	at play.api.inject.RoutesProvider.get(BuiltinModule.scala:116)
	at play.api.inject.RoutesProvider.get(BuiltinModule.scala:110)
	at com.google.inject.internal.ProviderInternalFactory.provision(ProviderInternalFactory.java:86)
	at com.google.inject.internal.BoundProviderFactory.provision(BoundProviderFactory.java:72)
	at com.google.inject.internal.ProviderInternalFactory.circularGet(ProviderInternalFactory.java:60)
	at com.google.inject.internal.BoundProviderFactory.get(BoundProviderFactory.java:59)
	at com.google.inject.internal.InjectorImpl$1.get(InjectorImpl.java:1100)
	at play.api.http.DefaultHttpRequestHandler.routeRequest(HttpRequestHandler.scala:289)
	at play.api.http.JavaCompatibleHttpRequestHandler.routeRequest(HttpRequestHandler.scala:396)
	at play.api.http.DefaultHttpRequestHandler.routeWithFallback$1(HttpRequestHandler.scala:187)
	at play.api.http.DefaultHttpRequestHandler.handlerForRequest(HttpRequestHandler.scala:237)
	at play.core.server.Server$.getHandlerFor(Server.scala:126)
	at play.core.server.AkkaHttpServer.handleRequest(AkkaHttpServer.scala:317)
	at play.core.server.AkkaHttpServer.$anonfun$createServerBinding$1(AkkaHttpServer.scala:224)
	at akka.http.scaladsl.Http2Ext.$anonfun$handleUpgradeRequests$1(Http2.scala:145)
	at akka.stream.impl.fusing.MapAsync$$anon$30.onPush(Ops.scala:1307)
	at akka.stream.impl.fusing.GraphInterpreter.processPush(GraphInterpreter.scala:542)
	at akka.stream.impl.fusing.GraphInterpreter.execute(GraphInterpreter.scala:423)
	at akka.stream.impl.fusing.GraphInterpreterShell.runBatch(ActorGraphInterpreter.scala:650)
	at akka.stream.impl.fusing.ActorGraphInterpreter$SimpleBoundaryEvent.execute(ActorGraphInterpreter.scala:61)
	at akka.stream.impl.fusing.ActorGraphInterpreter$SimpleBoundaryEvent.execute$(ActorGraphInterpreter.scala:57)
	at akka.stream.impl.fusing.ActorGraphInterpreter$BatchingActorInputBoundary$OnNext.execute(ActorGraphInterpreter.scala:104)
	at akka.stream.impl.fusing.GraphInterpreterShell.processEvent(ActorGraphInterpreter.scala:625)
	at akka.stream.impl.fusing.ActorGraphInterpreter.akka$stream$impl$fusing$ActorGraphInterpreter$$processEvent(ActorGraphInterpreter.scala:800)
	at akka.stream.impl.fusing.ActorGraphInterpreter$$anonfun$receive$1.applyOrElse(ActorGraphInterpreter.scala:818)
	at akka.actor.Actor.aroundReceive(Actor.scala:537)
	at akka.actor.Actor.aroundReceive$(Actor.scala:535)
	at akka.stream.impl.fusing.ActorGraphInterpreter.aroundReceive(ActorGraphInterpreter.scala:716)
	at akka.actor.ActorCell.receiveMessage(ActorCell.scala:580)
	at akka.actor.ActorCell.invoke(ActorCell.scala:548)
	at akka.dispatch.Mailbox.processMailbox(Mailbox.scala:270)
	at akka.dispatch.Mailbox.run(Mailbox.scala:231)
	at akka.dispatch.Mailbox.exec(Mailbox.scala:243)
	at java.base/java.util.concurrent.ForkJoinTask.doExec(ForkJoinTask.java:387)
	at java.base/java.util.concurrent.ForkJoinPool$WorkQueue.topLevelExec(ForkJoinPool.java:1312)
	at java.base/java.util.concurrent.ForkJoinPool.scan(ForkJoinPool.java:1843)
	at java.base/java.util.concurrent.ForkJoinPool.runWorker(ForkJoinPool.java:1808)
	at java.base/java.util.concurrent.ForkJoinWorkerThread.run(ForkJoinWorkerThread.java:188)
2026-07-10 14:26:02,474 [ERROR] from com.jpro.internal.server.Initializer$ in application-akka.actor.default-dispatcher-5 - error while applying configuration Install SecurityManager: 
java.lang.UnsupportedOperationException: The Security Manager is deprecated and will be removed in a future release
	at java.base/java.lang.System.setSecurityManager(System.java:430)
	at com.jpro.internal.server.Initializer$.$anonfun$initialize$7(Initializer.scala:170)
	at com.jpro.internal.server.Initializer$.execute(Initializer.scala:65)
	at com.jpro.internal.server.Initializer$.initialize(Initializer.scala:144)
	at com.jpro.internal.server.Initializer$.init(Initializer.scala:36)
	at controllers.jpro.<init>(jpro.scala:53)
	at controllers.jpro$$FastClassByGuice$$22044477.GUICE$TRAMPOLINE(<generated>)
	at controllers.jpro$$FastClassByGuice$$22044477.apply(<generated>)
	at com.google.inject.internal.DefaultConstructionProxyFactory$FastClassProxy.newInstance(DefaultConstructionProxyFactory.java:82)
	at com.google.inject.internal.ConstructorInjector.provision(ConstructorInjector.java:114)
	at com.google.inject.internal.ConstructorInjector.construct(ConstructorInjector.java:91)
	at com.google.inject.internal.ConstructorBindingImpl$Factory.get(ConstructorBindingImpl.java:296)
	at com.google.inject.internal.SingleParameterInjector.inject(SingleParameterInjector.java:40)
	at com.google.inject.internal.SingleParameterInjector.getAll(SingleParameterInjector.java:60)
	at com.google.inject.internal.ConstructorInjector.provision(ConstructorInjector.java:113)
	at com.google.inject.internal.ConstructorInjector.construct(ConstructorInjector.java:91)
	at com.google.inject.internal.ConstructorBindingImpl$Factory.get(ConstructorBindingImpl.java:296)
	at com.google.inject.internal.SingleParameterInjector.inject(SingleParameterInjector.java:40)
	at com.google.inject.internal.SingleParameterInjector.getAll(SingleParameterInjector.java:60)
	at com.google.inject.internal.ConstructorInjector.provision(ConstructorInjector.java:113)
	at com.google.inject.internal.ConstructorInjector.construct(ConstructorInjector.java:91)
	at com.google.inject.internal.ConstructorBindingImpl$Factory.get(ConstructorBindingImpl.java:296)
	at com.google.inject.internal.InjectorImpl$1.get(InjectorImpl.java:1100)
	at com.google.inject.internal.InjectorImpl.getInstance(InjectorImpl.java:1138)
	at play.api.inject.guice.GuiceInjector.instanceOf(GuiceInjectorBuilder.scala:436)
	at play.api.inject.ContextClassLoaderInjector.$anonfun$instanceOf$3(Injector.scala:120)
	at play.api.inject.ContextClassLoaderInjector.withContext(Injector.scala:128)
	at play.api.inject.ContextClassLoaderInjector.instanceOf(Injector.scala:120)
	at play.api.inject.RoutesProvider.$anonfun$get$2(BuiltinModule.scala:121)
	at scala.Option.fold(Option.scala:251)
	at play.api.inject.RoutesProvider.get$lzycompute(BuiltinModule.scala:121)
	at play.api.inject.RoutesProvider.get(BuiltinModule.scala:116)
	at play.api.inject.RoutesProvider.get(BuiltinModule.scala:110)
	at com.google.inject.internal.ProviderInternalFactory.provision(ProviderInternalFactory.java:86)
	at com.google.inject.internal.BoundProviderFactory.provision(BoundProviderFactory.java:72)
	at com.google.inject.internal.ProviderInternalFactory.circularGet(ProviderInternalFactory.java:60)
	at com.google.inject.internal.BoundProviderFactory.get(BoundProviderFactory.java:59)
	at com.google.inject.internal.InjectorImpl$1.get(InjectorImpl.java:1100)
	at play.api.http.DefaultHttpRequestHandler.routeRequest(HttpRequestHandler.scala:289)
	at play.api.http.JavaCompatibleHttpRequestHandler.routeRequest(HttpRequestHandler.scala:396)
	at play.api.http.DefaultHttpRequestHandler.routeWithFallback$1(HttpRequestHandler.scala:187)
	at play.api.http.DefaultHttpRequestHandler.handlerForRequest(HttpRequestHandler.scala:237)
	at play.core.server.Server$.getHandlerFor(Server.scala:126)
	at play.core.server.AkkaHttpServer.handleRequest(AkkaHttpServer.scala:317)
	at play.core.server.AkkaHttpServer.$anonfun$createServerBinding$1(AkkaHttpServer.scala:224)
	at akka.http.scaladsl.Http2Ext.$anonfun$handleUpgradeRequests$1(Http2.scala:145)
	at akka.stream.impl.fusing.MapAsync$$anon$30.onPush(Ops.scala:1307)
	at akka.stream.impl.fusing.GraphInterpreter.processPush(GraphInterpreter.scala:542)
	at akka.stream.impl.fusing.GraphInterpreter.execute(GraphInterpreter.scala:423)
	at akka.stream.impl.fusing.GraphInterpreterShell.runBatch(ActorGraphInterpreter.scala:650)
	at akka.stream.impl.fusing.ActorGraphInterpreter$SimpleBoundaryEvent.execute(ActorGraphInterpreter.scala:61)
	at akka.stream.impl.fusing.ActorGraphInterpreter$SimpleBoundaryEvent.execute$(ActorGraphInterpreter.scala:57)
	at akka.stream.impl.fusing.ActorGraphInterpreter$BatchingActorInputBoundary$OnNext.execute(ActorGraphInterpreter.scala:104)
	at akka.stream.impl.fusing.GraphInterpreterShell.processEvent(ActorGraphInterpreter.scala:625)
	at akka.stream.impl.fusing.ActorGraphInterpreter.akka$stream$impl$fusing$ActorGraphInterpreter$$processEvent(ActorGraphInterpreter.scala:800)
	at akka.stream.impl.fusing.ActorGraphInterpreter$$anonfun$receive$1.applyOrElse(ActorGraphInterpreter.scala:818)
	at akka.actor.Actor.aroundReceive(Actor.scala:537)
	at akka.actor.Actor.aroundReceive$(Actor.scala:535)
	at akka.stream.impl.fusing.ActorGraphInterpreter.aroundReceive(ActorGraphInterpreter.scala:716)
	at akka.actor.ActorCell.receiveMessage(ActorCell.scala:580)
	at akka.actor.ActorCell.invoke(ActorCell.scala:548)
	at akka.dispatch.Mailbox.processMailbox(Mailbox.scala:270)
	at akka.dispatch.Mailbox.run(Mailbox.scala:231)
	at akka.dispatch.Mailbox.exec(Mailbox.scala:243)
	at java.base/java.util.concurrent.ForkJoinTask.doExec(ForkJoinTask.java:387)
	at java.base/java.util.concurrent.ForkJoinPool$WorkQueue.topLevelExec(ForkJoinPool.java:1312)
	at java.base/java.util.concurrent.ForkJoinPool.scan(ForkJoinPool.java:1843)
	at java.base/java.util.concurrent.ForkJoinPool.runWorker(ForkJoinPool.java:1808)
	at java.base/java.util.concurrent.ForkJoinWorkerThread.run(ForkJoinWorkerThread.java:188)
2026-07-10 14:34:07,251 [ERROR] from com.jpro.internal.server.Initializer$ in application-akka.actor.default-dispatcher-7 - error while applying configuration Install SecurityManager: 
java.lang.UnsupportedOperationException: The Security Manager is deprecated and will be removed in a future release
	at java.base/java.lang.System.setSecurityManager(System.java:430)
	at com.jpro.internal.server.Initializer$.$anonfun$initialize$7(Initializer.scala:170)
	at com.jpro.internal.server.Initializer$.execute(Initializer.scala:65)
	at com.jpro.internal.server.Initializer$.initialize(Initializer.scala:144)
	at com.jpro.internal.server.Initializer$.init(Initializer.scala:36)
	at controllers.jpro.<init>(jpro.scala:53)
	at controllers.jpro$$FastClassByGuice$$22044477.GUICE$TRAMPOLINE(<generated>)
	at controllers.jpro$$FastClassByGuice$$22044477.apply(<generated>)
	at com.google.inject.internal.DefaultConstructionProxyFactory$FastClassProxy.newInstance(DefaultConstructionProxyFactory.java:82)
	at com.google.inject.internal.ConstructorInjector.provision(ConstructorInjector.java:114)
	at com.google.inject.internal.ConstructorInjector.construct(ConstructorInjector.java:91)
	at com.google.inject.internal.ConstructorBindingImpl$Factory.get(ConstructorBindingImpl.java:296)
	at com.google.inject.internal.SingleParameterInjector.inject(SingleParameterInjector.java:40)
	at com.google.inject.internal.SingleParameterInjector.getAll(SingleParameterInjector.java:60)
	at com.google.inject.internal.ConstructorInjector.provision(ConstructorInjector.java:113)
	at com.google.inject.internal.ConstructorInjector.construct(ConstructorInjector.java:91)
	at com.google.inject.internal.ConstructorBindingImpl$Factory.get(ConstructorBindingImpl.java:296)
	at com.google.inject.internal.SingleParameterInjector.inject(SingleParameterInjector.java:40)
	at com.google.inject.internal.SingleParameterInjector.getAll(SingleParameterInjector.java:60)
	at com.google.inject.internal.ConstructorInjector.provision(ConstructorInjector.java:113)
	at com.google.inject.internal.ConstructorInjector.construct(ConstructorInjector.java:91)
	at com.google.inject.internal.ConstructorBindingImpl$Factory.get(ConstructorBindingImpl.java:296)
	at com.google.inject.internal.InjectorImpl$1.get(InjectorImpl.java:1100)
	at com.google.inject.internal.InjectorImpl.getInstance(InjectorImpl.java:1138)
	at play.api.inject.guice.GuiceInjector.instanceOf(GuiceInjectorBuilder.scala:436)
	at play.api.inject.ContextClassLoaderInjector.$anonfun$instanceOf$3(Injector.scala:120)
	at play.api.inject.ContextClassLoaderInjector.withContext(Injector.scala:128)
	at play.api.inject.ContextClassLoaderInjector.instanceOf(Injector.scala:120)
	at play.api.inject.RoutesProvider.$anonfun$get$2(BuiltinModule.scala:121)
	at scala.Option.fold(Option.scala:251)
	at play.api.inject.RoutesProvider.get$lzycompute(BuiltinModule.scala:121)
	at play.api.inject.RoutesProvider.get(BuiltinModule.scala:116)
	at play.api.inject.RoutesProvider.get(BuiltinModule.scala:110)
	at com.google.inject.internal.ProviderInternalFactory.provision(ProviderInternalFactory.java:86)
	at com.google.inject.internal.BoundProviderFactory.provision(BoundProviderFactory.java:72)
	at com.google.inject.internal.ProviderInternalFactory.circularGet(ProviderInternalFactory.java:60)
	at com.google.inject.internal.BoundProviderFactory.get(BoundProviderFactory.java:59)
	at com.google.inject.internal.InjectorImpl$1.get(InjectorImpl.java:1100)
	at play.api.http.DefaultHttpRequestHandler.routeRequest(HttpRequestHandler.scala:289)
	at play.api.http.JavaCompatibleHttpRequestHandler.routeRequest(HttpRequestHandler.scala:396)
	at play.api.http.DefaultHttpRequestHandler.routeWithFallback$1(HttpRequestHandler.scala:187)
	at play.api.http.DefaultHttpRequestHandler.handlerForRequest(HttpRequestHandler.scala:237)
	at play.core.server.Server$.getHandlerFor(Server.scala:126)
	at play.core.server.AkkaHttpServer.handleRequest(AkkaHttpServer.scala:317)
	at play.core.server.AkkaHttpServer.$anonfun$createServerBinding$1(AkkaHttpServer.scala:224)
	at akka.http.scaladsl.Http2Ext.$anonfun$handleUpgradeRequests$1(Http2.scala:145)
	at akka.stream.impl.fusing.MapAsync$$anon$30.onPush(Ops.scala:1307)
	at akka.stream.impl.fusing.GraphInterpreter.processPush(GraphInterpreter.scala:542)
	at akka.stream.impl.fusing.GraphInterpreter.execute(GraphInterpreter.scala:423)
	at akka.stream.impl.fusing.GraphInterpreterShell.runBatch(ActorGraphInterpreter.scala:650)
	at akka.stream.impl.fusing.ActorGraphInterpreter$SimpleBoundaryEvent.execute(ActorGraphInterpreter.scala:61)
	at akka.stream.impl.fusing.ActorGraphInterpreter$SimpleBoundaryEvent.execute$(ActorGraphInterpreter.scala:57)
	at akka.stream.impl.fusing.ActorGraphInterpreter$BatchingActorInputBoundary$OnNext.execute(ActorGraphInterpreter.scala:104)
	at akka.stream.impl.fusing.GraphInterpreterShell.processEvent(ActorGraphInterpreter.scala:625)
	at akka.stream.impl.fusing.ActorGraphInterpreter.akka$stream$impl$fusing$ActorGraphInterpreter$$processEvent(ActorGraphInterpreter.scala:800)
	at akka.stream.impl.fusing.ActorGraphInterpreter$$anonfun$receive$1.applyOrElse(ActorGraphInterpreter.scala:818)
	at akka.actor.Actor.aroundReceive(Actor.scala:537)
	at akka.actor.Actor.aroundReceive$(Actor.scala:535)
	at akka.stream.impl.fusing.ActorGraphInterpreter.aroundReceive(ActorGraphInterpreter.scala:716)
	at akka.actor.ActorCell.receiveMessage(ActorCell.scala:580)
	at akka.actor.ActorCell.invoke(ActorCell.scala:548)
	at akka.dispatch.Mailbox.processMailbox(Mailbox.scala:270)
	at akka.dispatch.Mailbox.run(Mailbox.scala:231)
	at akka.dispatch.Mailbox.exec(Mailbox.scala:243)
	at java.base/java.util.concurrent.ForkJoinTask.doExec(ForkJoinTask.java:387)
	at java.base/java.util.concurrent.ForkJoinPool$WorkQueue.topLevelExec(ForkJoinPool.java:1312)
	at java.base/java.util.concurrent.ForkJoinPool.scan(ForkJoinPool.java:1843)
	at java.base/java.util.concurrent.ForkJoinPool.runWorker(ForkJoinPool.java:1808)
	at java.base/java.util.concurrent.ForkJoinWorkerThread.run(ForkJoinWorkerThread.java:188)
2026-07-10 14:35:16,130 [ERROR] from com.jpro.internal.server.Initializer$ in application-akka.actor.default-dispatcher-8 - error while applying configuration Install SecurityManager: 
java.lang.UnsupportedOperationException: The Security Manager is deprecated and will be removed in a future release
	at java.base/java.lang.System.setSecurityManager(System.java:430)
	at com.jpro.internal.server.Initializer$.$anonfun$initialize$7(Initializer.scala:170)
	at com.jpro.internal.server.Initializer$.execute(Initializer.scala:65)
	at com.jpro.internal.server.Initializer$.initialize(Initializer.scala:144)
	at com.jpro.internal.server.Initializer$.init(Initializer.scala:36)
	at controllers.jpro.<init>(jpro.scala:53)
	at controllers.jpro$$FastClassByGuice$$22044477.GUICE$TRAMPOLINE(<generated>)
	at controllers.jpro$$FastClassByGuice$$22044477.apply(<generated>)
	at com.google.inject.internal.DefaultConstructionProxyFactory$FastClassProxy.newInstance(DefaultConstructionProxyFactory.java:82)
	at com.google.inject.internal.ConstructorInjector.provision(ConstructorInjector.java:114)
	at com.google.inject.internal.ConstructorInjector.construct(ConstructorInjector.java:91)
	at com.google.inject.internal.ConstructorBindingImpl$Factory.get(ConstructorBindingImpl.java:296)
	at com.google.inject.internal.SingleParameterInjector.inject(SingleParameterInjector.java:40)
	at com.google.inject.internal.SingleParameterInjector.getAll(SingleParameterInjector.java:60)
	at com.google.inject.internal.ConstructorInjector.provision(ConstructorInjector.java:113)
	at com.google.inject.internal.ConstructorInjector.construct(ConstructorInjector.java:91)
	at com.google.inject.internal.ConstructorBindingImpl$Factory.get(ConstructorBindingImpl.java:296)
	at com.google.inject.internal.SingleParameterInjector.inject(SingleParameterInjector.java:40)
	at com.google.inject.internal.SingleParameterInjector.getAll(SingleParameterInjector.java:60)
	at com.google.inject.internal.ConstructorInjector.provision(ConstructorInjector.java:113)
	at com.google.inject.internal.ConstructorInjector.construct(ConstructorInjector.java:91)
	at com.google.inject.internal.ConstructorBindingImpl$Factory.get(ConstructorBindingImpl.java:296)
	at com.google.inject.internal.InjectorImpl$1.get(InjectorImpl.java:1100)
	at com.google.inject.internal.InjectorImpl.getInstance(InjectorImpl.java:1138)
	at play.api.inject.guice.GuiceInjector.instanceOf(GuiceInjectorBuilder.scala:436)
	at play.api.inject.ContextClassLoaderInjector.$anonfun$instanceOf$3(Injector.scala:120)
	at play.api.inject.ContextClassLoaderInjector.withContext(Injector.scala:128)
	at play.api.inject.ContextClassLoaderInjector.instanceOf(Injector.scala:120)
	at play.api.inject.RoutesProvider.$anonfun$get$2(BuiltinModule.scala:121)
	at scala.Option.fold(Option.scala:251)
	at play.api.inject.RoutesProvider.get$lzycompute(BuiltinModule.scala:121)
	at play.api.inject.RoutesProvider.get(BuiltinModule.scala:116)
	at play.api.inject.RoutesProvider.get(BuiltinModule.scala:110)
	at com.google.inject.internal.ProviderInternalFactory.provision(ProviderInternalFactory.java:86)
	at com.google.inject.internal.BoundProviderFactory.provision(BoundProviderFactory.java:72)
	at com.google.inject.internal.ProviderInternalFactory.circularGet(ProviderInternalFactory.java:60)
	at com.google.inject.internal.BoundProviderFactory.get(BoundProviderFactory.java:59)
	at com.google.inject.internal.InjectorImpl$1.get(InjectorImpl.java:1100)
	at play.api.http.DefaultHttpRequestHandler.routeRequest(HttpRequestHandler.scala:289)
	at play.api.http.JavaCompatibleHttpRequestHandler.routeRequest(HttpRequestHandler.scala:396)
	at play.api.http.DefaultHttpRequestHandler.routeWithFallback$1(HttpRequestHandler.scala:187)
	at play.api.http.DefaultHttpRequestHandler.handlerForRequest(HttpRequestHandler.scala:237)
	at play.core.server.Server$.getHandlerFor(Server.scala:126)
	at play.core.server.AkkaHttpServer.handleRequest(AkkaHttpServer.scala:317)
	at play.core.server.AkkaHttpServer.$anonfun$createServerBinding$1(AkkaHttpServer.scala:224)
	at akka.http.scaladsl.Http2Ext.$anonfun$handleUpgradeRequests$1(Http2.scala:145)
	at akka.stream.impl.fusing.MapAsync$$anon$30.onPush(Ops.scala:1307)
	at akka.stream.impl.fusing.GraphInterpreter.processPush(GraphInterpreter.scala:542)
	at akka.stream.impl.fusing.GraphInterpreter.execute(GraphInterpreter.scala:423)
	at akka.stream.impl.fusing.GraphInterpreterShell.runBatch(ActorGraphInterpreter.scala:650)
	at akka.stream.impl.fusing.ActorGraphInterpreter$SimpleBoundaryEvent.execute(ActorGraphInterpreter.scala:61)
	at akka.stream.impl.fusing.ActorGraphInterpreter$SimpleBoundaryEvent.execute$(ActorGraphInterpreter.scala:57)
	at akka.stream.impl.fusing.ActorGraphInterpreter$BatchingActorInputBoundary$OnNext.execute(ActorGraphInterpreter.scala:104)
	at akka.stream.impl.fusing.GraphInterpreterShell.processEvent(ActorGraphInterpreter.scala:625)
	at akka.stream.impl.fusing.ActorGraphInterpreter.akka$stream$impl$fusing$ActorGraphInterpreter$$processEvent(ActorGraphInterpreter.scala:800)
	at akka.stream.impl.fusing.ActorGraphInterpreter$$anonfun$receive$1.applyOrElse(ActorGraphInterpreter.scala:818)
	at akka.actor.Actor.aroundReceive(Actor.scala:537)
	at akka.actor.Actor.aroundReceive$(Actor.scala:535)
	at akka.stream.impl.fusing.ActorGraphInterpreter.aroundReceive(ActorGraphInterpreter.scala:716)
	at akka.actor.ActorCell.receiveMessage(ActorCell.scala:580)
	at akka.actor.ActorCell.invoke(ActorCell.scala:548)
	at akka.dispatch.Mailbox.processMailbox(Mailbox.scala:270)
	at akka.dispatch.Mailbox.run(Mailbox.scala:231)
	at akka.dispatch.Mailbox.exec(Mailbox.scala:243)
	at java.base/java.util.concurrent.ForkJoinTask.doExec(ForkJoinTask.java:387)
	at java.base/java.util.concurrent.ForkJoinPool$WorkQueue.topLevelExec(ForkJoinPool.java:1312)
	at java.base/java.util.concurrent.ForkJoinPool.scan(ForkJoinPool.java:1843)
	at java.base/java.util.concurrent.ForkJoinPool.runWorker(ForkJoinPool.java:1808)
	at java.base/java.util.concurrent.ForkJoinWorkerThread.run(ForkJoinWorkerThread.java:188)
2026-07-10 14:42:17,794 [ERROR] from com.jpro.internal.server.Initializer$ in application-akka.actor.default-dispatcher-5 - error while applying configuration Install SecurityManager: 
java.lang.UnsupportedOperationException: The Security Manager is deprecated and will be removed in a future release
	at java.base/java.lang.System.setSecurityManager(System.java:430)
	at com.jpro.internal.server.Initializer$.$anonfun$initialize$7(Initializer.scala:170)
	at com.jpro.internal.server.Initializer$.execute(Initializer.scala:65)
	at com.jpro.internal.server.Initializer$.initialize(Initializer.scala:144)
	at com.jpro.internal.server.Initializer$.init(Initializer.scala:36)
	at controllers.jpro.<init>(jpro.scala:53)
	at controllers.jpro$$FastClassByGuice$$22044477.GUICE$TRAMPOLINE(<generated>)
	at controllers.jpro$$FastClassByGuice$$22044477.apply(<generated>)
	at com.google.inject.internal.DefaultConstructionProxyFactory$FastClassProxy.newInstance(DefaultConstructionProxyFactory.java:82)
	at com.google.inject.internal.ConstructorInjector.provision(ConstructorInjector.java:114)
	at com.google.inject.internal.ConstructorInjector.construct(ConstructorInjector.java:91)
	at com.google.inject.internal.ConstructorBindingImpl$Factory.get(ConstructorBindingImpl.java:296)
	at com.google.inject.internal.SingleParameterInjector.inject(SingleParameterInjector.java:40)
	at com.google.inject.internal.SingleParameterInjector.getAll(SingleParameterInjector.java:60)
	at com.google.inject.internal.ConstructorInjector.provision(ConstructorInjector.java:113)
	at com.google.inject.internal.ConstructorInjector.construct(ConstructorInjector.java:91)
	at com.google.inject.internal.ConstructorBindingImpl$Factory.get(ConstructorBindingImpl.java:296)
	at com.google.inject.internal.SingleParameterInjector.inject(SingleParameterInjector.java:40)
	at com.google.inject.internal.SingleParameterInjector.getAll(SingleParameterInjector.java:60)
	at com.google.inject.internal.ConstructorInjector.provision(ConstructorInjector.java:113)
	at com.google.inject.internal.ConstructorInjector.construct(ConstructorInjector.java:91)
	at com.google.inject.internal.ConstructorBindingImpl$Factory.get(ConstructorBindingImpl.java:296)
	at com.google.inject.internal.InjectorImpl$1.get(InjectorImpl.java:1100)
	at com.google.inject.internal.InjectorImpl.getInstance(InjectorImpl.java:1138)
	at play.api.inject.guice.GuiceInjector.instanceOf(GuiceInjectorBuilder.scala:436)
	at play.api.inject.ContextClassLoaderInjector.$anonfun$instanceOf$3(Injector.scala:120)
	at play.api.inject.ContextClassLoaderInjector.withContext(Injector.scala:128)
	at play.api.inject.ContextClassLoaderInjector.instanceOf(Injector.scala:120)
	at play.api.inject.RoutesProvider.$anonfun$get$2(BuiltinModule.scala:121)
	at scala.Option.fold(Option.scala:251)
	at play.api.inject.RoutesProvider.get$lzycompute(BuiltinModule.scala:121)
	at play.api.inject.RoutesProvider.get(BuiltinModule.scala:116)
	at play.api.inject.RoutesProvider.get(BuiltinModule.scala:110)
	at com.google.inject.internal.ProviderInternalFactory.provision(ProviderInternalFactory.java:86)
	at com.google.inject.internal.BoundProviderFactory.provision(BoundProviderFactory.java:72)
	at com.google.inject.internal.ProviderInternalFactory.circularGet(ProviderInternalFactory.java:60)
	at com.google.inject.internal.BoundProviderFactory.get(BoundProviderFactory.java:59)
	at com.google.inject.internal.InjectorImpl$1.get(InjectorImpl.java:1100)
	at play.api.http.DefaultHttpRequestHandler.routeRequest(HttpRequestHandler.scala:289)
	at play.api.http.JavaCompatibleHttpRequestHandler.routeRequest(HttpRequestHandler.scala:396)
	at play.api.http.DefaultHttpRequestHandler.routeWithFallback$1(HttpRequestHandler.scala:187)
	at play.api.http.DefaultHttpRequestHandler.handlerForRequest(HttpRequestHandler.scala:237)
	at play.core.server.Server$.getHandlerFor(Server.scala:126)
	at play.core.server.AkkaHttpServer.handleRequest(AkkaHttpServer.scala:317)
	at play.core.server.AkkaHttpServer.$anonfun$createServerBinding$1(AkkaHttpServer.scala:224)
	at akka.http.scaladsl.Http2Ext.$anonfun$handleUpgradeRequests$1(Http2.scala:145)
	at akka.stream.impl.fusing.MapAsync$$anon$30.onPush(Ops.scala:1307)
	at akka.stream.impl.fusing.GraphInterpreter.processPush(GraphInterpreter.scala:542)
	at akka.stream.impl.fusing.GraphInterpreter.execute(GraphInterpreter.scala:423)
	at akka.stream.impl.fusing.GraphInterpreterShell.runBatch(ActorGraphInterpreter.scala:650)
	at akka.stream.impl.fusing.ActorGraphInterpreter$SimpleBoundaryEvent.execute(ActorGraphInterpreter.scala:61)
	at akka.stream.impl.fusing.ActorGraphInterpreter$SimpleBoundaryEvent.execute$(ActorGraphInterpreter.scala:57)
	at akka.stream.impl.fusing.ActorGraphInterpreter$BatchingActorInputBoundary$OnNext.execute(ActorGraphInterpreter.scala:104)
	at akka.stream.impl.fusing.GraphInterpreterShell.processEvent(ActorGraphInterpreter.scala:625)
	at akka.stream.impl.fusing.ActorGraphInterpreter.akka$stream$impl$fusing$ActorGraphInterpreter$$processEvent(ActorGraphInterpreter.scala:800)
	at akka.stream.impl.fusing.ActorGraphInterpreter$$anonfun$receive$1.applyOrElse(ActorGraphInterpreter.scala:818)
	at akka.actor.Actor.aroundReceive(Actor.scala:537)
	at akka.actor.Actor.aroundReceive$(Actor.scala:535)
	at akka.stream.impl.fusing.ActorGraphInterpreter.aroundReceive(ActorGraphInterpreter.scala:716)
	at akka.actor.ActorCell.receiveMessage(ActorCell.scala:580)
	at akka.actor.ActorCell.invoke(ActorCell.scala:548)
	at akka.dispatch.Mailbox.processMailbox(Mailbox.scala:270)
	at akka.dispatch.Mailbox.run(Mailbox.scala:231)
	at akka.dispatch.Mailbox.exec(Mailbox.scala:243)
	at java.base/java.util.concurrent.ForkJoinTask.doExec(ForkJoinTask.java:387)
	at java.base/java.util.concurrent.ForkJoinPool$WorkQueue.topLevelExec(ForkJoinPool.java:1312)
	at java.base/java.util.concurrent.ForkJoinPool.scan(ForkJoinPool.java:1843)
	at java.base/java.util.concurrent.ForkJoinPool.runWorker(ForkJoinPool.java:1808)
	at java.base/java.util.concurrent.ForkJoinWorkerThread.run(ForkJoinWorkerThread.java:188)
2026-07-10 14:54:36,152 [ERROR] from com.jpro.internal.server.Initializer$ in application-akka.actor.default-dispatcher-5 - error while applying configuration Install SecurityManager: 
java.lang.UnsupportedOperationException: The Security Manager is deprecated and will be removed in a future release
	at java.base/java.lang.System.setSecurityManager(System.java:430)
	at com.jpro.internal.server.Initializer$.$anonfun$initialize$7(Initializer.scala:170)
	at com.jpro.internal.server.Initializer$.execute(Initializer.scala:65)
	at com.jpro.internal.server.Initializer$.initialize(Initializer.scala:144)
	at com.jpro.internal.server.Initializer$.init(Initializer.scala:36)
	at controllers.jpro.<init>(jpro.scala:53)
	at controllers.jpro$$FastClassByGuice$$19277944.GUICE$TRAMPOLINE(<generated>)
	at controllers.jpro$$FastClassByGuice$$19277944.apply(<generated>)
	at com.google.inject.internal.DefaultConstructionProxyFactory$FastClassProxy.newInstance(DefaultConstructionProxyFactory.java:82)
	at com.google.inject.internal.ConstructorInjector.provision(ConstructorInjector.java:114)
	at com.google.inject.internal.ConstructorInjector.construct(ConstructorInjector.java:91)
	at com.google.inject.internal.ConstructorBindingImpl$Factory.get(ConstructorBindingImpl.java:296)
	at com.google.inject.internal.SingleParameterInjector.inject(SingleParameterInjector.java:40)
	at com.google.inject.internal.SingleParameterInjector.getAll(SingleParameterInjector.java:60)
	at com.google.inject.internal.ConstructorInjector.provision(ConstructorInjector.java:113)
	at com.google.inject.internal.ConstructorInjector.construct(ConstructorInjector.java:91)
	at com.google.inject.internal.ConstructorBindingImpl$Factory.get(ConstructorBindingImpl.java:296)
	at com.google.inject.internal.SingleParameterInjector.inject(SingleParameterInjector.java:40)
	at com.google.inject.internal.SingleParameterInjector.getAll(SingleParameterInjector.java:60)
	at com.google.inject.internal.ConstructorInjector.provision(ConstructorInjector.java:113)
	at com.google.inject.internal.ConstructorInjector.construct(ConstructorInjector.java:91)
	at com.google.inject.internal.ConstructorBindingImpl$Factory.get(ConstructorBindingImpl.java:296)
	at com.google.inject.internal.InjectorImpl$1.get(InjectorImpl.java:1100)
	at com.google.inject.internal.InjectorImpl.getInstance(InjectorImpl.java:1138)
	at play.api.inject.guice.GuiceInjector.instanceOf(GuiceInjectorBuilder.scala:436)
	at play.api.inject.ContextClassLoaderInjector.$anonfun$instanceOf$3(Injector.scala:120)
	at play.api.inject.ContextClassLoaderInjector.withContext(Injector.scala:128)
	at play.api.inject.ContextClassLoaderInjector.instanceOf(Injector.scala:120)
	at play.api.inject.RoutesProvider.$anonfun$get$2(BuiltinModule.scala:121)
	at scala.Option.fold(Option.scala:251)
	at play.api.inject.RoutesProvider.get$lzycompute(BuiltinModule.scala:121)
	at play.api.inject.RoutesProvider.get(BuiltinModule.scala:116)
	at play.api.inject.RoutesProvider.get(BuiltinModule.scala:110)
	at com.google.inject.internal.ProviderInternalFactory.provision(ProviderInternalFactory.java:86)
	at com.google.inject.internal.BoundProviderFactory.provision(BoundProviderFactory.java:72)
	at com.google.inject.internal.ProviderInternalFactory.circularGet(ProviderInternalFactory.java:60)
	at com.google.inject.internal.BoundProviderFactory.get(BoundProviderFactory.java:59)
	at com.google.inject.internal.InjectorImpl$1.get(InjectorImpl.java:1100)
	at play.api.http.DefaultHttpRequestHandler.routeRequest(HttpRequestHandler.scala:289)
	at play.api.http.JavaCompatibleHttpRequestHandler.routeRequest(HttpRequestHandler.scala:396)
	at play.api.http.DefaultHttpRequestHandler.routeWithFallback$1(HttpRequestHandler.scala:187)
	at play.api.http.DefaultHttpRequestHandler.handlerForRequest(HttpRequestHandler.scala:237)
	at play.core.server.Server$.getHandlerFor(Server.scala:126)
	at play.core.server.AkkaHttpServer.handleRequest(AkkaHttpServer.scala:317)
	at play.core.server.AkkaHttpServer.$anonfun$createServerBinding$1(AkkaHttpServer.scala:224)
	at akka.http.scaladsl.Http2Ext.$anonfun$handleUpgradeRequests$1(Http2.scala:145)
	at akka.stream.impl.fusing.MapAsync$$anon$30.onPush(Ops.scala:1307)
	at akka.stream.impl.fusing.GraphInterpreter.processPush(GraphInterpreter.scala:542)
	at akka.stream.impl.fusing.GraphInterpreter.execute(GraphInterpreter.scala:423)
	at akka.stream.impl.fusing.GraphInterpreterShell.runBatch(ActorGraphInterpreter.scala:650)
	at akka.stream.impl.fusing.ActorGraphInterpreter$SimpleBoundaryEvent.execute(ActorGraphInterpreter.scala:61)
	at akka.stream.impl.fusing.ActorGraphInterpreter$SimpleBoundaryEvent.execute$(ActorGraphInterpreter.scala:57)
	at akka.stream.impl.fusing.ActorGraphInterpreter$BatchingActorInputBoundary$OnNext.execute(ActorGraphInterpreter.scala:104)
	at akka.stream.impl.fusing.GraphInterpreterShell.processEvent(ActorGraphInterpreter.scala:625)
	at akka.stream.impl.fusing.ActorGraphInterpreter.akka$stream$impl$fusing$ActorGraphInterpreter$$processEvent(ActorGraphInterpreter.scala:800)
	at akka.stream.impl.fusing.ActorGraphInterpreter$$anonfun$receive$1.applyOrElse(ActorGraphInterpreter.scala:818)
	at akka.actor.Actor.aroundReceive(Actor.scala:537)
	at akka.actor.Actor.aroundReceive$(Actor.scala:535)
	at akka.stream.impl.fusing.ActorGraphInterpreter.aroundReceive(ActorGraphInterpreter.scala:716)
	at akka.actor.ActorCell.receiveMessage(ActorCell.scala:580)
	at akka.actor.ActorCell.invoke(ActorCell.scala:548)
	at akka.dispatch.Mailbox.processMailbox(Mailbox.scala:270)
	at akka.dispatch.Mailbox.run(Mailbox.scala:231)
	at akka.dispatch.Mailbox.exec(Mailbox.scala:243)
	at java.base/java.util.concurrent.ForkJoinTask.doExec(ForkJoinTask.java:387)
	at java.base/java.util.concurrent.ForkJoinPool$WorkQueue.topLevelExec(ForkJoinPool.java:1312)
	at java.base/java.util.concurrent.ForkJoinPool.scan(ForkJoinPool.java:1843)
	at java.base/java.util.concurrent.ForkJoinPool.runWorker(ForkJoinPool.java:1808)
	at java.base/java.util.concurrent.ForkJoinWorkerThread.run(ForkJoinWorkerThread.java:188)
=======
2026-07-10 15:29:48,688 [ERROR] from com.jpro.meta.tk.SceneInputListener in JavaFX Application Thread - Error while processing the input: MouseEventToken(MouseReleased,953.6000366210938,380.8000183105469,MouseButtonToken(3),false,false,false,false,false,false,false,false) app: stage title: 練習モード
java.lang.reflect.InvocationTargetException: null
	at jdk.internal.reflect.GeneratedMethodAccessor9.invoke(Unknown Source)
	at java.base/jdk.internal.reflect.DelegatingMethodAccessorImpl.invoke(DelegatingMethodAccessorImpl.java:43)
	at java.base/java.lang.reflect.Method.invoke(Method.java:569)
	at simplefx.util.ReflectionUtil$UseReflection.applyDynamic(ReflectionUtil.scala:21)
	at com.jpro.meta.tk.SceneInputListener.processInputInScene(SceneInputListener.scala:264)
	at com.jpro.meta.tk.SceneInputListener.processInput(SceneInputListener.scala:175)
	at com.jpro.meta.tk.SceneInputListener.processInputs(SceneInputListener.scala:108)
	at com.jpro.meta.tk.SceneInputListener.$anonfun$new$4(SceneInputListener.scala:42)
	at simplefx.cores.standard.parts.CoreTimeEvent$$anon$3.run(CoreTimeEvent.scala:62)
	at com.sun.javafx.application.PlatformImpl.lambda$runLater$10(PlatformImpl.java:457)
	at java.base/java.security.AccessController.doPrivileged(AccessController.java:399)
	at com.sun.javafx.application.PlatformImpl.lambda$runLater$11(PlatformImpl.java:456)
	at com.sun.glass.ui.monocle.RunnableProcessor.runLoop(RunnableProcessor.java:92)
	at com.sun.glass.ui.monocle.RunnableProcessor.run(RunnableProcessor.java:51)
	at java.base/java.lang.Thread.run(Thread.java:840)
Caused by: java.lang.reflect.InvocationTargetException: null
	at jdk.internal.reflect.GeneratedMethodAccessor10.invoke(Unknown Source)
	at java.base/jdk.internal.reflect.DelegatingMethodAccessorImpl.invoke(DelegatingMethodAccessorImpl.java:43)
	at java.base/java.lang.reflect.Method.invoke(Method.java:569)
	at simplefx.util.ReflectionUtil$UseReflection.applyDynamic(ReflectionUtil.scala:21)
	at com.sun.glass.ui.monocle.input.fork.NativeMouseInput.notifyMouse(NativeMouseInput.scala:330)
	at com.sun.glass.ui.monocle.input.fork.NativeMouseInput.postMouseEvent(NativeMouseInput.scala:226)
	at com.sun.glass.ui.monocle.input.fork.NativeMouseInput.setState(NativeMouseInput.scala:186)
	... 15 common frames omitted
Caused by: java.lang.NullPointerException: Cannot invoke "javafx.scene.media.AudioClip.stop()" because "this.clickSound" is null
	at story.Practice.lambda$createScene$2(Practice.java:122)
	at com.sun.javafx.event.CompositeEventHandler.dispatchBubblingEvent(CompositeEventHandler.java:86)
	at com.sun.javafx.event.EventHandlerManager.dispatchBubblingEvent(EventHandlerManager.java:234)
	at com.sun.javafx.event.EventHandlerManager.dispatchBubblingEvent(EventHandlerManager.java:191)
	at com.sun.javafx.event.CompositeEventDispatcher.dispatchBubblingEvent(CompositeEventDispatcher.java:59)
	at com.sun.javafx.event.BasicEventDispatcher.dispatchEvent(BasicEventDispatcher.java:58)
	at com.sun.javafx.event.EventDispatchChainImpl.dispatchEvent(EventDispatchChainImpl.java:114)
	at com.sun.javafx.event.BasicEventDispatcher.dispatchEvent(BasicEventDispatcher.java:56)
	at com.sun.javafx.event.EventDispatchChainImpl.dispatchEvent(EventDispatchChainImpl.java:114)
	at com.sun.javafx.event.BasicEventDispatcher.dispatchEvent(BasicEventDispatcher.java:56)
	at com.sun.javafx.event.EventDispatchChainImpl.dispatchEvent(EventDispatchChainImpl.java:114)
	at com.sun.javafx.event.EventUtil.fireEventImpl(EventUtil.java:74)
	at com.sun.javafx.event.EventUtil.fireEvent(EventUtil.java:49)
	at javafx.event.Event.fireEvent(Event.java:198)
	at javafx.scene.Node.fireEvent(Node.java:8797)
	at javafx.scene.control.Button.fire(Button.java:203)
	at com.sun.javafx.scene.control.behavior.ButtonBehavior.mouseReleased(ButtonBehavior.java:208)
	at com.sun.javafx.scene.control.inputmap.InputMap.handle(InputMap.java:274)
	at com.sun.javafx.event.CompositeEventHandler$NormalEventHandlerRecord.handleBubblingEvent(CompositeEventHandler.java:247)
	at com.sun.javafx.event.CompositeEventHandler.dispatchBubblingEvent(CompositeEventHandler.java:80)
	at com.sun.javafx.event.EventHandlerManager.dispatchBubblingEvent(EventHandlerManager.java:234)
	at com.sun.javafx.event.EventHandlerManager.dispatchBubblingEvent(EventHandlerManager.java:191)
	at com.sun.javafx.event.CompositeEventDispatcher.dispatchBubblingEvent(CompositeEventDispatcher.java:59)
	at com.sun.javafx.event.BasicEventDispatcher.dispatchEvent(BasicEventDispatcher.java:58)
	at com.sun.javafx.event.EventDispatchChainImpl.dispatchEvent(EventDispatchChainImpl.java:114)
	at com.sun.javafx.event.BasicEventDispatcher.dispatchEvent(BasicEventDispatcher.java:56)
	at com.sun.javafx.event.EventDispatchChainImpl.dispatchEvent(EventDispatchChainImpl.java:114)
	at com.sun.javafx.event.BasicEventDispatcher.dispatchEvent(BasicEventDispatcher.java:56)
	at com.sun.javafx.event.EventDispatchChainImpl.dispatchEvent(EventDispatchChainImpl.java:114)
	at com.sun.javafx.event.EventUtil.fireEventImpl(EventUtil.java:74)
	at com.sun.javafx.event.EventUtil.fireEvent(EventUtil.java:54)
	at javafx.event.Event.fireEvent(Event.java:198)
	at javafx.scene.Scene$MouseHandler.process(Scene.java:3931)
	at javafx.scene.Scene.processMouseEvent(Scene.java:1918)
	at javafx.scene.Scene$ScenePeerListener.mouseEvent(Scene.java:2657)
	at com.sun.javafx.tk.quantum.GlassViewEventHandler$MouseEventNotification.run(GlassViewEventHandler.java:411)
	at com.sun.javafx.tk.quantum.GlassViewEventHandler$MouseEventNotification.run(GlassViewEventHandler.java:301)
	at java.base/java.security.AccessController.doPrivileged(AccessController.java:399)
	at com.sun.javafx.tk.quantum.GlassViewEventHandler.lambda$handleMouseEvent$2(GlassViewEventHandler.java:450)
	at com.sun.javafx.tk.quantum.QuantumToolkit.runWithoutRenderLock(QuantumToolkit.java:430)
	at com.sun.javafx.tk.quantum.GlassViewEventHandler.handleMouseEvent(GlassViewEventHandler.java:449)
	at com.sun.glass.ui.View.handleMouseEvent(View.java:551)
	at com.sun.glass.ui.View.notifyMouse(View.java:937)
	at com.sun.glass.ui.monocle.MonocleView.notifyMouse(MonocleView.java:116)
	... 22 common frames omitted
2026-07-10 15:29:48,923 [ERROR] from com.jpro.meta.tk.SceneInputListener in JavaFX Application Thread - Error while processing the input: MouseEventToken(MouseMoved,957.6000366210938,380.0,MouseButtonToken(2),false,false,false,false,false,false,false,false) app: stage title: 練習モード
java.lang.reflect.InvocationTargetException: null
	at jdk.internal.reflect.GeneratedMethodAccessor9.invoke(Unknown Source)
	at java.base/jdk.internal.reflect.DelegatingMethodAccessorImpl.invoke(DelegatingMethodAccessorImpl.java:43)
	at java.base/java.lang.reflect.Method.invoke(Method.java:569)
	at simplefx.util.ReflectionUtil$UseReflection.applyDynamic(ReflectionUtil.scala:21)
	at com.jpro.meta.tk.SceneInputListener.processInputInScene(SceneInputListener.scala:264)
	at com.jpro.meta.tk.SceneInputListener.processInput(SceneInputListener.scala:178)
	at com.jpro.meta.tk.SceneInputListener.processInputs(SceneInputListener.scala:108)
	at com.jpro.meta.tk.SceneInputListener.$anonfun$new$4(SceneInputListener.scala:42)
	at simplefx.cores.standard.parts.CoreTimeEvent$$anon$3.run(CoreTimeEvent.scala:62)
	at com.sun.javafx.application.PlatformImpl.lambda$runLater$10(PlatformImpl.java:457)
	at java.base/java.security.AccessController.doPrivileged(AccessController.java:399)
	at com.sun.javafx.application.PlatformImpl.lambda$runLater$11(PlatformImpl.java:456)
	at com.sun.glass.ui.monocle.RunnableProcessor.runLoop(RunnableProcessor.java:92)
	at com.sun.glass.ui.monocle.RunnableProcessor.run(RunnableProcessor.java:51)
	at java.base/java.lang.Thread.run(Thread.java:840)
Caused by: java.lang.reflect.InvocationTargetException: null
	at jdk.internal.reflect.GeneratedMethodAccessor10.invoke(Unknown Source)
	at java.base/jdk.internal.reflect.DelegatingMethodAccessorImpl.invoke(DelegatingMethodAccessorImpl.java:43)
	at java.base/java.lang.reflect.Method.invoke(Method.java:569)
	at simplefx.util.ReflectionUtil$UseReflection.applyDynamic(ReflectionUtil.scala:21)
	at com.sun.glass.ui.monocle.input.fork.NativeMouseInput.notifyMouse(NativeMouseInput.scala:330)
	at com.sun.glass.ui.monocle.input.fork.NativeMouseInput.postMouseEvent(NativeMouseInput.scala:226)
	at com.sun.glass.ui.monocle.input.fork.NativeMouseInput.setState(NativeMouseInput.scala:186)
	... 15 common frames omitted
Caused by: java.lang.NullPointerException: Cannot invoke "javafx.scene.media.AudioClip.stop()" because "this.clickSound" is null
	at story.Practice.lambda$createScene$2(Practice.java:122)
	at com.sun.javafx.event.CompositeEventHandler.dispatchBubblingEvent(CompositeEventHandler.java:86)
	at com.sun.javafx.event.EventHandlerManager.dispatchBubblingEvent(EventHandlerManager.java:234)
	at com.sun.javafx.event.EventHandlerManager.dispatchBubblingEvent(EventHandlerManager.java:191)
	at com.sun.javafx.event.CompositeEventDispatcher.dispatchBubblingEvent(CompositeEventDispatcher.java:59)
	at com.sun.javafx.event.BasicEventDispatcher.dispatchEvent(BasicEventDispatcher.java:58)
	at com.sun.javafx.event.EventDispatchChainImpl.dispatchEvent(EventDispatchChainImpl.java:114)
	at com.sun.javafx.event.BasicEventDispatcher.dispatchEvent(BasicEventDispatcher.java:56)
	at com.sun.javafx.event.EventDispatchChainImpl.dispatchEvent(EventDispatchChainImpl.java:114)
	at com.sun.javafx.event.BasicEventDispatcher.dispatchEvent(BasicEventDispatcher.java:56)
	at com.sun.javafx.event.EventDispatchChainImpl.dispatchEvent(EventDispatchChainImpl.java:114)
	at com.sun.javafx.event.EventUtil.fireEventImpl(EventUtil.java:74)
	at com.sun.javafx.event.EventUtil.fireEvent(EventUtil.java:49)
	at javafx.event.Event.fireEvent(Event.java:198)
	at javafx.scene.Node.fireEvent(Node.java:8797)
	at javafx.scene.control.Button.fire(Button.java:203)
	at com.sun.javafx.scene.control.behavior.ButtonBehavior.mouseReleased(ButtonBehavior.java:208)
	at com.sun.javafx.scene.control.inputmap.InputMap.handle(InputMap.java:274)
	at com.sun.javafx.event.CompositeEventHandler$NormalEventHandlerRecord.handleBubblingEvent(CompositeEventHandler.java:247)
	at com.sun.javafx.event.CompositeEventHandler.dispatchBubblingEvent(CompositeEventHandler.java:80)
	at com.sun.javafx.event.EventHandlerManager.dispatchBubblingEvent(EventHandlerManager.java:234)
	at com.sun.javafx.event.EventHandlerManager.dispatchBubblingEvent(EventHandlerManager.java:191)
	at com.sun.javafx.event.CompositeEventDispatcher.dispatchBubblingEvent(CompositeEventDispatcher.java:59)
	at com.sun.javafx.event.BasicEventDispatcher.dispatchEvent(BasicEventDispatcher.java:58)
	at com.sun.javafx.event.EventDispatchChainImpl.dispatchEvent(EventDispatchChainImpl.java:114)
	at com.sun.javafx.event.BasicEventDispatcher.dispatchEvent(BasicEventDispatcher.java:56)
	at com.sun.javafx.event.EventDispatchChainImpl.dispatchEvent(EventDispatchChainImpl.java:114)
	at com.sun.javafx.event.BasicEventDispatcher.dispatchEvent(BasicEventDispatcher.java:56)
	at com.sun.javafx.event.EventDispatchChainImpl.dispatchEvent(EventDispatchChainImpl.java:114)
	at com.sun.javafx.event.EventUtil.fireEventImpl(EventUtil.java:74)
	at com.sun.javafx.event.EventUtil.fireEvent(EventUtil.java:54)
	at javafx.event.Event.fireEvent(Event.java:198)
	at javafx.scene.Scene$MouseHandler.process(Scene.java:3931)
	at javafx.scene.Scene.processMouseEvent(Scene.java:1918)
	at javafx.scene.Scene$ScenePeerListener.mouseEvent(Scene.java:2657)
	at com.sun.javafx.tk.quantum.GlassViewEventHandler$MouseEventNotification.run(GlassViewEventHandler.java:411)
	at com.sun.javafx.tk.quantum.GlassViewEventHandler$MouseEventNotification.run(GlassViewEventHandler.java:301)
	at java.base/java.security.AccessController.doPrivileged(AccessController.java:399)
	at com.sun.javafx.tk.quantum.GlassViewEventHandler.lambda$handleMouseEvent$2(GlassViewEventHandler.java:450)
	at com.sun.javafx.tk.quantum.QuantumToolkit.runWithoutRenderLock(QuantumToolkit.java:430)
	at com.sun.javafx.tk.quantum.GlassViewEventHandler.handleMouseEvent(GlassViewEventHandler.java:449)
	at com.sun.glass.ui.View.handleMouseEvent(View.java:551)
	at com.sun.glass.ui.View.notifyMouse(View.java:937)
	at com.sun.glass.ui.monocle.MonocleView.notifyMouse(MonocleView.java:116)
	... 22 common frames omitted
2026-07-10 15:29:48,926 [ERROR] from com.jpro.meta.tk.SceneInputListener in JavaFX Application Thread - Error while processing the input: MouseEventToken(MouseMoved,968.0,380.0,MouseButtonToken(2),false,false,false,false,false,false,false,false) app: stage title: 練習モード
java.lang.reflect.InvocationTargetException: null
	at jdk.internal.reflect.GeneratedMethodAccessor9.invoke(Unknown Source)
	at java.base/jdk.internal.reflect.DelegatingMethodAccessorImpl.invoke(DelegatingMethodAccessorImpl.java:43)
	at java.base/java.lang.reflect.Method.invoke(Method.java:569)
	at simplefx.util.ReflectionUtil$UseReflection.applyDynamic(ReflectionUtil.scala:21)
	at com.jpro.meta.tk.SceneInputListener.processInputInScene(SceneInputListener.scala:264)
	at com.jpro.meta.tk.SceneInputListener.processInput(SceneInputListener.scala:178)
	at com.jpro.meta.tk.SceneInputListener.processInputs(SceneInputListener.scala:108)
	at com.jpro.meta.tk.SceneInputListener.$anonfun$new$4(SceneInputListener.scala:42)
	at simplefx.cores.standard.parts.CoreTimeEvent$$anon$3.run(CoreTimeEvent.scala:62)
	at com.sun.javafx.application.PlatformImpl.lambda$runLater$10(PlatformImpl.java:457)
	at java.base/java.security.AccessController.doPrivileged(AccessController.java:399)
	at com.sun.javafx.application.PlatformImpl.lambda$runLater$11(PlatformImpl.java:456)
	at com.sun.glass.ui.monocle.RunnableProcessor.runLoop(RunnableProcessor.java:92)
	at com.sun.glass.ui.monocle.RunnableProcessor.run(RunnableProcessor.java:51)
	at java.base/java.lang.Thread.run(Thread.java:840)
Caused by: java.lang.reflect.InvocationTargetException: null
	at jdk.internal.reflect.GeneratedMethodAccessor10.invoke(Unknown Source)
	at java.base/jdk.internal.reflect.DelegatingMethodAccessorImpl.invoke(DelegatingMethodAccessorImpl.java:43)
	at java.base/java.lang.reflect.Method.invoke(Method.java:569)
	at simplefx.util.ReflectionUtil$UseReflection.applyDynamic(ReflectionUtil.scala:21)
	at com.sun.glass.ui.monocle.input.fork.NativeMouseInput.notifyMouse(NativeMouseInput.scala:330)
	at com.sun.glass.ui.monocle.input.fork.NativeMouseInput.postMouseEvent(NativeMouseInput.scala:226)
	at com.sun.glass.ui.monocle.input.fork.NativeMouseInput.setState(NativeMouseInput.scala:186)
	... 15 common frames omitted
Caused by: java.lang.NullPointerException: Cannot invoke "javafx.scene.media.AudioClip.stop()" because "this.clickSound" is null
	at story.Practice.lambda$createScene$2(Practice.java:122)
	at com.sun.javafx.event.CompositeEventHandler.dispatchBubblingEvent(CompositeEventHandler.java:86)
	at com.sun.javafx.event.EventHandlerManager.dispatchBubblingEvent(EventHandlerManager.java:234)
	at com.sun.javafx.event.EventHandlerManager.dispatchBubblingEvent(EventHandlerManager.java:191)
	at com.sun.javafx.event.CompositeEventDispatcher.dispatchBubblingEvent(CompositeEventDispatcher.java:59)
	at com.sun.javafx.event.BasicEventDispatcher.dispatchEvent(BasicEventDispatcher.java:58)
	at com.sun.javafx.event.EventDispatchChainImpl.dispatchEvent(EventDispatchChainImpl.java:114)
	at com.sun.javafx.event.BasicEventDispatcher.dispatchEvent(BasicEventDispatcher.java:56)
	at com.sun.javafx.event.EventDispatchChainImpl.dispatchEvent(EventDispatchChainImpl.java:114)
	at com.sun.javafx.event.BasicEventDispatcher.dispatchEvent(BasicEventDispatcher.java:56)
	at com.sun.javafx.event.EventDispatchChainImpl.dispatchEvent(EventDispatchChainImpl.java:114)
	at com.sun.javafx.event.EventUtil.fireEventImpl(EventUtil.java:74)
	at com.sun.javafx.event.EventUtil.fireEvent(EventUtil.java:49)
	at javafx.event.Event.fireEvent(Event.java:198)
	at javafx.scene.Node.fireEvent(Node.java:8797)
	at javafx.scene.control.Button.fire(Button.java:203)
	at com.sun.javafx.scene.control.behavior.ButtonBehavior.mouseReleased(ButtonBehavior.java:208)
	at com.sun.javafx.scene.control.inputmap.InputMap.handle(InputMap.java:274)
	at com.sun.javafx.event.CompositeEventHandler$NormalEventHandlerRecord.handleBubblingEvent(CompositeEventHandler.java:247)
	at com.sun.javafx.event.CompositeEventHandler.dispatchBubblingEvent(CompositeEventHandler.java:80)
	at com.sun.javafx.event.EventHandlerManager.dispatchBubblingEvent(EventHandlerManager.java:234)
	at com.sun.javafx.event.EventHandlerManager.dispatchBubblingEvent(EventHandlerManager.java:191)
	at com.sun.javafx.event.CompositeEventDispatcher.dispatchBubblingEvent(CompositeEventDispatcher.java:59)
	at com.sun.javafx.event.BasicEventDispatcher.dispatchEvent(BasicEventDispatcher.java:58)
	at com.sun.javafx.event.EventDispatchChainImpl.dispatchEvent(EventDispatchChainImpl.java:114)
	at com.sun.javafx.event.BasicEventDispatcher.dispatchEvent(BasicEventDispatcher.java:56)
	at com.sun.javafx.event.EventDispatchChainImpl.dispatchEvent(EventDispatchChainImpl.java:114)
	at com.sun.javafx.event.BasicEventDispatcher.dispatchEvent(BasicEventDispatcher.java:56)
	at com.sun.javafx.event.EventDispatchChainImpl.dispatchEvent(EventDispatchChainImpl.java:114)
	at com.sun.javafx.event.EventUtil.fireEventImpl(EventUtil.java:74)
	at com.sun.javafx.event.EventUtil.fireEvent(EventUtil.java:54)
	at javafx.event.Event.fireEvent(Event.java:198)
	at javafx.scene.Scene$MouseHandler.process(Scene.java:3931)
	at javafx.scene.Scene.processMouseEvent(Scene.java:1918)
	at javafx.scene.Scene$ScenePeerListener.mouseEvent(Scene.java:2657)
	at com.sun.javafx.tk.quantum.GlassViewEventHandler$MouseEventNotification.run(GlassViewEventHandler.java:411)
	at com.sun.javafx.tk.quantum.GlassViewEventHandler$MouseEventNotification.run(GlassViewEventHandler.java:301)
	at java.base/java.security.AccessController.doPrivileged(AccessController.java:399)
	at com.sun.javafx.tk.quantum.GlassViewEventHandler.lambda$handleMouseEvent$2(GlassViewEventHandler.java:450)
	at com.sun.javafx.tk.quantum.QuantumToolkit.runWithoutRenderLock(QuantumToolkit.java:430)
	at com.sun.javafx.tk.quantum.GlassViewEventHandler.handleMouseEvent(GlassViewEventHandler.java:449)
	at com.sun.glass.ui.View.handleMouseEvent(View.java:551)
	at com.sun.glass.ui.View.notifyMouse(View.java:937)
	at com.sun.glass.ui.monocle.MonocleView.notifyMouse(MonocleView.java:116)
	... 22 common frames omitted
2026-07-10 15:29:48,938 [ERROR] from com.jpro.meta.tk.SceneInputListener in JavaFX Application Thread - Error while processing the input: MouseEventToken(MouseMoved,1004.7999877929688,383.20001220703125,MouseButtonToken(2),false,false,false,false,false,false,false,false) app: stage title: 練習モード
java.lang.reflect.InvocationTargetException: null
	at jdk.internal.reflect.GeneratedMethodAccessor9.invoke(Unknown Source)
	at java.base/jdk.internal.reflect.DelegatingMethodAccessorImpl.invoke(DelegatingMethodAccessorImpl.java:43)
	at java.base/java.lang.reflect.Method.invoke(Method.java:569)
	at simplefx.util.ReflectionUtil$UseReflection.applyDynamic(ReflectionUtil.scala:21)
	at com.jpro.meta.tk.SceneInputListener.processInputInScene(SceneInputListener.scala:264)
	at com.jpro.meta.tk.SceneInputListener.processInput(SceneInputListener.scala:178)
	at com.jpro.meta.tk.SceneInputListener.processInputs(SceneInputListener.scala:108)
	at com.jpro.meta.tk.SceneInputListener.$anonfun$new$4(SceneInputListener.scala:42)
	at simplefx.cores.standard.parts.CoreTimeEvent$$anon$3.run(CoreTimeEvent.scala:62)
	at com.sun.javafx.application.PlatformImpl.lambda$runLater$10(PlatformImpl.java:457)
	at java.base/java.security.AccessController.doPrivileged(AccessController.java:399)
	at com.sun.javafx.application.PlatformImpl.lambda$runLater$11(PlatformImpl.java:456)
	at com.sun.glass.ui.monocle.RunnableProcessor.runLoop(RunnableProcessor.java:92)
	at com.sun.glass.ui.monocle.RunnableProcessor.run(RunnableProcessor.java:51)
	at java.base/java.lang.Thread.run(Thread.java:840)
Caused by: java.lang.reflect.InvocationTargetException: null
	at jdk.internal.reflect.GeneratedMethodAccessor10.invoke(Unknown Source)
	at java.base/jdk.internal.reflect.DelegatingMethodAccessorImpl.invoke(DelegatingMethodAccessorImpl.java:43)
	at java.base/java.lang.reflect.Method.invoke(Method.java:569)
	at simplefx.util.ReflectionUtil$UseReflection.applyDynamic(ReflectionUtil.scala:21)
	at com.sun.glass.ui.monocle.input.fork.NativeMouseInput.notifyMouse(NativeMouseInput.scala:330)
	at com.sun.glass.ui.monocle.input.fork.NativeMouseInput.postMouseEvent(NativeMouseInput.scala:226)
	at com.sun.glass.ui.monocle.input.fork.NativeMouseInput.setState(NativeMouseInput.scala:186)
	... 15 common frames omitted
Caused by: java.lang.NullPointerException: Cannot invoke "javafx.scene.media.AudioClip.stop()" because "this.clickSound" is null
	at story.Practice.lambda$createScene$2(Practice.java:122)
	at com.sun.javafx.event.CompositeEventHandler.dispatchBubblingEvent(CompositeEventHandler.java:86)
	at com.sun.javafx.event.EventHandlerManager.dispatchBubblingEvent(EventHandlerManager.java:234)
	at com.sun.javafx.event.EventHandlerManager.dispatchBubblingEvent(EventHandlerManager.java:191)
	at com.sun.javafx.event.CompositeEventDispatcher.dispatchBubblingEvent(CompositeEventDispatcher.java:59)
	at com.sun.javafx.event.BasicEventDispatcher.dispatchEvent(BasicEventDispatcher.java:58)
	at com.sun.javafx.event.EventDispatchChainImpl.dispatchEvent(EventDispatchChainImpl.java:114)
	at com.sun.javafx.event.BasicEventDispatcher.dispatchEvent(BasicEventDispatcher.java:56)
	at com.sun.javafx.event.EventDispatchChainImpl.dispatchEvent(EventDispatchChainImpl.java:114)
	at com.sun.javafx.event.BasicEventDispatcher.dispatchEvent(BasicEventDispatcher.java:56)
	at com.sun.javafx.event.EventDispatchChainImpl.dispatchEvent(EventDispatchChainImpl.java:114)
	at com.sun.javafx.event.EventUtil.fireEventImpl(EventUtil.java:74)
	at com.sun.javafx.event.EventUtil.fireEvent(EventUtil.java:49)
	at javafx.event.Event.fireEvent(Event.java:198)
	at javafx.scene.Node.fireEvent(Node.java:8797)
	at javafx.scene.control.Button.fire(Button.java:203)
	at com.sun.javafx.scene.control.behavior.ButtonBehavior.mouseReleased(ButtonBehavior.java:208)
	at com.sun.javafx.scene.control.inputmap.InputMap.handle(InputMap.java:274)
	at com.sun.javafx.event.CompositeEventHandler$NormalEventHandlerRecord.handleBubblingEvent(CompositeEventHandler.java:247)
	at com.sun.javafx.event.CompositeEventHandler.dispatchBubblingEvent(CompositeEventHandler.java:80)
	at com.sun.javafx.event.EventHandlerManager.dispatchBubblingEvent(EventHandlerManager.java:234)
	at com.sun.javafx.event.EventHandlerManager.dispatchBubblingEvent(EventHandlerManager.java:191)
	at com.sun.javafx.event.CompositeEventDispatcher.dispatchBubblingEvent(CompositeEventDispatcher.java:59)
	at com.sun.javafx.event.BasicEventDispatcher.dispatchEvent(BasicEventDispatcher.java:58)
	at com.sun.javafx.event.EventDispatchChainImpl.dispatchEvent(EventDispatchChainImpl.java:114)
	at com.sun.javafx.event.BasicEventDispatcher.dispatchEvent(BasicEventDispatcher.java:56)
	at com.sun.javafx.event.EventDispatchChainImpl.dispatchEvent(EventDispatchChainImpl.java:114)
	at com.sun.javafx.event.BasicEventDispatcher.dispatchEvent(BasicEventDispatcher.java:56)
	at com.sun.javafx.event.EventDispatchChainImpl.dispatchEvent(EventDispatchChainImpl.java:114)
	at com.sun.javafx.event.EventUtil.fireEventImpl(EventUtil.java:74)
	at com.sun.javafx.event.EventUtil.fireEvent(EventUtil.java:54)
	at javafx.event.Event.fireEvent(Event.java:198)
	at javafx.scene.Scene$MouseHandler.process(Scene.java:3931)
	at javafx.scene.Scene.processMouseEvent(Scene.java:1918)
	at javafx.scene.Scene$ScenePeerListener.mouseEvent(Scene.java:2657)
	at com.sun.javafx.tk.quantum.GlassViewEventHandler$MouseEventNotification.run(GlassViewEventHandler.java:411)
	at com.sun.javafx.tk.quantum.GlassViewEventHandler$MouseEventNotification.run(GlassViewEventHandler.java:301)
	at java.base/java.security.AccessController.doPrivileged(AccessController.java:399)
	at com.sun.javafx.tk.quantum.GlassViewEventHandler.lambda$handleMouseEvent$2(GlassViewEventHandler.java:450)
	at com.sun.javafx.tk.quantum.QuantumToolkit.runWithoutRenderLock(QuantumToolkit.java:430)
	at com.sun.javafx.tk.quantum.GlassViewEventHandler.handleMouseEvent(GlassViewEventHandler.java:449)
	at com.sun.glass.ui.View.handleMouseEvent(View.java:551)
	at com.sun.glass.ui.View.notifyMouse(View.java:937)
	at com.sun.glass.ui.monocle.MonocleView.notifyMouse(MonocleView.java:116)
	... 22 common frames omitted
2026-07-10 15:29:50,384 [ERROR] from com.jpro.meta.tk.SceneInputListener in JavaFX Application Thread - Error while processing the input: MouseEventToken(MouseReleased,944.0,485.6000671386719,MouseButtonToken(3),false,false,false,false,false,false,false,false) app: stage title: 練習モード
java.lang.reflect.InvocationTargetException: null
	at jdk.internal.reflect.GeneratedMethodAccessor9.invoke(Unknown Source)
	at java.base/jdk.internal.reflect.DelegatingMethodAccessorImpl.invoke(DelegatingMethodAccessorImpl.java:43)
	at java.base/java.lang.reflect.Method.invoke(Method.java:569)
	at simplefx.util.ReflectionUtil$UseReflection.applyDynamic(ReflectionUtil.scala:21)
	at com.jpro.meta.tk.SceneInputListener.processInputInScene(SceneInputListener.scala:264)
	at com.jpro.meta.tk.SceneInputListener.processInput(SceneInputListener.scala:175)
	at com.jpro.meta.tk.SceneInputListener.processInputs(SceneInputListener.scala:108)
	at com.jpro.meta.tk.SceneInputListener.$anonfun$new$4(SceneInputListener.scala:42)
	at simplefx.cores.standard.parts.CoreTimeEvent$$anon$3.run(CoreTimeEvent.scala:62)
	at com.sun.javafx.application.PlatformImpl.lambda$runLater$10(PlatformImpl.java:457)
	at java.base/java.security.AccessController.doPrivileged(AccessController.java:399)
	at com.sun.javafx.application.PlatformImpl.lambda$runLater$11(PlatformImpl.java:456)
	at com.sun.glass.ui.monocle.RunnableProcessor.runLoop(RunnableProcessor.java:92)
	at com.sun.glass.ui.monocle.RunnableProcessor.run(RunnableProcessor.java:51)
	at java.base/java.lang.Thread.run(Thread.java:840)
Caused by: java.lang.reflect.InvocationTargetException: null
	at jdk.internal.reflect.GeneratedMethodAccessor10.invoke(Unknown Source)
	at java.base/jdk.internal.reflect.DelegatingMethodAccessorImpl.invoke(DelegatingMethodAccessorImpl.java:43)
	at java.base/java.lang.reflect.Method.invoke(Method.java:569)
	at simplefx.util.ReflectionUtil$UseReflection.applyDynamic(ReflectionUtil.scala:21)
	at com.sun.glass.ui.monocle.input.fork.NativeMouseInput.notifyMouse(NativeMouseInput.scala:330)
	at com.sun.glass.ui.monocle.input.fork.NativeMouseInput.postMouseEvent(NativeMouseInput.scala:226)
	at com.sun.glass.ui.monocle.input.fork.NativeMouseInput.setState(NativeMouseInput.scala:186)
	... 15 common frames omitted
Caused by: java.lang.NullPointerException: Cannot invoke "javafx.scene.media.AudioClip.stop()" because "this.clickSound" is null
	at story.Practice.lambda$createScene$4(Practice.java:132)
	at com.sun.javafx.event.CompositeEventHandler.dispatchBubblingEvent(CompositeEventHandler.java:86)
	at com.sun.javafx.event.EventHandlerManager.dispatchBubblingEvent(EventHandlerManager.java:234)
	at com.sun.javafx.event.EventHandlerManager.dispatchBubblingEvent(EventHandlerManager.java:191)
	at com.sun.javafx.event.CompositeEventDispatcher.dispatchBubblingEvent(CompositeEventDispatcher.java:59)
	at com.sun.javafx.event.BasicEventDispatcher.dispatchEvent(BasicEventDispatcher.java:58)
	at com.sun.javafx.event.EventDispatchChainImpl.dispatchEvent(EventDispatchChainImpl.java:114)
	at com.sun.javafx.event.BasicEventDispatcher.dispatchEvent(BasicEventDispatcher.java:56)
	at com.sun.javafx.event.EventDispatchChainImpl.dispatchEvent(EventDispatchChainImpl.java:114)
	at com.sun.javafx.event.BasicEventDispatcher.dispatchEvent(BasicEventDispatcher.java:56)
	at com.sun.javafx.event.EventDispatchChainImpl.dispatchEvent(EventDispatchChainImpl.java:114)
	at com.sun.javafx.event.EventUtil.fireEventImpl(EventUtil.java:74)
	at com.sun.javafx.event.EventUtil.fireEvent(EventUtil.java:49)
	at javafx.event.Event.fireEvent(Event.java:198)
	at javafx.scene.Node.fireEvent(Node.java:8797)
	at javafx.scene.control.Button.fire(Button.java:203)
	at com.sun.javafx.scene.control.behavior.ButtonBehavior.mouseReleased(ButtonBehavior.java:208)
	at com.sun.javafx.scene.control.inputmap.InputMap.handle(InputMap.java:274)
	at com.sun.javafx.event.CompositeEventHandler$NormalEventHandlerRecord.handleBubblingEvent(CompositeEventHandler.java:247)
	at com.sun.javafx.event.CompositeEventHandler.dispatchBubblingEvent(CompositeEventHandler.java:80)
	at com.sun.javafx.event.EventHandlerManager.dispatchBubblingEvent(EventHandlerManager.java:234)
	at com.sun.javafx.event.EventHandlerManager.dispatchBubblingEvent(EventHandlerManager.java:191)
	at com.sun.javafx.event.CompositeEventDispatcher.dispatchBubblingEvent(CompositeEventDispatcher.java:59)
	at com.sun.javafx.event.BasicEventDispatcher.dispatchEvent(BasicEventDispatcher.java:58)
	at com.sun.javafx.event.EventDispatchChainImpl.dispatchEvent(EventDispatchChainImpl.java:114)
	at com.sun.javafx.event.BasicEventDispatcher.dispatchEvent(BasicEventDispatcher.java:56)
	at com.sun.javafx.event.EventDispatchChainImpl.dispatchEvent(EventDispatchChainImpl.java:114)
	at com.sun.javafx.event.BasicEventDispatcher.dispatchEvent(BasicEventDispatcher.java:56)
	at com.sun.javafx.event.EventDispatchChainImpl.dispatchEvent(EventDispatchChainImpl.java:114)
	at com.sun.javafx.event.EventUtil.fireEventImpl(EventUtil.java:74)
	at com.sun.javafx.event.EventUtil.fireEvent(EventUtil.java:54)
	at javafx.event.Event.fireEvent(Event.java:198)
	at javafx.scene.Scene$MouseHandler.process(Scene.java:3931)
	at javafx.scene.Scene.processMouseEvent(Scene.java:1918)
	at javafx.scene.Scene$ScenePeerListener.mouseEvent(Scene.java:2657)
	at com.sun.javafx.tk.quantum.GlassViewEventHandler$MouseEventNotification.run(GlassViewEventHandler.java:411)
	at com.sun.javafx.tk.quantum.GlassViewEventHandler$MouseEventNotification.run(GlassViewEventHandler.java:301)
	at java.base/java.security.AccessController.doPrivileged(AccessController.java:399)
	at com.sun.javafx.tk.quantum.GlassViewEventHandler.lambda$handleMouseEvent$2(GlassViewEventHandler.java:450)
	at com.sun.javafx.tk.quantum.QuantumToolkit.runWithoutRenderLock(QuantumToolkit.java:430)
	at com.sun.javafx.tk.quantum.GlassViewEventHandler.handleMouseEvent(GlassViewEventHandler.java:449)
	at com.sun.glass.ui.View.handleMouseEvent(View.java:551)
	at com.sun.glass.ui.View.notifyMouse(View.java:937)
	at com.sun.glass.ui.monocle.MonocleView.notifyMouse(MonocleView.java:116)
	... 22 common frames omitted
2026-07-10 15:29:50,527 [ERROR] from com.jpro.meta.tk.SceneInputListener in JavaFX Application Thread - Error while processing the input: MouseEventToken(MouseMoved,944.0,488.0,MouseButtonToken(2),false,false,false,false,false,false,false,false) app: stage title: 練習モード
java.lang.reflect.InvocationTargetException: null
	at jdk.internal.reflect.GeneratedMethodAccessor9.invoke(Unknown Source)
	at java.base/jdk.internal.reflect.DelegatingMethodAccessorImpl.invoke(DelegatingMethodAccessorImpl.java:43)
	at java.base/java.lang.reflect.Method.invoke(Method.java:569)
	at simplefx.util.ReflectionUtil$UseReflection.applyDynamic(ReflectionUtil.scala:21)
	at com.jpro.meta.tk.SceneInputListener.processInputInScene(SceneInputListener.scala:264)
	at com.jpro.meta.tk.SceneInputListener.processInput(SceneInputListener.scala:178)
	at com.jpro.meta.tk.SceneInputListener.processInputs(SceneInputListener.scala:108)
	at com.jpro.meta.tk.SceneInputListener.$anonfun$new$4(SceneInputListener.scala:42)
	at simplefx.cores.standard.parts.CoreTimeEvent$$anon$3.run(CoreTimeEvent.scala:62)
	at com.sun.javafx.application.PlatformImpl.lambda$runLater$10(PlatformImpl.java:457)
	at java.base/java.security.AccessController.doPrivileged(AccessController.java:399)
	at com.sun.javafx.application.PlatformImpl.lambda$runLater$11(PlatformImpl.java:456)
	at com.sun.glass.ui.monocle.RunnableProcessor.runLoop(RunnableProcessor.java:92)
	at com.sun.glass.ui.monocle.RunnableProcessor.run(RunnableProcessor.java:51)
	at java.base/java.lang.Thread.run(Thread.java:840)
Caused by: java.lang.reflect.InvocationTargetException: null
	at jdk.internal.reflect.GeneratedMethodAccessor10.invoke(Unknown Source)
	at java.base/jdk.internal.reflect.DelegatingMethodAccessorImpl.invoke(DelegatingMethodAccessorImpl.java:43)
	at java.base/java.lang.reflect.Method.invoke(Method.java:569)
	at simplefx.util.ReflectionUtil$UseReflection.applyDynamic(ReflectionUtil.scala:21)
	at com.sun.glass.ui.monocle.input.fork.NativeMouseInput.notifyMouse(NativeMouseInput.scala:330)
	at com.sun.glass.ui.monocle.input.fork.NativeMouseInput.postMouseEvent(NativeMouseInput.scala:226)
	at com.sun.glass.ui.monocle.input.fork.NativeMouseInput.setState(NativeMouseInput.scala:186)
	... 15 common frames omitted
Caused by: java.lang.NullPointerException: Cannot invoke "javafx.scene.media.AudioClip.stop()" because "this.clickSound" is null
	at story.Practice.lambda$createScene$4(Practice.java:132)
	at com.sun.javafx.event.CompositeEventHandler.dispatchBubblingEvent(CompositeEventHandler.java:86)
	at com.sun.javafx.event.EventHandlerManager.dispatchBubblingEvent(EventHandlerManager.java:234)
	at com.sun.javafx.event.EventHandlerManager.dispatchBubblingEvent(EventHandlerManager.java:191)
	at com.sun.javafx.event.CompositeEventDispatcher.dispatchBubblingEvent(CompositeEventDispatcher.java:59)
	at com.sun.javafx.event.BasicEventDispatcher.dispatchEvent(BasicEventDispatcher.java:58)
	at com.sun.javafx.event.EventDispatchChainImpl.dispatchEvent(EventDispatchChainImpl.java:114)
	at com.sun.javafx.event.BasicEventDispatcher.dispatchEvent(BasicEventDispatcher.java:56)
	at com.sun.javafx.event.EventDispatchChainImpl.dispatchEvent(EventDispatchChainImpl.java:114)
	at com.sun.javafx.event.BasicEventDispatcher.dispatchEvent(BasicEventDispatcher.java:56)
	at com.sun.javafx.event.EventDispatchChainImpl.dispatchEvent(EventDispatchChainImpl.java:114)
	at com.sun.javafx.event.EventUtil.fireEventImpl(EventUtil.java:74)
	at com.sun.javafx.event.EventUtil.fireEvent(EventUtil.java:49)
	at javafx.event.Event.fireEvent(Event.java:198)
	at javafx.scene.Node.fireEvent(Node.java:8797)
	at javafx.scene.control.Button.fire(Button.java:203)
	at com.sun.javafx.scene.control.behavior.ButtonBehavior.mouseReleased(ButtonBehavior.java:208)
	at com.sun.javafx.scene.control.inputmap.InputMap.handle(InputMap.java:274)
	at com.sun.javafx.event.CompositeEventHandler$NormalEventHandlerRecord.handleBubblingEvent(CompositeEventHandler.java:247)
	at com.sun.javafx.event.CompositeEventHandler.dispatchBubblingEvent(CompositeEventHandler.java:80)
	at com.sun.javafx.event.EventHandlerManager.dispatchBubblingEvent(EventHandlerManager.java:234)
	at com.sun.javafx.event.EventHandlerManager.dispatchBubblingEvent(EventHandlerManager.java:191)
	at com.sun.javafx.event.CompositeEventDispatcher.dispatchBubblingEvent(CompositeEventDispatcher.java:59)
	at com.sun.javafx.event.BasicEventDispatcher.dispatchEvent(BasicEventDispatcher.java:58)
	at com.sun.javafx.event.EventDispatchChainImpl.dispatchEvent(EventDispatchChainImpl.java:114)
	at com.sun.javafx.event.BasicEventDispatcher.dispatchEvent(BasicEventDispatcher.java:56)
	at com.sun.javafx.event.EventDispatchChainImpl.dispatchEvent(EventDispatchChainImpl.java:114)
	at com.sun.javafx.event.BasicEventDispatcher.dispatchEvent(BasicEventDispatcher.java:56)
	at com.sun.javafx.event.EventDispatchChainImpl.dispatchEvent(EventDispatchChainImpl.java:114)
	at com.sun.javafx.event.EventUtil.fireEventImpl(EventUtil.java:74)
	at com.sun.javafx.event.EventUtil.fireEvent(EventUtil.java:54)
	at javafx.event.Event.fireEvent(Event.java:198)
	at javafx.scene.Scene$MouseHandler.process(Scene.java:3931)
	at javafx.scene.Scene.processMouseEvent(Scene.java:1918)
	at javafx.scene.Scene$ScenePeerListener.mouseEvent(Scene.java:2657)
	at com.sun.javafx.tk.quantum.GlassViewEventHandler$MouseEventNotification.run(GlassViewEventHandler.java:411)
	at com.sun.javafx.tk.quantum.GlassViewEventHandler$MouseEventNotification.run(GlassViewEventHandler.java:301)
	at java.base/java.security.AccessController.doPrivileged(AccessController.java:399)
	at com.sun.javafx.tk.quantum.GlassViewEventHandler.lambda$handleMouseEvent$2(GlassViewEventHandler.java:450)
	at com.sun.javafx.tk.quantum.QuantumToolkit.runWithoutRenderLock(QuantumToolkit.java:430)
	at com.sun.javafx.tk.quantum.GlassViewEventHandler.handleMouseEvent(GlassViewEventHandler.java:449)
	at com.sun.glass.ui.View.handleMouseEvent(View.java:551)
	at com.sun.glass.ui.View.notifyMouse(View.java:937)
	at com.sun.glass.ui.monocle.MonocleView.notifyMouse(MonocleView.java:116)
	... 22 common frames omitted
2026-07-10 15:29:50,540 [ERROR] from com.jpro.meta.tk.SceneInputListener in JavaFX Application Thread - Error while processing the input: MouseEventToken(MouseMoved,944.0,501.6000671386719,MouseButtonToken(2),false,false,false,false,false,false,false,false) app: stage title: 練習モード
java.lang.reflect.InvocationTargetException: null
	at jdk.internal.reflect.GeneratedMethodAccessor9.invoke(Unknown Source)
	at java.base/jdk.internal.reflect.DelegatingMethodAccessorImpl.invoke(DelegatingMethodAccessorImpl.java:43)
	at java.base/java.lang.reflect.Method.invoke(Method.java:569)
	at simplefx.util.ReflectionUtil$UseReflection.applyDynamic(ReflectionUtil.scala:21)
	at com.jpro.meta.tk.SceneInputListener.processInputInScene(SceneInputListener.scala:264)
	at com.jpro.meta.tk.SceneInputListener.processInput(SceneInputListener.scala:178)
	at com.jpro.meta.tk.SceneInputListener.processInputs(SceneInputListener.scala:108)
	at com.jpro.meta.tk.SceneInputListener.$anonfun$new$4(SceneInputListener.scala:42)
	at simplefx.cores.standard.parts.CoreTimeEvent$$anon$3.run(CoreTimeEvent.scala:62)
	at com.sun.javafx.application.PlatformImpl.lambda$runLater$10(PlatformImpl.java:457)
	at java.base/java.security.AccessController.doPrivileged(AccessController.java:399)
	at com.sun.javafx.application.PlatformImpl.lambda$runLater$11(PlatformImpl.java:456)
	at com.sun.glass.ui.monocle.RunnableProcessor.runLoop(RunnableProcessor.java:92)
	at com.sun.glass.ui.monocle.RunnableProcessor.run(RunnableProcessor.java:51)
	at java.base/java.lang.Thread.run(Thread.java:840)
Caused by: java.lang.reflect.InvocationTargetException: null
	at jdk.internal.reflect.GeneratedMethodAccessor10.invoke(Unknown Source)
	at java.base/jdk.internal.reflect.DelegatingMethodAccessorImpl.invoke(DelegatingMethodAccessorImpl.java:43)
	at java.base/java.lang.reflect.Method.invoke(Method.java:569)
	at simplefx.util.ReflectionUtil$UseReflection.applyDynamic(ReflectionUtil.scala:21)
	at com.sun.glass.ui.monocle.input.fork.NativeMouseInput.notifyMouse(NativeMouseInput.scala:330)
	at com.sun.glass.ui.monocle.input.fork.NativeMouseInput.postMouseEvent(NativeMouseInput.scala:226)
	at com.sun.glass.ui.monocle.input.fork.NativeMouseInput.setState(NativeMouseInput.scala:186)
	... 15 common frames omitted
Caused by: java.lang.NullPointerException: Cannot invoke "javafx.scene.media.AudioClip.stop()" because "this.clickSound" is null
	at story.Practice.lambda$createScene$4(Practice.java:132)
	at com.sun.javafx.event.CompositeEventHandler.dispatchBubblingEvent(CompositeEventHandler.java:86)
	at com.sun.javafx.event.EventHandlerManager.dispatchBubblingEvent(EventHandlerManager.java:234)
	at com.sun.javafx.event.EventHandlerManager.dispatchBubblingEvent(EventHandlerManager.java:191)
	at com.sun.javafx.event.CompositeEventDispatcher.dispatchBubblingEvent(CompositeEventDispatcher.java:59)
	at com.sun.javafx.event.BasicEventDispatcher.dispatchEvent(BasicEventDispatcher.java:58)
	at com.sun.javafx.event.EventDispatchChainImpl.dispatchEvent(EventDispatchChainImpl.java:114)
	at com.sun.javafx.event.BasicEventDispatcher.dispatchEvent(BasicEventDispatcher.java:56)
	at com.sun.javafx.event.EventDispatchChainImpl.dispatchEvent(EventDispatchChainImpl.java:114)
	at com.sun.javafx.event.BasicEventDispatcher.dispatchEvent(BasicEventDispatcher.java:56)
	at com.sun.javafx.event.EventDispatchChainImpl.dispatchEvent(EventDispatchChainImpl.java:114)
	at com.sun.javafx.event.EventUtil.fireEventImpl(EventUtil.java:74)
	at com.sun.javafx.event.EventUtil.fireEvent(EventUtil.java:49)
	at javafx.event.Event.fireEvent(Event.java:198)
	at javafx.scene.Node.fireEvent(Node.java:8797)
	at javafx.scene.control.Button.fire(Button.java:203)
	at com.sun.javafx.scene.control.behavior.ButtonBehavior.mouseReleased(ButtonBehavior.java:208)
	at com.sun.javafx.scene.control.inputmap.InputMap.handle(InputMap.java:274)
	at com.sun.javafx.event.CompositeEventHandler$NormalEventHandlerRecord.handleBubblingEvent(CompositeEventHandler.java:247)
	at com.sun.javafx.event.CompositeEventHandler.dispatchBubblingEvent(CompositeEventHandler.java:80)
	at com.sun.javafx.event.EventHandlerManager.dispatchBubblingEvent(EventHandlerManager.java:234)
	at com.sun.javafx.event.EventHandlerManager.dispatchBubblingEvent(EventHandlerManager.java:191)
	at com.sun.javafx.event.CompositeEventDispatcher.dispatchBubblingEvent(CompositeEventDispatcher.java:59)
	at com.sun.javafx.event.BasicEventDispatcher.dispatchEvent(BasicEventDispatcher.java:58)
	at com.sun.javafx.event.EventDispatchChainImpl.dispatchEvent(EventDispatchChainImpl.java:114)
	at com.sun.javafx.event.BasicEventDispatcher.dispatchEvent(BasicEventDispatcher.java:56)
	at com.sun.javafx.event.EventDispatchChainImpl.dispatchEvent(EventDispatchChainImpl.java:114)
	at com.sun.javafx.event.BasicEventDispatcher.dispatchEvent(BasicEventDispatcher.java:56)
	at com.sun.javafx.event.EventDispatchChainImpl.dispatchEvent(EventDispatchChainImpl.java:114)
	at com.sun.javafx.event.EventUtil.fireEventImpl(EventUtil.java:74)
	at com.sun.javafx.event.EventUtil.fireEvent(EventUtil.java:54)
	at javafx.event.Event.fireEvent(Event.java:198)
	at javafx.scene.Scene$MouseHandler.process(Scene.java:3931)
	at javafx.scene.Scene.processMouseEvent(Scene.java:1918)
	at javafx.scene.Scene$ScenePeerListener.mouseEvent(Scene.java:2657)
	at com.sun.javafx.tk.quantum.GlassViewEventHandler$MouseEventNotification.run(GlassViewEventHandler.java:411)
	at com.sun.javafx.tk.quantum.GlassViewEventHandler$MouseEventNotification.run(GlassViewEventHandler.java:301)
	at java.base/java.security.AccessController.doPrivileged(AccessController.java:399)
	at com.sun.javafx.tk.quantum.GlassViewEventHandler.lambda$handleMouseEvent$2(GlassViewEventHandler.java:450)
	at com.sun.javafx.tk.quantum.QuantumToolkit.runWithoutRenderLock(QuantumToolkit.java:430)
	at com.sun.javafx.tk.quantum.GlassViewEventHandler.handleMouseEvent(GlassViewEventHandler.java:449)
	at com.sun.glass.ui.View.handleMouseEvent(View.java:551)
	at com.sun.glass.ui.View.notifyMouse(View.java:937)
	at com.sun.glass.ui.monocle.MonocleView.notifyMouse(MonocleView.java:116)
	... 22 common frames omitted
2026-07-10 15:29:50,555 [ERROR] from com.jpro.meta.tk.SceneInputListener in JavaFX Application Thread - Error while processing the input: MouseEventToken(MouseMoved,944.0,516.7999877929688,MouseButtonToken(2),false,false,false,false,false,false,false,false) app: stage title: 練習モード
java.lang.reflect.InvocationTargetException: null
	at jdk.internal.reflect.GeneratedMethodAccessor9.invoke(Unknown Source)
	at java.base/jdk.internal.reflect.DelegatingMethodAccessorImpl.invoke(DelegatingMethodAccessorImpl.java:43)
	at java.base/java.lang.reflect.Method.invoke(Method.java:569)
	at simplefx.util.ReflectionUtil$UseReflection.applyDynamic(ReflectionUtil.scala:21)
	at com.jpro.meta.tk.SceneInputListener.processInputInScene(SceneInputListener.scala:264)
	at com.jpro.meta.tk.SceneInputListener.processInput(SceneInputListener.scala:178)
	at com.jpro.meta.tk.SceneInputListener.processInputs(SceneInputListener.scala:108)
	at com.jpro.meta.tk.SceneInputListener.$anonfun$new$4(SceneInputListener.scala:42)
	at simplefx.cores.standard.parts.CoreTimeEvent$$anon$3.run(CoreTimeEvent.scala:62)
	at com.sun.javafx.application.PlatformImpl.lambda$runLater$10(PlatformImpl.java:457)
	at java.base/java.security.AccessController.doPrivileged(AccessController.java:399)
	at com.sun.javafx.application.PlatformImpl.lambda$runLater$11(PlatformImpl.java:456)
	at com.sun.glass.ui.monocle.RunnableProcessor.runLoop(RunnableProcessor.java:92)
	at com.sun.glass.ui.monocle.RunnableProcessor.run(RunnableProcessor.java:51)
	at java.base/java.lang.Thread.run(Thread.java:840)
Caused by: java.lang.reflect.InvocationTargetException: null
	at jdk.internal.reflect.GeneratedMethodAccessor10.invoke(Unknown Source)
	at java.base/jdk.internal.reflect.DelegatingMethodAccessorImpl.invoke(DelegatingMethodAccessorImpl.java:43)
	at java.base/java.lang.reflect.Method.invoke(Method.java:569)
	at simplefx.util.ReflectionUtil$UseReflection.applyDynamic(ReflectionUtil.scala:21)
	at com.sun.glass.ui.monocle.input.fork.NativeMouseInput.notifyMouse(NativeMouseInput.scala:330)
	at com.sun.glass.ui.monocle.input.fork.NativeMouseInput.postMouseEvent(NativeMouseInput.scala:226)
	at com.sun.glass.ui.monocle.input.fork.NativeMouseInput.setState(NativeMouseInput.scala:186)
	... 15 common frames omitted
Caused by: java.lang.NullPointerException: Cannot invoke "javafx.scene.media.AudioClip.stop()" because "this.clickSound" is null
	at story.Practice.lambda$createScene$4(Practice.java:132)
	at com.sun.javafx.event.CompositeEventHandler.dispatchBubblingEvent(CompositeEventHandler.java:86)
	at com.sun.javafx.event.EventHandlerManager.dispatchBubblingEvent(EventHandlerManager.java:234)
	at com.sun.javafx.event.EventHandlerManager.dispatchBubblingEvent(EventHandlerManager.java:191)
	at com.sun.javafx.event.CompositeEventDispatcher.dispatchBubblingEvent(CompositeEventDispatcher.java:59)
	at com.sun.javafx.event.BasicEventDispatcher.dispatchEvent(BasicEventDispatcher.java:58)
	at com.sun.javafx.event.EventDispatchChainImpl.dispatchEvent(EventDispatchChainImpl.java:114)
	at com.sun.javafx.event.BasicEventDispatcher.dispatchEvent(BasicEventDispatcher.java:56)
	at com.sun.javafx.event.EventDispatchChainImpl.dispatchEvent(EventDispatchChainImpl.java:114)
	at com.sun.javafx.event.BasicEventDispatcher.dispatchEvent(BasicEventDispatcher.java:56)
	at com.sun.javafx.event.EventDispatchChainImpl.dispatchEvent(EventDispatchChainImpl.java:114)
	at com.sun.javafx.event.EventUtil.fireEventImpl(EventUtil.java:74)
	at com.sun.javafx.event.EventUtil.fireEvent(EventUtil.java:49)
	at javafx.event.Event.fireEvent(Event.java:198)
	at javafx.scene.Node.fireEvent(Node.java:8797)
	at javafx.scene.control.Button.fire(Button.java:203)
	at com.sun.javafx.scene.control.behavior.ButtonBehavior.mouseReleased(ButtonBehavior.java:208)
	at com.sun.javafx.scene.control.inputmap.InputMap.handle(InputMap.java:274)
	at com.sun.javafx.event.CompositeEventHandler$NormalEventHandlerRecord.handleBubblingEvent(CompositeEventHandler.java:247)
	at com.sun.javafx.event.CompositeEventHandler.dispatchBubblingEvent(CompositeEventHandler.java:80)
	at com.sun.javafx.event.EventHandlerManager.dispatchBubblingEvent(EventHandlerManager.java:234)
	at com.sun.javafx.event.EventHandlerManager.dispatchBubblingEvent(EventHandlerManager.java:191)
	at com.sun.javafx.event.CompositeEventDispatcher.dispatchBubblingEvent(CompositeEventDispatcher.java:59)
	at com.sun.javafx.event.BasicEventDispatcher.dispatchEvent(BasicEventDispatcher.java:58)
	at com.sun.javafx.event.EventDispatchChainImpl.dispatchEvent(EventDispatchChainImpl.java:114)
	at com.sun.javafx.event.BasicEventDispatcher.dispatchEvent(BasicEventDispatcher.java:56)
	at com.sun.javafx.event.EventDispatchChainImpl.dispatchEvent(EventDispatchChainImpl.java:114)
	at com.sun.javafx.event.BasicEventDispatcher.dispatchEvent(BasicEventDispatcher.java:56)
	at com.sun.javafx.event.EventDispatchChainImpl.dispatchEvent(EventDispatchChainImpl.java:114)
	at com.sun.javafx.event.EventUtil.fireEventImpl(EventUtil.java:74)
	at com.sun.javafx.event.EventUtil.fireEvent(EventUtil.java:54)
	at javafx.event.Event.fireEvent(Event.java:198)
	at javafx.scene.Scene$MouseHandler.process(Scene.java:3931)
	at javafx.scene.Scene.processMouseEvent(Scene.java:1918)
	at javafx.scene.Scene$ScenePeerListener.mouseEvent(Scene.java:2657)
	at com.sun.javafx.tk.quantum.GlassViewEventHandler$MouseEventNotification.run(GlassViewEventHandler.java:411)
	at com.sun.javafx.tk.quantum.GlassViewEventHandler$MouseEventNotification.run(GlassViewEventHandler.java:301)
	at java.base/java.security.AccessController.doPrivileged(AccessController.java:399)
	at com.sun.javafx.tk.quantum.GlassViewEventHandler.lambda$handleMouseEvent$2(GlassViewEventHandler.java:450)
	at com.sun.javafx.tk.quantum.QuantumToolkit.runWithoutRenderLock(QuantumToolkit.java:430)
	at com.sun.javafx.tk.quantum.GlassViewEventHandler.handleMouseEvent(GlassViewEventHandler.java:449)
	at com.sun.glass.ui.View.handleMouseEvent(View.java:551)
	at com.sun.glass.ui.View.notifyMouse(View.java:937)
	at com.sun.glass.ui.monocle.MonocleView.notifyMouse(MonocleView.java:116)
	... 22 common frames omitted
2026-07-10 15:29:50,921 [ERROR] from com.jpro.meta.tk.SceneInputListener in JavaFX Application Thread - Error while processing the input: MouseEventToken(MouseReleased,937.6000366210938,585.6000366210938,MouseButtonToken(3),false,false,false,false,false,false,false,false) app: stage title: 練習モード
java.lang.reflect.InvocationTargetException: null
	at jdk.internal.reflect.GeneratedMethodAccessor9.invoke(Unknown Source)
	at java.base/jdk.internal.reflect.DelegatingMethodAccessorImpl.invoke(DelegatingMethodAccessorImpl.java:43)
	at java.base/java.lang.reflect.Method.invoke(Method.java:569)
	at simplefx.util.ReflectionUtil$UseReflection.applyDynamic(ReflectionUtil.scala:21)
	at com.jpro.meta.tk.SceneInputListener.processInputInScene(SceneInputListener.scala:264)
	at com.jpro.meta.tk.SceneInputListener.processInput(SceneInputListener.scala:175)
	at com.jpro.meta.tk.SceneInputListener.processInputs(SceneInputListener.scala:108)
	at com.jpro.meta.tk.SceneInputListener.$anonfun$new$4(SceneInputListener.scala:42)
	at simplefx.cores.standard.parts.CoreTimeEvent$$anon$3.run(CoreTimeEvent.scala:62)
	at com.sun.javafx.application.PlatformImpl.lambda$runLater$10(PlatformImpl.java:457)
	at java.base/java.security.AccessController.doPrivileged(AccessController.java:399)
	at com.sun.javafx.application.PlatformImpl.lambda$runLater$11(PlatformImpl.java:456)
	at com.sun.glass.ui.monocle.RunnableProcessor.runLoop(RunnableProcessor.java:92)
	at com.sun.glass.ui.monocle.RunnableProcessor.run(RunnableProcessor.java:51)
	at java.base/java.lang.Thread.run(Thread.java:840)
Caused by: java.lang.reflect.InvocationTargetException: null
	at jdk.internal.reflect.GeneratedMethodAccessor10.invoke(Unknown Source)
	at java.base/jdk.internal.reflect.DelegatingMethodAccessorImpl.invoke(DelegatingMethodAccessorImpl.java:43)
	at java.base/java.lang.reflect.Method.invoke(Method.java:569)
	at simplefx.util.ReflectionUtil$UseReflection.applyDynamic(ReflectionUtil.scala:21)
	at com.sun.glass.ui.monocle.input.fork.NativeMouseInput.notifyMouse(NativeMouseInput.scala:330)
	at com.sun.glass.ui.monocle.input.fork.NativeMouseInput.postMouseEvent(NativeMouseInput.scala:226)
	at com.sun.glass.ui.monocle.input.fork.NativeMouseInput.setState(NativeMouseInput.scala:186)
	... 15 common frames omitted
Caused by: java.lang.NullPointerException: Cannot invoke "javafx.scene.media.AudioClip.stop()" because "this.clickSound" is null
	at story.Practice.lambda$createScene$6(Practice.java:142)
	at com.sun.javafx.event.CompositeEventHandler.dispatchBubblingEvent(CompositeEventHandler.java:86)
	at com.sun.javafx.event.EventHandlerManager.dispatchBubblingEvent(EventHandlerManager.java:234)
	at com.sun.javafx.event.EventHandlerManager.dispatchBubblingEvent(EventHandlerManager.java:191)
	at com.sun.javafx.event.CompositeEventDispatcher.dispatchBubblingEvent(CompositeEventDispatcher.java:59)
	at com.sun.javafx.event.BasicEventDispatcher.dispatchEvent(BasicEventDispatcher.java:58)
	at com.sun.javafx.event.EventDispatchChainImpl.dispatchEvent(EventDispatchChainImpl.java:114)
	at com.sun.javafx.event.BasicEventDispatcher.dispatchEvent(BasicEventDispatcher.java:56)
	at com.sun.javafx.event.EventDispatchChainImpl.dispatchEvent(EventDispatchChainImpl.java:114)
	at com.sun.javafx.event.BasicEventDispatcher.dispatchEvent(BasicEventDispatcher.java:56)
	at com.sun.javafx.event.EventDispatchChainImpl.dispatchEvent(EventDispatchChainImpl.java:114)
	at com.sun.javafx.event.EventUtil.fireEventImpl(EventUtil.java:74)
	at com.sun.javafx.event.EventUtil.fireEvent(EventUtil.java:49)
	at javafx.event.Event.fireEvent(Event.java:198)
	at javafx.scene.Node.fireEvent(Node.java:8797)
	at javafx.scene.control.Button.fire(Button.java:203)
	at com.sun.javafx.scene.control.behavior.ButtonBehavior.mouseReleased(ButtonBehavior.java:208)
	at com.sun.javafx.scene.control.inputmap.InputMap.handle(InputMap.java:274)
	at com.sun.javafx.event.CompositeEventHandler$NormalEventHandlerRecord.handleBubblingEvent(CompositeEventHandler.java:247)
	at com.sun.javafx.event.CompositeEventHandler.dispatchBubblingEvent(CompositeEventHandler.java:80)
	at com.sun.javafx.event.EventHandlerManager.dispatchBubblingEvent(EventHandlerManager.java:234)
	at com.sun.javafx.event.EventHandlerManager.dispatchBubblingEvent(EventHandlerManager.java:191)
	at com.sun.javafx.event.CompositeEventDispatcher.dispatchBubblingEvent(CompositeEventDispatcher.java:59)
	at com.sun.javafx.event.BasicEventDispatcher.dispatchEvent(BasicEventDispatcher.java:58)
	at com.sun.javafx.event.EventDispatchChainImpl.dispatchEvent(EventDispatchChainImpl.java:114)
	at com.sun.javafx.event.BasicEventDispatcher.dispatchEvent(BasicEventDispatcher.java:56)
	at com.sun.javafx.event.EventDispatchChainImpl.dispatchEvent(EventDispatchChainImpl.java:114)
	at com.sun.javafx.event.BasicEventDispatcher.dispatchEvent(BasicEventDispatcher.java:56)
	at com.sun.javafx.event.EventDispatchChainImpl.dispatchEvent(EventDispatchChainImpl.java:114)
	at com.sun.javafx.event.EventUtil.fireEventImpl(EventUtil.java:74)
	at com.sun.javafx.event.EventUtil.fireEvent(EventUtil.java:54)
	at javafx.event.Event.fireEvent(Event.java:198)
	at javafx.scene.Scene$MouseHandler.process(Scene.java:3931)
	at javafx.scene.Scene.processMouseEvent(Scene.java:1918)
	at javafx.scene.Scene$ScenePeerListener.mouseEvent(Scene.java:2657)
	at com.sun.javafx.tk.quantum.GlassViewEventHandler$MouseEventNotification.run(GlassViewEventHandler.java:411)
	at com.sun.javafx.tk.quantum.GlassViewEventHandler$MouseEventNotification.run(GlassViewEventHandler.java:301)
	at java.base/java.security.AccessController.doPrivileged(AccessController.java:399)
	at com.sun.javafx.tk.quantum.GlassViewEventHandler.lambda$handleMouseEvent$2(GlassViewEventHandler.java:450)
	at com.sun.javafx.tk.quantum.QuantumToolkit.runWithoutRenderLock(QuantumToolkit.java:430)
	at com.sun.javafx.tk.quantum.GlassViewEventHandler.handleMouseEvent(GlassViewEventHandler.java:449)
	at com.sun.glass.ui.View.handleMouseEvent(View.java:551)
	at com.sun.glass.ui.View.notifyMouse(View.java:937)
	at com.sun.glass.ui.monocle.MonocleView.notifyMouse(MonocleView.java:116)
	... 22 common frames omitted
2026-07-10 15:29:51,191 [ERROR] from com.jpro.meta.tk.SceneInputListener in JavaFX Application Thread - Error while processing the input: MouseEventToken(MouseMoved,936.0,582.4000244140625,MouseButtonToken(2),false,false,false,false,false,false,false,false) app: stage title: 練習モード
java.lang.reflect.InvocationTargetException: null
	at jdk.internal.reflect.GeneratedMethodAccessor9.invoke(Unknown Source)
	at java.base/jdk.internal.reflect.DelegatingMethodAccessorImpl.invoke(DelegatingMethodAccessorImpl.java:43)
	at java.base/java.lang.reflect.Method.invoke(Method.java:569)
	at simplefx.util.ReflectionUtil$UseReflection.applyDynamic(ReflectionUtil.scala:21)
	at com.jpro.meta.tk.SceneInputListener.processInputInScene(SceneInputListener.scala:264)
	at com.jpro.meta.tk.SceneInputListener.processInput(SceneInputListener.scala:178)
	at com.jpro.meta.tk.SceneInputListener.processInputs(SceneInputListener.scala:108)
	at com.jpro.meta.tk.SceneInputListener.$anonfun$new$4(SceneInputListener.scala:42)
	at simplefx.cores.standard.parts.CoreTimeEvent$$anon$3.run(CoreTimeEvent.scala:62)
	at com.sun.javafx.application.PlatformImpl.lambda$runLater$10(PlatformImpl.java:457)
	at java.base/java.security.AccessController.doPrivileged(AccessController.java:399)
	at com.sun.javafx.application.PlatformImpl.lambda$runLater$11(PlatformImpl.java:456)
	at com.sun.glass.ui.monocle.RunnableProcessor.runLoop(RunnableProcessor.java:92)
	at com.sun.glass.ui.monocle.RunnableProcessor.run(RunnableProcessor.java:51)
	at java.base/java.lang.Thread.run(Thread.java:840)
Caused by: java.lang.reflect.InvocationTargetException: null
	at jdk.internal.reflect.GeneratedMethodAccessor10.invoke(Unknown Source)
	at java.base/jdk.internal.reflect.DelegatingMethodAccessorImpl.invoke(DelegatingMethodAccessorImpl.java:43)
	at java.base/java.lang.reflect.Method.invoke(Method.java:569)
	at simplefx.util.ReflectionUtil$UseReflection.applyDynamic(ReflectionUtil.scala:21)
	at com.sun.glass.ui.monocle.input.fork.NativeMouseInput.notifyMouse(NativeMouseInput.scala:330)
	at com.sun.glass.ui.monocle.input.fork.NativeMouseInput.postMouseEvent(NativeMouseInput.scala:226)
	at com.sun.glass.ui.monocle.input.fork.NativeMouseInput.setState(NativeMouseInput.scala:186)
	... 15 common frames omitted
Caused by: java.lang.NullPointerException: Cannot invoke "javafx.scene.media.AudioClip.stop()" because "this.clickSound" is null
	at story.Practice.lambda$createScene$6(Practice.java:142)
	at com.sun.javafx.event.CompositeEventHandler.dispatchBubblingEvent(CompositeEventHandler.java:86)
	at com.sun.javafx.event.EventHandlerManager.dispatchBubblingEvent(EventHandlerManager.java:234)
	at com.sun.javafx.event.EventHandlerManager.dispatchBubblingEvent(EventHandlerManager.java:191)
	at com.sun.javafx.event.CompositeEventDispatcher.dispatchBubblingEvent(CompositeEventDispatcher.java:59)
	at com.sun.javafx.event.BasicEventDispatcher.dispatchEvent(BasicEventDispatcher.java:58)
	at com.sun.javafx.event.EventDispatchChainImpl.dispatchEvent(EventDispatchChainImpl.java:114)
	at com.sun.javafx.event.BasicEventDispatcher.dispatchEvent(BasicEventDispatcher.java:56)
	at com.sun.javafx.event.EventDispatchChainImpl.dispatchEvent(EventDispatchChainImpl.java:114)
	at com.sun.javafx.event.BasicEventDispatcher.dispatchEvent(BasicEventDispatcher.java:56)
	at com.sun.javafx.event.EventDispatchChainImpl.dispatchEvent(EventDispatchChainImpl.java:114)
	at com.sun.javafx.event.EventUtil.fireEventImpl(EventUtil.java:74)
	at com.sun.javafx.event.EventUtil.fireEvent(EventUtil.java:49)
	at javafx.event.Event.fireEvent(Event.java:198)
	at javafx.scene.Node.fireEvent(Node.java:8797)
	at javafx.scene.control.Button.fire(Button.java:203)
	at com.sun.javafx.scene.control.behavior.ButtonBehavior.mouseReleased(ButtonBehavior.java:208)
	at com.sun.javafx.scene.control.inputmap.InputMap.handle(InputMap.java:274)
	at com.sun.javafx.event.CompositeEventHandler$NormalEventHandlerRecord.handleBubblingEvent(CompositeEventHandler.java:247)
	at com.sun.javafx.event.CompositeEventHandler.dispatchBubblingEvent(CompositeEventHandler.java:80)
	at com.sun.javafx.event.EventHandlerManager.dispatchBubblingEvent(EventHandlerManager.java:234)
	at com.sun.javafx.event.EventHandlerManager.dispatchBubblingEvent(EventHandlerManager.java:191)
	at com.sun.javafx.event.CompositeEventDispatcher.dispatchBubblingEvent(CompositeEventDispatcher.java:59)
	at com.sun.javafx.event.BasicEventDispatcher.dispatchEvent(BasicEventDispatcher.java:58)
	at com.sun.javafx.event.EventDispatchChainImpl.dispatchEvent(EventDispatchChainImpl.java:114)
	at com.sun.javafx.event.BasicEventDispatcher.dispatchEvent(BasicEventDispatcher.java:56)
	at com.sun.javafx.event.EventDispatchChainImpl.dispatchEvent(EventDispatchChainImpl.java:114)
	at com.sun.javafx.event.BasicEventDispatcher.dispatchEvent(BasicEventDispatcher.java:56)
	at com.sun.javafx.event.EventDispatchChainImpl.dispatchEvent(EventDispatchChainImpl.java:114)
	at com.sun.javafx.event.EventUtil.fireEventImpl(EventUtil.java:74)
	at com.sun.javafx.event.EventUtil.fireEvent(EventUtil.java:54)
	at javafx.event.Event.fireEvent(Event.java:198)
	at javafx.scene.Scene$MouseHandler.process(Scene.java:3931)
	at javafx.scene.Scene.processMouseEvent(Scene.java:1918)
	at javafx.scene.Scene$ScenePeerListener.mouseEvent(Scene.java:2657)
	at com.sun.javafx.tk.quantum.GlassViewEventHandler$MouseEventNotification.run(GlassViewEventHandler.java:411)
	at com.sun.javafx.tk.quantum.GlassViewEventHandler$MouseEventNotification.run(GlassViewEventHandler.java:301)
	at java.base/java.security.AccessController.doPrivileged(AccessController.java:399)
	at com.sun.javafx.tk.quantum.GlassViewEventHandler.lambda$handleMouseEvent$2(GlassViewEventHandler.java:450)
	at com.sun.javafx.tk.quantum.QuantumToolkit.runWithoutRenderLock(QuantumToolkit.java:430)
	at com.sun.javafx.tk.quantum.GlassViewEventHandler.handleMouseEvent(GlassViewEventHandler.java:449)
	at com.sun.glass.ui.View.handleMouseEvent(View.java:551)
	at com.sun.glass.ui.View.notifyMouse(View.java:937)
	at com.sun.glass.ui.monocle.MonocleView.notifyMouse(MonocleView.java:116)
	... 22 common frames omitted
2026-07-10 15:29:51,208 [ERROR] from com.jpro.meta.tk.SceneInputListener in JavaFX Application Thread - Error while processing the input: MouseEventToken(MouseMoved,936.0,558.4000244140625,MouseButtonToken(2),false,false,false,false,false,false,false,false) app: stage title: 練習モード
java.lang.reflect.InvocationTargetException: null
	at jdk.internal.reflect.GeneratedMethodAccessor9.invoke(Unknown Source)
	at java.base/jdk.internal.reflect.DelegatingMethodAccessorImpl.invoke(DelegatingMethodAccessorImpl.java:43)
	at java.base/java.lang.reflect.Method.invoke(Method.java:569)
	at simplefx.util.ReflectionUtil$UseReflection.applyDynamic(ReflectionUtil.scala:21)
	at com.jpro.meta.tk.SceneInputListener.processInputInScene(SceneInputListener.scala:264)
	at com.jpro.meta.tk.SceneInputListener.processInput(SceneInputListener.scala:178)
	at com.jpro.meta.tk.SceneInputListener.processInputs(SceneInputListener.scala:108)
	at com.jpro.meta.tk.SceneInputListener.$anonfun$new$4(SceneInputListener.scala:42)
	at simplefx.cores.standard.parts.CoreTimeEvent$$anon$3.run(CoreTimeEvent.scala:62)
	at com.sun.javafx.application.PlatformImpl.lambda$runLater$10(PlatformImpl.java:457)
	at java.base/java.security.AccessController.doPrivileged(AccessController.java:399)
	at com.sun.javafx.application.PlatformImpl.lambda$runLater$11(PlatformImpl.java:456)
	at com.sun.glass.ui.monocle.RunnableProcessor.runLoop(RunnableProcessor.java:92)
	at com.sun.glass.ui.monocle.RunnableProcessor.run(RunnableProcessor.java:51)
	at java.base/java.lang.Thread.run(Thread.java:840)
Caused by: java.lang.reflect.InvocationTargetException: null
	at jdk.internal.reflect.GeneratedMethodAccessor10.invoke(Unknown Source)
	at java.base/jdk.internal.reflect.DelegatingMethodAccessorImpl.invoke(DelegatingMethodAccessorImpl.java:43)
	at java.base/java.lang.reflect.Method.invoke(Method.java:569)
	at simplefx.util.ReflectionUtil$UseReflection.applyDynamic(ReflectionUtil.scala:21)
	at com.sun.glass.ui.monocle.input.fork.NativeMouseInput.notifyMouse(NativeMouseInput.scala:330)
	at com.sun.glass.ui.monocle.input.fork.NativeMouseInput.postMouseEvent(NativeMouseInput.scala:226)
	at com.sun.glass.ui.monocle.input.fork.NativeMouseInput.setState(NativeMouseInput.scala:186)
	... 15 common frames omitted
Caused by: java.lang.NullPointerException: Cannot invoke "javafx.scene.media.AudioClip.stop()" because "this.clickSound" is null
	at story.Practice.lambda$createScene$6(Practice.java:142)
	at com.sun.javafx.event.CompositeEventHandler.dispatchBubblingEvent(CompositeEventHandler.java:86)
	at com.sun.javafx.event.EventHandlerManager.dispatchBubblingEvent(EventHandlerManager.java:234)
	at com.sun.javafx.event.EventHandlerManager.dispatchBubblingEvent(EventHandlerManager.java:191)
	at com.sun.javafx.event.CompositeEventDispatcher.dispatchBubblingEvent(CompositeEventDispatcher.java:59)
	at com.sun.javafx.event.BasicEventDispatcher.dispatchEvent(BasicEventDispatcher.java:58)
	at com.sun.javafx.event.EventDispatchChainImpl.dispatchEvent(EventDispatchChainImpl.java:114)
	at com.sun.javafx.event.BasicEventDispatcher.dispatchEvent(BasicEventDispatcher.java:56)
	at com.sun.javafx.event.EventDispatchChainImpl.dispatchEvent(EventDispatchChainImpl.java:114)
	at com.sun.javafx.event.BasicEventDispatcher.dispatchEvent(BasicEventDispatcher.java:56)
	at com.sun.javafx.event.EventDispatchChainImpl.dispatchEvent(EventDispatchChainImpl.java:114)
	at com.sun.javafx.event.EventUtil.fireEventImpl(EventUtil.java:74)
	at com.sun.javafx.event.EventUtil.fireEvent(EventUtil.java:49)
	at javafx.event.Event.fireEvent(Event.java:198)
	at javafx.scene.Node.fireEvent(Node.java:8797)
	at javafx.scene.control.Button.fire(Button.java:203)
	at com.sun.javafx.scene.control.behavior.ButtonBehavior.mouseReleased(ButtonBehavior.java:208)
	at com.sun.javafx.scene.control.inputmap.InputMap.handle(InputMap.java:274)
	at com.sun.javafx.event.CompositeEventHandler$NormalEventHandlerRecord.handleBubblingEvent(CompositeEventHandler.java:247)
	at com.sun.javafx.event.CompositeEventHandler.dispatchBubblingEvent(CompositeEventHandler.java:80)
	at com.sun.javafx.event.EventHandlerManager.dispatchBubblingEvent(EventHandlerManager.java:234)
	at com.sun.javafx.event.EventHandlerManager.dispatchBubblingEvent(EventHandlerManager.java:191)
	at com.sun.javafx.event.CompositeEventDispatcher.dispatchBubblingEvent(CompositeEventDispatcher.java:59)
	at com.sun.javafx.event.BasicEventDispatcher.dispatchEvent(BasicEventDispatcher.java:58)
	at com.sun.javafx.event.EventDispatchChainImpl.dispatchEvent(EventDispatchChainImpl.java:114)
	at com.sun.javafx.event.BasicEventDispatcher.dispatchEvent(BasicEventDispatcher.java:56)
	at com.sun.javafx.event.EventDispatchChainImpl.dispatchEvent(EventDispatchChainImpl.java:114)
	at com.sun.javafx.event.BasicEventDispatcher.dispatchEvent(BasicEventDispatcher.java:56)
	at com.sun.javafx.event.EventDispatchChainImpl.dispatchEvent(EventDispatchChainImpl.java:114)
	at com.sun.javafx.event.EventUtil.fireEventImpl(EventUtil.java:74)
	at com.sun.javafx.event.EventUtil.fireEvent(EventUtil.java:54)
	at javafx.event.Event.fireEvent(Event.java:198)
	at javafx.scene.Scene$MouseHandler.process(Scene.java:3931)
	at javafx.scene.Scene.processMouseEvent(Scene.java:1918)
	at javafx.scene.Scene$ScenePeerListener.mouseEvent(Scene.java:2657)
	at com.sun.javafx.tk.quantum.GlassViewEventHandler$MouseEventNotification.run(GlassViewEventHandler.java:411)
	at com.sun.javafx.tk.quantum.GlassViewEventHandler$MouseEventNotification.run(GlassViewEventHandler.java:301)
	at java.base/java.security.AccessController.doPrivileged(AccessController.java:399)
	at com.sun.javafx.tk.quantum.GlassViewEventHandler.lambda$handleMouseEvent$2(GlassViewEventHandler.java:450)
	at com.sun.javafx.tk.quantum.QuantumToolkit.runWithoutRenderLock(QuantumToolkit.java:430)
	at com.sun.javafx.tk.quantum.GlassViewEventHandler.handleMouseEvent(GlassViewEventHandler.java:449)
	at com.sun.glass.ui.View.handleMouseEvent(View.java:551)
	at com.sun.glass.ui.View.notifyMouse(View.java:937)
	at com.sun.glass.ui.monocle.MonocleView.notifyMouse(MonocleView.java:116)
	... 22 common frames omitted
2026-07-10 15:29:51,224 [ERROR] from com.jpro.meta.tk.SceneInputListener in JavaFX Application Thread - Error while processing the input: MouseEventToken(MouseMoved,936.0,526.4000244140625,MouseButtonToken(2),false,false,false,false,false,false,false,false) app: stage title: 練習モード
java.lang.reflect.InvocationTargetException: null
	at jdk.internal.reflect.GeneratedMethodAccessor9.invoke(Unknown Source)
	at java.base/jdk.internal.reflect.DelegatingMethodAccessorImpl.invoke(DelegatingMethodAccessorImpl.java:43)
	at java.base/java.lang.reflect.Method.invoke(Method.java:569)
	at simplefx.util.ReflectionUtil$UseReflection.applyDynamic(ReflectionUtil.scala:21)
	at com.jpro.meta.tk.SceneInputListener.processInputInScene(SceneInputListener.scala:264)
	at com.jpro.meta.tk.SceneInputListener.processInput(SceneInputListener.scala:178)
	at com.jpro.meta.tk.SceneInputListener.processInputs(SceneInputListener.scala:108)
	at com.jpro.meta.tk.SceneInputListener.$anonfun$new$4(SceneInputListener.scala:42)
	at simplefx.cores.standard.parts.CoreTimeEvent$$anon$3.run(CoreTimeEvent.scala:62)
	at com.sun.javafx.application.PlatformImpl.lambda$runLater$10(PlatformImpl.java:457)
	at java.base/java.security.AccessController.doPrivileged(AccessController.java:399)
	at com.sun.javafx.application.PlatformImpl.lambda$runLater$11(PlatformImpl.java:456)
	at com.sun.glass.ui.monocle.RunnableProcessor.runLoop(RunnableProcessor.java:92)
	at com.sun.glass.ui.monocle.RunnableProcessor.run(RunnableProcessor.java:51)
	at java.base/java.lang.Thread.run(Thread.java:840)
Caused by: java.lang.reflect.InvocationTargetException: null
	at jdk.internal.reflect.GeneratedMethodAccessor10.invoke(Unknown Source)
	at java.base/jdk.internal.reflect.DelegatingMethodAccessorImpl.invoke(DelegatingMethodAccessorImpl.java:43)
	at java.base/java.lang.reflect.Method.invoke(Method.java:569)
	at simplefx.util.ReflectionUtil$UseReflection.applyDynamic(ReflectionUtil.scala:21)
	at com.sun.glass.ui.monocle.input.fork.NativeMouseInput.notifyMouse(NativeMouseInput.scala:330)
	at com.sun.glass.ui.monocle.input.fork.NativeMouseInput.postMouseEvent(NativeMouseInput.scala:226)
	at com.sun.glass.ui.monocle.input.fork.NativeMouseInput.setState(NativeMouseInput.scala:186)
	... 15 common frames omitted
Caused by: java.lang.NullPointerException: Cannot invoke "javafx.scene.media.AudioClip.stop()" because "this.clickSound" is null
	at story.Practice.lambda$createScene$4(Practice.java:132)
	at com.sun.javafx.event.CompositeEventHandler.dispatchBubblingEvent(CompositeEventHandler.java:86)
	at com.sun.javafx.event.EventHandlerManager.dispatchBubblingEvent(EventHandlerManager.java:234)
	at com.sun.javafx.event.EventHandlerManager.dispatchBubblingEvent(EventHandlerManager.java:191)
	at com.sun.javafx.event.CompositeEventDispatcher.dispatchBubblingEvent(CompositeEventDispatcher.java:59)
	at com.sun.javafx.event.BasicEventDispatcher.dispatchEvent(BasicEventDispatcher.java:58)
	at com.sun.javafx.event.EventDispatchChainImpl.dispatchEvent(EventDispatchChainImpl.java:114)
	at com.sun.javafx.event.BasicEventDispatcher.dispatchEvent(BasicEventDispatcher.java:56)
	at com.sun.javafx.event.EventDispatchChainImpl.dispatchEvent(EventDispatchChainImpl.java:114)
	at com.sun.javafx.event.BasicEventDispatcher.dispatchEvent(BasicEventDispatcher.java:56)
	at com.sun.javafx.event.EventDispatchChainImpl.dispatchEvent(EventDispatchChainImpl.java:114)
	at com.sun.javafx.event.EventUtil.fireEventImpl(EventUtil.java:74)
	at com.sun.javafx.event.EventUtil.fireEvent(EventUtil.java:49)
	at javafx.event.Event.fireEvent(Event.java:198)
	at javafx.scene.Node.fireEvent(Node.java:8797)
	at javafx.scene.control.Button.fire(Button.java:203)
	at com.sun.javafx.scene.control.behavior.ButtonBehavior.mouseReleased(ButtonBehavior.java:208)
	at com.sun.javafx.scene.control.inputmap.InputMap.handle(InputMap.java:274)
	at com.sun.javafx.event.CompositeEventHandler$NormalEventHandlerRecord.handleBubblingEvent(CompositeEventHandler.java:247)
	at com.sun.javafx.event.CompositeEventHandler.dispatchBubblingEvent(CompositeEventHandler.java:80)
	at com.sun.javafx.event.EventHandlerManager.dispatchBubblingEvent(EventHandlerManager.java:234)
	at com.sun.javafx.event.EventHandlerManager.dispatchBubblingEvent(EventHandlerManager.java:191)
	at com.sun.javafx.event.CompositeEventDispatcher.dispatchBubblingEvent(CompositeEventDispatcher.java:59)
	at com.sun.javafx.event.BasicEventDispatcher.dispatchEvent(BasicEventDispatcher.java:58)
	at com.sun.javafx.event.EventDispatchChainImpl.dispatchEvent(EventDispatchChainImpl.java:114)
	at com.sun.javafx.event.BasicEventDispatcher.dispatchEvent(BasicEventDispatcher.java:56)
	at com.sun.javafx.event.EventDispatchChainImpl.dispatchEvent(EventDispatchChainImpl.java:114)
	at com.sun.javafx.event.BasicEventDispatcher.dispatchEvent(BasicEventDispatcher.java:56)
	at com.sun.javafx.event.EventDispatchChainImpl.dispatchEvent(EventDispatchChainImpl.java:114)
	at com.sun.javafx.event.EventUtil.fireEventImpl(EventUtil.java:74)
	at com.sun.javafx.event.EventUtil.fireEvent(EventUtil.java:54)
	at javafx.event.Event.fireEvent(Event.java:198)
	at javafx.scene.Scene$MouseHandler.process(Scene.java:3931)
	at javafx.scene.Scene.processMouseEvent(Scene.java:1918)
	at javafx.scene.Scene$ScenePeerListener.mouseEvent(Scene.java:2657)
	at com.sun.javafx.tk.quantum.GlassViewEventHandler$MouseEventNotification.run(GlassViewEventHandler.java:411)
	at com.sun.javafx.tk.quantum.GlassViewEventHandler$MouseEventNotification.run(GlassViewEventHandler.java:301)
	at java.base/java.security.AccessController.doPrivileged(AccessController.java:399)
	at com.sun.javafx.tk.quantum.GlassViewEventHandler.lambda$handleMouseEvent$2(GlassViewEventHandler.java:450)
	at com.sun.javafx.tk.quantum.QuantumToolkit.runWithoutRenderLock(QuantumToolkit.java:430)
	at com.sun.javafx.tk.quantum.GlassViewEventHandler.handleMouseEvent(GlassViewEventHandler.java:449)
	at com.sun.glass.ui.View.handleMouseEvent(View.java:551)
	at com.sun.glass.ui.View.notifyMouse(View.java:937)
	at com.sun.glass.ui.monocle.MonocleView.notifyMouse(MonocleView.java:116)
	... 22 common frames omitted
2026-07-10 15:29:51,237 [ERROR] from com.jpro.meta.tk.SceneInputListener in JavaFX Application Thread - Error while processing the input: MouseEventToken(MouseMoved,936.0,500.8000183105469,MouseButtonToken(2),false,false,false,false,false,false,false,false) app: stage title: 練習モード
java.lang.reflect.InvocationTargetException: null
	at jdk.internal.reflect.GeneratedMethodAccessor9.invoke(Unknown Source)
	at java.base/jdk.internal.reflect.DelegatingMethodAccessorImpl.invoke(DelegatingMethodAccessorImpl.java:43)
	at java.base/java.lang.reflect.Method.invoke(Method.java:569)
	at simplefx.util.ReflectionUtil$UseReflection.applyDynamic(ReflectionUtil.scala:21)
	at com.jpro.meta.tk.SceneInputListener.processInputInScene(SceneInputListener.scala:264)
	at com.jpro.meta.tk.SceneInputListener.processInput(SceneInputListener.scala:178)
	at com.jpro.meta.tk.SceneInputListener.processInputs(SceneInputListener.scala:108)
	at com.jpro.meta.tk.SceneInputListener.$anonfun$new$4(SceneInputListener.scala:42)
	at simplefx.cores.standard.parts.CoreTimeEvent$$anon$3.run(CoreTimeEvent.scala:62)
	at com.sun.javafx.application.PlatformImpl.lambda$runLater$10(PlatformImpl.java:457)
	at java.base/java.security.AccessController.doPrivileged(AccessController.java:399)
	at com.sun.javafx.application.PlatformImpl.lambda$runLater$11(PlatformImpl.java:456)
	at com.sun.glass.ui.monocle.RunnableProcessor.runLoop(RunnableProcessor.java:92)
	at com.sun.glass.ui.monocle.RunnableProcessor.run(RunnableProcessor.java:51)
	at java.base/java.lang.Thread.run(Thread.java:840)
Caused by: java.lang.reflect.InvocationTargetException: null
	at jdk.internal.reflect.GeneratedMethodAccessor10.invoke(Unknown Source)
	at java.base/jdk.internal.reflect.DelegatingMethodAccessorImpl.invoke(DelegatingMethodAccessorImpl.java:43)
	at java.base/java.lang.reflect.Method.invoke(Method.java:569)
	at simplefx.util.ReflectionUtil$UseReflection.applyDynamic(ReflectionUtil.scala:21)
	at com.sun.glass.ui.monocle.input.fork.NativeMouseInput.notifyMouse(NativeMouseInput.scala:330)
	at com.sun.glass.ui.monocle.input.fork.NativeMouseInput.postMouseEvent(NativeMouseInput.scala:226)
	at com.sun.glass.ui.monocle.input.fork.NativeMouseInput.setState(NativeMouseInput.scala:186)
	... 15 common frames omitted
Caused by: java.lang.NullPointerException: Cannot invoke "javafx.scene.media.AudioClip.stop()" because "this.clickSound" is null
	at story.Practice.lambda$createScene$4(Practice.java:132)
	at com.sun.javafx.event.CompositeEventHandler.dispatchBubblingEvent(CompositeEventHandler.java:86)
	at com.sun.javafx.event.EventHandlerManager.dispatchBubblingEvent(EventHandlerManager.java:234)
	at com.sun.javafx.event.EventHandlerManager.dispatchBubblingEvent(EventHandlerManager.java:191)
	at com.sun.javafx.event.CompositeEventDispatcher.dispatchBubblingEvent(CompositeEventDispatcher.java:59)
	at com.sun.javafx.event.BasicEventDispatcher.dispatchEvent(BasicEventDispatcher.java:58)
	at com.sun.javafx.event.EventDispatchChainImpl.dispatchEvent(EventDispatchChainImpl.java:114)
	at com.sun.javafx.event.BasicEventDispatcher.dispatchEvent(BasicEventDispatcher.java:56)
	at com.sun.javafx.event.EventDispatchChainImpl.dispatchEvent(EventDispatchChainImpl.java:114)
	at com.sun.javafx.event.BasicEventDispatcher.dispatchEvent(BasicEventDispatcher.java:56)
	at com.sun.javafx.event.EventDispatchChainImpl.dispatchEvent(EventDispatchChainImpl.java:114)
	at com.sun.javafx.event.EventUtil.fireEventImpl(EventUtil.java:74)
	at com.sun.javafx.event.EventUtil.fireEvent(EventUtil.java:49)
	at javafx.event.Event.fireEvent(Event.java:198)
	at javafx.scene.Node.fireEvent(Node.java:8797)
	at javafx.scene.control.Button.fire(Button.java:203)
	at com.sun.javafx.scene.control.behavior.ButtonBehavior.mouseReleased(ButtonBehavior.java:208)
	at com.sun.javafx.scene.control.inputmap.InputMap.handle(InputMap.java:274)
	at com.sun.javafx.event.CompositeEventHandler$NormalEventHandlerRecord.handleBubblingEvent(CompositeEventHandler.java:247)
	at com.sun.javafx.event.CompositeEventHandler.dispatchBubblingEvent(CompositeEventHandler.java:80)
	at com.sun.javafx.event.EventHandlerManager.dispatchBubblingEvent(EventHandlerManager.java:234)
	at com.sun.javafx.event.EventHandlerManager.dispatchBubblingEvent(EventHandlerManager.java:191)
	at com.sun.javafx.event.CompositeEventDispatcher.dispatchBubblingEvent(CompositeEventDispatcher.java:59)
	at com.sun.javafx.event.BasicEventDispatcher.dispatchEvent(BasicEventDispatcher.java:58)
	at com.sun.javafx.event.EventDispatchChainImpl.dispatchEvent(EventDispatchChainImpl.java:114)
	at com.sun.javafx.event.BasicEventDispatcher.dispatchEvent(BasicEventDispatcher.java:56)
	at com.sun.javafx.event.EventDispatchChainImpl.dispatchEvent(EventDispatchChainImpl.java:114)
	at com.sun.javafx.event.BasicEventDispatcher.dispatchEvent(BasicEventDispatcher.java:56)
	at com.sun.javafx.event.EventDispatchChainImpl.dispatchEvent(EventDispatchChainImpl.java:114)
	at com.sun.javafx.event.EventUtil.fireEventImpl(EventUtil.java:74)
	at com.sun.javafx.event.EventUtil.fireEvent(EventUtil.java:54)
	at javafx.event.Event.fireEvent(Event.java:198)
	at javafx.scene.Scene$MouseHandler.process(Scene.java:3931)
	at javafx.scene.Scene.processMouseEvent(Scene.java:1918)
	at javafx.scene.Scene$ScenePeerListener.mouseEvent(Scene.java:2657)
	at com.sun.javafx.tk.quantum.GlassViewEventHandler$MouseEventNotification.run(GlassViewEventHandler.java:411)
	at com.sun.javafx.tk.quantum.GlassViewEventHandler$MouseEventNotification.run(GlassViewEventHandler.java:301)
	at java.base/java.security.AccessController.doPrivileged(AccessController.java:399)
	at com.sun.javafx.tk.quantum.GlassViewEventHandler.lambda$handleMouseEvent$2(GlassViewEventHandler.java:450)
	at com.sun.javafx.tk.quantum.QuantumToolkit.runWithoutRenderLock(QuantumToolkit.java:430)
	at com.sun.javafx.tk.quantum.GlassViewEventHandler.handleMouseEvent(GlassViewEventHandler.java:449)
	at com.sun.glass.ui.View.handleMouseEvent(View.java:551)
	at com.sun.glass.ui.View.notifyMouse(View.java:937)
	at com.sun.glass.ui.monocle.MonocleView.notifyMouse(MonocleView.java:116)
	... 22 common frames omitted
2026-07-10 15:29:51,254 [ERROR] from com.jpro.meta.tk.SceneInputListener in JavaFX Application Thread - Error while processing the input: MouseEventToken(MouseMoved,936.0,486.3999938964844,MouseButtonToken(2),false,false,false,false,false,false,false,false) app: stage title: 練習モード
java.lang.reflect.InvocationTargetException: null
	at jdk.internal.reflect.GeneratedMethodAccessor9.invoke(Unknown Source)
	at java.base/jdk.internal.reflect.DelegatingMethodAccessorImpl.invoke(DelegatingMethodAccessorImpl.java:43)
	at java.base/java.lang.reflect.Method.invoke(Method.java:569)
	at simplefx.util.ReflectionUtil$UseReflection.applyDynamic(ReflectionUtil.scala:21)
	at com.jpro.meta.tk.SceneInputListener.processInputInScene(SceneInputListener.scala:264)
	at com.jpro.meta.tk.SceneInputListener.processInput(SceneInputListener.scala:178)
	at com.jpro.meta.tk.SceneInputListener.processInputs(SceneInputListener.scala:108)
	at com.jpro.meta.tk.SceneInputListener.$anonfun$new$4(SceneInputListener.scala:42)
	at simplefx.cores.standard.parts.CoreTimeEvent$$anon$3.run(CoreTimeEvent.scala:62)
	at com.sun.javafx.application.PlatformImpl.lambda$runLater$10(PlatformImpl.java:457)
	at java.base/java.security.AccessController.doPrivileged(AccessController.java:399)
	at com.sun.javafx.application.PlatformImpl.lambda$runLater$11(PlatformImpl.java:456)
	at com.sun.glass.ui.monocle.RunnableProcessor.runLoop(RunnableProcessor.java:92)
	at com.sun.glass.ui.monocle.RunnableProcessor.run(RunnableProcessor.java:51)
	at java.base/java.lang.Thread.run(Thread.java:840)
Caused by: java.lang.reflect.InvocationTargetException: null
	at jdk.internal.reflect.GeneratedMethodAccessor10.invoke(Unknown Source)
	at java.base/jdk.internal.reflect.DelegatingMethodAccessorImpl.invoke(DelegatingMethodAccessorImpl.java:43)
	at java.base/java.lang.reflect.Method.invoke(Method.java:569)
	at simplefx.util.ReflectionUtil$UseReflection.applyDynamic(ReflectionUtil.scala:21)
	at com.sun.glass.ui.monocle.input.fork.NativeMouseInput.notifyMouse(NativeMouseInput.scala:330)
	at com.sun.glass.ui.monocle.input.fork.NativeMouseInput.postMouseEvent(NativeMouseInput.scala:226)
	at com.sun.glass.ui.monocle.input.fork.NativeMouseInput.setState(NativeMouseInput.scala:186)
	... 15 common frames omitted
Caused by: java.lang.NullPointerException: Cannot invoke "javafx.scene.media.AudioClip.stop()" because "this.clickSound" is null
	at story.Practice.lambda$createScene$4(Practice.java:132)
	at com.sun.javafx.event.CompositeEventHandler.dispatchBubblingEvent(CompositeEventHandler.java:86)
	at com.sun.javafx.event.EventHandlerManager.dispatchBubblingEvent(EventHandlerManager.java:234)
	at com.sun.javafx.event.EventHandlerManager.dispatchBubblingEvent(EventHandlerManager.java:191)
	at com.sun.javafx.event.CompositeEventDispatcher.dispatchBubblingEvent(CompositeEventDispatcher.java:59)
	at com.sun.javafx.event.BasicEventDispatcher.dispatchEvent(BasicEventDispatcher.java:58)
	at com.sun.javafx.event.EventDispatchChainImpl.dispatchEvent(EventDispatchChainImpl.java:114)
	at com.sun.javafx.event.BasicEventDispatcher.dispatchEvent(BasicEventDispatcher.java:56)
	at com.sun.javafx.event.EventDispatchChainImpl.dispatchEvent(EventDispatchChainImpl.java:114)
	at com.sun.javafx.event.BasicEventDispatcher.dispatchEvent(BasicEventDispatcher.java:56)
	at com.sun.javafx.event.EventDispatchChainImpl.dispatchEvent(EventDispatchChainImpl.java:114)
	at com.sun.javafx.event.EventUtil.fireEventImpl(EventUtil.java:74)
	at com.sun.javafx.event.EventUtil.fireEvent(EventUtil.java:49)
	at javafx.event.Event.fireEvent(Event.java:198)
	at javafx.scene.Node.fireEvent(Node.java:8797)
	at javafx.scene.control.Button.fire(Button.java:203)
	at com.sun.javafx.scene.control.behavior.ButtonBehavior.mouseReleased(ButtonBehavior.java:208)
	at com.sun.javafx.scene.control.inputmap.InputMap.handle(InputMap.java:274)
	at com.sun.javafx.event.CompositeEventHandler$NormalEventHandlerRecord.handleBubblingEvent(CompositeEventHandler.java:247)
	at com.sun.javafx.event.CompositeEventHandler.dispatchBubblingEvent(CompositeEventHandler.java:80)
	at com.sun.javafx.event.EventHandlerManager.dispatchBubblingEvent(EventHandlerManager.java:234)
	at com.sun.javafx.event.EventHandlerManager.dispatchBubblingEvent(EventHandlerManager.java:191)
	at com.sun.javafx.event.CompositeEventDispatcher.dispatchBubblingEvent(CompositeEventDispatcher.java:59)
	at com.sun.javafx.event.BasicEventDispatcher.dispatchEvent(BasicEventDispatcher.java:58)
	at com.sun.javafx.event.EventDispatchChainImpl.dispatchEvent(EventDispatchChainImpl.java:114)
	at com.sun.javafx.event.BasicEventDispatcher.dispatchEvent(BasicEventDispatcher.java:56)
	at com.sun.javafx.event.EventDispatchChainImpl.dispatchEvent(EventDispatchChainImpl.java:114)
	at com.sun.javafx.event.BasicEventDispatcher.dispatchEvent(BasicEventDispatcher.java:56)
	at com.sun.javafx.event.EventDispatchChainImpl.dispatchEvent(EventDispatchChainImpl.java:114)
	at com.sun.javafx.event.EventUtil.fireEventImpl(EventUtil.java:74)
	at com.sun.javafx.event.EventUtil.fireEvent(EventUtil.java:54)
	at javafx.event.Event.fireEvent(Event.java:198)
	at javafx.scene.Scene$MouseHandler.process(Scene.java:3931)
	at javafx.scene.Scene.processMouseEvent(Scene.java:1918)
	at javafx.scene.Scene$ScenePeerListener.mouseEvent(Scene.java:2657)
	at com.sun.javafx.tk.quantum.GlassViewEventHandler$MouseEventNotification.run(GlassViewEventHandler.java:411)
	at com.sun.javafx.tk.quantum.GlassViewEventHandler$MouseEventNotification.run(GlassViewEventHandler.java:301)
	at java.base/java.security.AccessController.doPrivileged(AccessController.java:399)
	at com.sun.javafx.tk.quantum.GlassViewEventHandler.lambda$handleMouseEvent$2(GlassViewEventHandler.java:450)
	at com.sun.javafx.tk.quantum.QuantumToolkit.runWithoutRenderLock(QuantumToolkit.java:430)
	at com.sun.javafx.tk.quantum.GlassViewEventHandler.handleMouseEvent(GlassViewEventHandler.java:449)
	at com.sun.glass.ui.View.handleMouseEvent(View.java:551)
	at com.sun.glass.ui.View.notifyMouse(View.java:937)
	at com.sun.glass.ui.monocle.MonocleView.notifyMouse(MonocleView.java:116)
	... 22 common frames omitted
2026-07-10 15:29:51,270 [ERROR] from com.jpro.meta.tk.SceneInputListener in JavaFX Application Thread - Error while processing the input: MouseEventToken(MouseMoved,936.7999877929688,480.8000183105469,MouseButtonToken(2),false,false,false,false,false,false,false,false) app: stage title: 練習モード
java.lang.reflect.InvocationTargetException: null
	at jdk.internal.reflect.GeneratedMethodAccessor9.invoke(Unknown Source)
	at java.base/jdk.internal.reflect.DelegatingMethodAccessorImpl.invoke(DelegatingMethodAccessorImpl.java:43)
	at java.base/java.lang.reflect.Method.invoke(Method.java:569)
	at simplefx.util.ReflectionUtil$UseReflection.applyDynamic(ReflectionUtil.scala:21)
	at com.jpro.meta.tk.SceneInputListener.processInputInScene(SceneInputListener.scala:264)
	at com.jpro.meta.tk.SceneInputListener.processInput(SceneInputListener.scala:178)
	at com.jpro.meta.tk.SceneInputListener.processInputs(SceneInputListener.scala:108)
	at com.jpro.meta.tk.SceneInputListener.$anonfun$new$4(SceneInputListener.scala:42)
	at simplefx.cores.standard.parts.CoreTimeEvent$$anon$3.run(CoreTimeEvent.scala:62)
	at com.sun.javafx.application.PlatformImpl.lambda$runLater$10(PlatformImpl.java:457)
	at java.base/java.security.AccessController.doPrivileged(AccessController.java:399)
	at com.sun.javafx.application.PlatformImpl.lambda$runLater$11(PlatformImpl.java:456)
	at com.sun.glass.ui.monocle.RunnableProcessor.runLoop(RunnableProcessor.java:92)
	at com.sun.glass.ui.monocle.RunnableProcessor.run(RunnableProcessor.java:51)
	at java.base/java.lang.Thread.run(Thread.java:840)
Caused by: java.lang.reflect.InvocationTargetException: null
	at jdk.internal.reflect.GeneratedMethodAccessor10.invoke(Unknown Source)
	at java.base/jdk.internal.reflect.DelegatingMethodAccessorImpl.invoke(DelegatingMethodAccessorImpl.java:43)
	at java.base/java.lang.reflect.Method.invoke(Method.java:569)
	at simplefx.util.ReflectionUtil$UseReflection.applyDynamic(ReflectionUtil.scala:21)
	at com.sun.glass.ui.monocle.input.fork.NativeMouseInput.notifyMouse(NativeMouseInput.scala:330)
	at com.sun.glass.ui.monocle.input.fork.NativeMouseInput.postMouseEvent(NativeMouseInput.scala:226)
	at com.sun.glass.ui.monocle.input.fork.NativeMouseInput.setState(NativeMouseInput.scala:186)
	... 15 common frames omitted
Caused by: java.lang.NullPointerException: Cannot invoke "javafx.scene.media.AudioClip.stop()" because "this.clickSound" is null
	at story.Practice.lambda$createScene$4(Practice.java:132)
	at com.sun.javafx.event.CompositeEventHandler.dispatchBubblingEvent(CompositeEventHandler.java:86)
	at com.sun.javafx.event.EventHandlerManager.dispatchBubblingEvent(EventHandlerManager.java:234)
	at com.sun.javafx.event.EventHandlerManager.dispatchBubblingEvent(EventHandlerManager.java:191)
	at com.sun.javafx.event.CompositeEventDispatcher.dispatchBubblingEvent(CompositeEventDispatcher.java:59)
	at com.sun.javafx.event.BasicEventDispatcher.dispatchEvent(BasicEventDispatcher.java:58)
	at com.sun.javafx.event.EventDispatchChainImpl.dispatchEvent(EventDispatchChainImpl.java:114)
	at com.sun.javafx.event.BasicEventDispatcher.dispatchEvent(BasicEventDispatcher.java:56)
	at com.sun.javafx.event.EventDispatchChainImpl.dispatchEvent(EventDispatchChainImpl.java:114)
	at com.sun.javafx.event.BasicEventDispatcher.dispatchEvent(BasicEventDispatcher.java:56)
	at com.sun.javafx.event.EventDispatchChainImpl.dispatchEvent(EventDispatchChainImpl.java:114)
	at com.sun.javafx.event.EventUtil.fireEventImpl(EventUtil.java:74)
	at com.sun.javafx.event.EventUtil.fireEvent(EventUtil.java:49)
	at javafx.event.Event.fireEvent(Event.java:198)
	at javafx.scene.Node.fireEvent(Node.java:8797)
	at javafx.scene.control.Button.fire(Button.java:203)
	at com.sun.javafx.scene.control.behavior.ButtonBehavior.mouseReleased(ButtonBehavior.java:208)
	at com.sun.javafx.scene.control.inputmap.InputMap.handle(InputMap.java:274)
	at com.sun.javafx.event.CompositeEventHandler$NormalEventHandlerRecord.handleBubblingEvent(CompositeEventHandler.java:247)
	at com.sun.javafx.event.CompositeEventHandler.dispatchBubblingEvent(CompositeEventHandler.java:80)
	at com.sun.javafx.event.EventHandlerManager.dispatchBubblingEvent(EventHandlerManager.java:234)
	at com.sun.javafx.event.EventHandlerManager.dispatchBubblingEvent(EventHandlerManager.java:191)
	at com.sun.javafx.event.CompositeEventDispatcher.dispatchBubblingEvent(CompositeEventDispatcher.java:59)
	at com.sun.javafx.event.BasicEventDispatcher.dispatchEvent(BasicEventDispatcher.java:58)
	at com.sun.javafx.event.EventDispatchChainImpl.dispatchEvent(EventDispatchChainImpl.java:114)
	at com.sun.javafx.event.BasicEventDispatcher.dispatchEvent(BasicEventDispatcher.java:56)
	at com.sun.javafx.event.EventDispatchChainImpl.dispatchEvent(EventDispatchChainImpl.java:114)
	at com.sun.javafx.event.BasicEventDispatcher.dispatchEvent(BasicEventDispatcher.java:56)
	at com.sun.javafx.event.EventDispatchChainImpl.dispatchEvent(EventDispatchChainImpl.java:114)
	at com.sun.javafx.event.EventUtil.fireEventImpl(EventUtil.java:74)
	at com.sun.javafx.event.EventUtil.fireEvent(EventUtil.java:54)
	at javafx.event.Event.fireEvent(Event.java:198)
	at javafx.scene.Scene$MouseHandler.process(Scene.java:3931)
	at javafx.scene.Scene.processMouseEvent(Scene.java:1918)
	at javafx.scene.Scene$ScenePeerListener.mouseEvent(Scene.java:2657)
	at com.sun.javafx.tk.quantum.GlassViewEventHandler$MouseEventNotification.run(GlassViewEventHandler.java:411)
	at com.sun.javafx.tk.quantum.GlassViewEventHandler$MouseEventNotification.run(GlassViewEventHandler.java:301)
	at java.base/java.security.AccessController.doPrivileged(AccessController.java:399)
	at com.sun.javafx.tk.quantum.GlassViewEventHandler.lambda$handleMouseEvent$2(GlassViewEventHandler.java:450)
	at com.sun.javafx.tk.quantum.QuantumToolkit.runWithoutRenderLock(QuantumToolkit.java:430)
	at com.sun.javafx.tk.quantum.GlassViewEventHandler.handleMouseEvent(GlassViewEventHandler.java:449)
	at com.sun.glass.ui.View.handleMouseEvent(View.java:551)
	at com.sun.glass.ui.View.notifyMouse(View.java:937)
	at com.sun.glass.ui.monocle.MonocleView.notifyMouse(MonocleView.java:116)
	... 22 common frames omitted
2026-07-10 15:29:51,455 [ERROR] from com.jpro.meta.tk.SceneInputListener in JavaFX Application Thread - Error while processing the input: MouseEventToken(MouseReleased,936.7999877929688,480.8000183105469,MouseButtonToken(3),false,false,false,false,false,false,false,false) app: stage title: 練習モード
java.lang.reflect.InvocationTargetException: null
	at jdk.internal.reflect.GeneratedMethodAccessor9.invoke(Unknown Source)
	at java.base/jdk.internal.reflect.DelegatingMethodAccessorImpl.invoke(DelegatingMethodAccessorImpl.java:43)
	at java.base/java.lang.reflect.Method.invoke(Method.java:569)
	at simplefx.util.ReflectionUtil$UseReflection.applyDynamic(ReflectionUtil.scala:21)
	at com.jpro.meta.tk.SceneInputListener.processInputInScene(SceneInputListener.scala:264)
	at com.jpro.meta.tk.SceneInputListener.processInput(SceneInputListener.scala:175)
	at com.jpro.meta.tk.SceneInputListener.processInputs(SceneInputListener.scala:108)
	at com.jpro.meta.tk.SceneInputListener.$anonfun$new$4(SceneInputListener.scala:42)
	at simplefx.cores.standard.parts.CoreTimeEvent$$anon$3.run(CoreTimeEvent.scala:62)
	at com.sun.javafx.application.PlatformImpl.lambda$runLater$10(PlatformImpl.java:457)
	at java.base/java.security.AccessController.doPrivileged(AccessController.java:399)
	at com.sun.javafx.application.PlatformImpl.lambda$runLater$11(PlatformImpl.java:456)
	at com.sun.glass.ui.monocle.RunnableProcessor.runLoop(RunnableProcessor.java:92)
	at com.sun.glass.ui.monocle.RunnableProcessor.run(RunnableProcessor.java:51)
	at java.base/java.lang.Thread.run(Thread.java:840)
Caused by: java.lang.reflect.InvocationTargetException: null
	at jdk.internal.reflect.GeneratedMethodAccessor10.invoke(Unknown Source)
	at java.base/jdk.internal.reflect.DelegatingMethodAccessorImpl.invoke(DelegatingMethodAccessorImpl.java:43)
	at java.base/java.lang.reflect.Method.invoke(Method.java:569)
	at simplefx.util.ReflectionUtil$UseReflection.applyDynamic(ReflectionUtil.scala:21)
	at com.sun.glass.ui.monocle.input.fork.NativeMouseInput.notifyMouse(NativeMouseInput.scala:330)
	at com.sun.glass.ui.monocle.input.fork.NativeMouseInput.postMouseEvent(NativeMouseInput.scala:226)
	at com.sun.glass.ui.monocle.input.fork.NativeMouseInput.setState(NativeMouseInput.scala:186)
	... 15 common frames omitted
Caused by: java.lang.NullPointerException: Cannot invoke "javafx.scene.media.AudioClip.stop()" because "this.clickSound" is null
	at story.Practice.lambda$createScene$4(Practice.java:132)
	at com.sun.javafx.event.CompositeEventHandler.dispatchBubblingEvent(CompositeEventHandler.java:86)
	at com.sun.javafx.event.EventHandlerManager.dispatchBubblingEvent(EventHandlerManager.java:234)
	at com.sun.javafx.event.EventHandlerManager.dispatchBubblingEvent(EventHandlerManager.java:191)
	at com.sun.javafx.event.CompositeEventDispatcher.dispatchBubblingEvent(CompositeEventDispatcher.java:59)
	at com.sun.javafx.event.BasicEventDispatcher.dispatchEvent(BasicEventDispatcher.java:58)
	at com.sun.javafx.event.EventDispatchChainImpl.dispatchEvent(EventDispatchChainImpl.java:114)
	at com.sun.javafx.event.BasicEventDispatcher.dispatchEvent(BasicEventDispatcher.java:56)
	at com.sun.javafx.event.EventDispatchChainImpl.dispatchEvent(EventDispatchChainImpl.java:114)
	at com.sun.javafx.event.BasicEventDispatcher.dispatchEvent(BasicEventDispatcher.java:56)
	at com.sun.javafx.event.EventDispatchChainImpl.dispatchEvent(EventDispatchChainImpl.java:114)
	at com.sun.javafx.event.EventUtil.fireEventImpl(EventUtil.java:74)
	at com.sun.javafx.event.EventUtil.fireEvent(EventUtil.java:49)
	at javafx.event.Event.fireEvent(Event.java:198)
	at javafx.scene.Node.fireEvent(Node.java:8797)
	at javafx.scene.control.Button.fire(Button.java:203)
	at com.sun.javafx.scene.control.behavior.ButtonBehavior.mouseReleased(ButtonBehavior.java:208)
	at com.sun.javafx.scene.control.inputmap.InputMap.handle(InputMap.java:274)
	at com.sun.javafx.event.CompositeEventHandler$NormalEventHandlerRecord.handleBubblingEvent(CompositeEventHandler.java:247)
	at com.sun.javafx.event.CompositeEventHandler.dispatchBubblingEvent(CompositeEventHandler.java:80)
	at com.sun.javafx.event.EventHandlerManager.dispatchBubblingEvent(EventHandlerManager.java:234)
	at com.sun.javafx.event.EventHandlerManager.dispatchBubblingEvent(EventHandlerManager.java:191)
	at com.sun.javafx.event.CompositeEventDispatcher.dispatchBubblingEvent(CompositeEventDispatcher.java:59)
	at com.sun.javafx.event.BasicEventDispatcher.dispatchEvent(BasicEventDispatcher.java:58)
	at com.sun.javafx.event.EventDispatchChainImpl.dispatchEvent(EventDispatchChainImpl.java:114)
	at com.sun.javafx.event.BasicEventDispatcher.dispatchEvent(BasicEventDispatcher.java:56)
	at com.sun.javafx.event.EventDispatchChainImpl.dispatchEvent(EventDispatchChainImpl.java:114)
	at com.sun.javafx.event.BasicEventDispatcher.dispatchEvent(BasicEventDispatcher.java:56)
	at com.sun.javafx.event.EventDispatchChainImpl.dispatchEvent(EventDispatchChainImpl.java:114)
	at com.sun.javafx.event.EventUtil.fireEventImpl(EventUtil.java:74)
	at com.sun.javafx.event.EventUtil.fireEvent(EventUtil.java:54)
	at javafx.event.Event.fireEvent(Event.java:198)
	at javafx.scene.Scene$MouseHandler.process(Scene.java:3931)
	at javafx.scene.Scene.processMouseEvent(Scene.java:1918)
	at javafx.scene.Scene$ScenePeerListener.mouseEvent(Scene.java:2657)
	at com.sun.javafx.tk.quantum.GlassViewEventHandler$MouseEventNotification.run(GlassViewEventHandler.java:411)
	at com.sun.javafx.tk.quantum.GlassViewEventHandler$MouseEventNotification.run(GlassViewEventHandler.java:301)
	at java.base/java.security.AccessController.doPrivileged(AccessController.java:399)
	at com.sun.javafx.tk.quantum.GlassViewEventHandler.lambda$handleMouseEvent$2(GlassViewEventHandler.java:450)
	at com.sun.javafx.tk.quantum.QuantumToolkit.runWithoutRenderLock(QuantumToolkit.java:430)
	at com.sun.javafx.tk.quantum.GlassViewEventHandler.handleMouseEvent(GlassViewEventHandler.java:449)
	at com.sun.glass.ui.View.handleMouseEvent(View.java:551)
	at com.sun.glass.ui.View.notifyMouse(View.java:937)
	at com.sun.glass.ui.monocle.MonocleView.notifyMouse(MonocleView.java:116)
	... 22 common frames omitted
2026-07-10 15:29:51,495 [ERROR] from com.jpro.meta.tk.SceneInputListener in JavaFX Application Thread - Error while processing the input: MouseEventToken(MouseMoved,936.7999877929688,478.3999938964844,MouseButtonToken(2),false,false,false,false,false,false,false,false) app: stage title: 練習モード
java.lang.reflect.InvocationTargetException: null
	at jdk.internal.reflect.GeneratedMethodAccessor9.invoke(Unknown Source)
	at java.base/jdk.internal.reflect.DelegatingMethodAccessorImpl.invoke(DelegatingMethodAccessorImpl.java:43)
	at java.base/java.lang.reflect.Method.invoke(Method.java:569)
	at simplefx.util.ReflectionUtil$UseReflection.applyDynamic(ReflectionUtil.scala:21)
	at com.jpro.meta.tk.SceneInputListener.processInputInScene(SceneInputListener.scala:264)
	at com.jpro.meta.tk.SceneInputListener.processInput(SceneInputListener.scala:178)
	at com.jpro.meta.tk.SceneInputListener.processInputs(SceneInputListener.scala:108)
	at com.jpro.meta.tk.SceneInputListener.$anonfun$new$4(SceneInputListener.scala:42)
	at simplefx.cores.standard.parts.CoreTimeEvent$$anon$3.run(CoreTimeEvent.scala:62)
	at com.sun.javafx.application.PlatformImpl.lambda$runLater$10(PlatformImpl.java:457)
	at java.base/java.security.AccessController.doPrivileged(AccessController.java:399)
	at com.sun.javafx.application.PlatformImpl.lambda$runLater$11(PlatformImpl.java:456)
	at com.sun.glass.ui.monocle.RunnableProcessor.runLoop(RunnableProcessor.java:92)
	at com.sun.glass.ui.monocle.RunnableProcessor.run(RunnableProcessor.java:51)
	at java.base/java.lang.Thread.run(Thread.java:840)
Caused by: java.lang.reflect.InvocationTargetException: null
	at jdk.internal.reflect.GeneratedMethodAccessor10.invoke(Unknown Source)
	at java.base/jdk.internal.reflect.DelegatingMethodAccessorImpl.invoke(DelegatingMethodAccessorImpl.java:43)
	at java.base/java.lang.reflect.Method.invoke(Method.java:569)
	at simplefx.util.ReflectionUtil$UseReflection.applyDynamic(ReflectionUtil.scala:21)
	at com.sun.glass.ui.monocle.input.fork.NativeMouseInput.notifyMouse(NativeMouseInput.scala:330)
	at com.sun.glass.ui.monocle.input.fork.NativeMouseInput.postMouseEvent(NativeMouseInput.scala:226)
	at com.sun.glass.ui.monocle.input.fork.NativeMouseInput.setState(NativeMouseInput.scala:186)
	... 15 common frames omitted
Caused by: java.lang.NullPointerException: Cannot invoke "javafx.scene.media.AudioClip.stop()" because "this.clickSound" is null
	at story.Practice.lambda$createScene$4(Practice.java:132)
	at com.sun.javafx.event.CompositeEventHandler.dispatchBubblingEvent(CompositeEventHandler.java:86)
	at com.sun.javafx.event.EventHandlerManager.dispatchBubblingEvent(EventHandlerManager.java:234)
	at com.sun.javafx.event.EventHandlerManager.dispatchBubblingEvent(EventHandlerManager.java:191)
	at com.sun.javafx.event.CompositeEventDispatcher.dispatchBubblingEvent(CompositeEventDispatcher.java:59)
	at com.sun.javafx.event.BasicEventDispatcher.dispatchEvent(BasicEventDispatcher.java:58)
	at com.sun.javafx.event.EventDispatchChainImpl.dispatchEvent(EventDispatchChainImpl.java:114)
	at com.sun.javafx.event.BasicEventDispatcher.dispatchEvent(BasicEventDispatcher.java:56)
	at com.sun.javafx.event.EventDispatchChainImpl.dispatchEvent(EventDispatchChainImpl.java:114)
	at com.sun.javafx.event.BasicEventDispatcher.dispatchEvent(BasicEventDispatcher.java:56)
	at com.sun.javafx.event.EventDispatchChainImpl.dispatchEvent(EventDispatchChainImpl.java:114)
	at com.sun.javafx.event.EventUtil.fireEventImpl(EventUtil.java:74)
	at com.sun.javafx.event.EventUtil.fireEvent(EventUtil.java:49)
	at javafx.event.Event.fireEvent(Event.java:198)
	at javafx.scene.Node.fireEvent(Node.java:8797)
	at javafx.scene.control.Button.fire(Button.java:203)
	at com.sun.javafx.scene.control.behavior.ButtonBehavior.mouseReleased(ButtonBehavior.java:208)
	at com.sun.javafx.scene.control.inputmap.InputMap.handle(InputMap.java:274)
	at com.sun.javafx.event.CompositeEventHandler$NormalEventHandlerRecord.handleBubblingEvent(CompositeEventHandler.java:247)
	at com.sun.javafx.event.CompositeEventHandler.dispatchBubblingEvent(CompositeEventHandler.java:80)
	at com.sun.javafx.event.EventHandlerManager.dispatchBubblingEvent(EventHandlerManager.java:234)
	at com.sun.javafx.event.EventHandlerManager.dispatchBubblingEvent(EventHandlerManager.java:191)
	at com.sun.javafx.event.CompositeEventDispatcher.dispatchBubblingEvent(CompositeEventDispatcher.java:59)
	at com.sun.javafx.event.BasicEventDispatcher.dispatchEvent(BasicEventDispatcher.java:58)
	at com.sun.javafx.event.EventDispatchChainImpl.dispatchEvent(EventDispatchChainImpl.java:114)
	at com.sun.javafx.event.BasicEventDispatcher.dispatchEvent(BasicEventDispatcher.java:56)
	at com.sun.javafx.event.EventDispatchChainImpl.dispatchEvent(EventDispatchChainImpl.java:114)
	at com.sun.javafx.event.BasicEventDispatcher.dispatchEvent(BasicEventDispatcher.java:56)
	at com.sun.javafx.event.EventDispatchChainImpl.dispatchEvent(EventDispatchChainImpl.java:114)
	at com.sun.javafx.event.EventUtil.fireEventImpl(EventUtil.java:74)
	at com.sun.javafx.event.EventUtil.fireEvent(EventUtil.java:54)
	at javafx.event.Event.fireEvent(Event.java:198)
	at javafx.scene.Scene$MouseHandler.process(Scene.java:3931)
	at javafx.scene.Scene.processMouseEvent(Scene.java:1918)
	at javafx.scene.Scene$ScenePeerListener.mouseEvent(Scene.java:2657)
	at com.sun.javafx.tk.quantum.GlassViewEventHandler$MouseEventNotification.run(GlassViewEventHandler.java:411)
	at com.sun.javafx.tk.quantum.GlassViewEventHandler$MouseEventNotification.run(GlassViewEventHandler.java:301)
	at java.base/java.security.AccessController.doPrivileged(AccessController.java:399)
	at com.sun.javafx.tk.quantum.GlassViewEventHandler.lambda$handleMouseEvent$2(GlassViewEventHandler.java:450)
	at com.sun.javafx.tk.quantum.QuantumToolkit.runWithoutRenderLock(QuantumToolkit.java:430)
	at com.sun.javafx.tk.quantum.GlassViewEventHandler.handleMouseEvent(GlassViewEventHandler.java:449)
	at com.sun.glass.ui.View.handleMouseEvent(View.java:551)
	at com.sun.glass.ui.View.notifyMouse(View.java:937)
	at com.sun.glass.ui.monocle.MonocleView.notifyMouse(MonocleView.java:116)
	... 22 common frames omitted
2026-07-10 15:29:51,504 [ERROR] from com.jpro.meta.tk.SceneInputListener in JavaFX Application Thread - Error while processing the input: MouseEventToken(MouseMoved,936.7999877929688,464.8000183105469,MouseButtonToken(2),false,false,false,false,false,false,false,false) app: stage title: 練習モード
java.lang.reflect.InvocationTargetException: null
	at jdk.internal.reflect.GeneratedMethodAccessor9.invoke(Unknown Source)
	at java.base/jdk.internal.reflect.DelegatingMethodAccessorImpl.invoke(DelegatingMethodAccessorImpl.java:43)
	at java.base/java.lang.reflect.Method.invoke(Method.java:569)
	at simplefx.util.ReflectionUtil$UseReflection.applyDynamic(ReflectionUtil.scala:21)
	at com.jpro.meta.tk.SceneInputListener.processInputInScene(SceneInputListener.scala:264)
	at com.jpro.meta.tk.SceneInputListener.processInput(SceneInputListener.scala:178)
	at com.jpro.meta.tk.SceneInputListener.processInputs(SceneInputListener.scala:108)
	at com.jpro.meta.tk.SceneInputListener.$anonfun$new$4(SceneInputListener.scala:42)
	at simplefx.cores.standard.parts.CoreTimeEvent$$anon$3.run(CoreTimeEvent.scala:62)
	at com.sun.javafx.application.PlatformImpl.lambda$runLater$10(PlatformImpl.java:457)
	at java.base/java.security.AccessController.doPrivileged(AccessController.java:399)
	at com.sun.javafx.application.PlatformImpl.lambda$runLater$11(PlatformImpl.java:456)
	at com.sun.glass.ui.monocle.RunnableProcessor.runLoop(RunnableProcessor.java:92)
	at com.sun.glass.ui.monocle.RunnableProcessor.run(RunnableProcessor.java:51)
	at java.base/java.lang.Thread.run(Thread.java:840)
Caused by: java.lang.reflect.InvocationTargetException: null
	at jdk.internal.reflect.GeneratedMethodAccessor10.invoke(Unknown Source)
	at java.base/jdk.internal.reflect.DelegatingMethodAccessorImpl.invoke(DelegatingMethodAccessorImpl.java:43)
	at java.base/java.lang.reflect.Method.invoke(Method.java:569)
	at simplefx.util.ReflectionUtil$UseReflection.applyDynamic(ReflectionUtil.scala:21)
	at com.sun.glass.ui.monocle.input.fork.NativeMouseInput.notifyMouse(NativeMouseInput.scala:330)
	at com.sun.glass.ui.monocle.input.fork.NativeMouseInput.postMouseEvent(NativeMouseInput.scala:226)
	at com.sun.glass.ui.monocle.input.fork.NativeMouseInput.setState(NativeMouseInput.scala:186)
	... 15 common frames omitted
Caused by: java.lang.NullPointerException: Cannot invoke "javafx.scene.media.AudioClip.stop()" because "this.clickSound" is null
	at story.Practice.lambda$createScene$4(Practice.java:132)
	at com.sun.javafx.event.CompositeEventHandler.dispatchBubblingEvent(CompositeEventHandler.java:86)
	at com.sun.javafx.event.EventHandlerManager.dispatchBubblingEvent(EventHandlerManager.java:234)
	at com.sun.javafx.event.EventHandlerManager.dispatchBubblingEvent(EventHandlerManager.java:191)
	at com.sun.javafx.event.CompositeEventDispatcher.dispatchBubblingEvent(CompositeEventDispatcher.java:59)
	at com.sun.javafx.event.BasicEventDispatcher.dispatchEvent(BasicEventDispatcher.java:58)
	at com.sun.javafx.event.EventDispatchChainImpl.dispatchEvent(EventDispatchChainImpl.java:114)
	at com.sun.javafx.event.BasicEventDispatcher.dispatchEvent(BasicEventDispatcher.java:56)
	at com.sun.javafx.event.EventDispatchChainImpl.dispatchEvent(EventDispatchChainImpl.java:114)
	at com.sun.javafx.event.BasicEventDispatcher.dispatchEvent(BasicEventDispatcher.java:56)
	at com.sun.javafx.event.EventDispatchChainImpl.dispatchEvent(EventDispatchChainImpl.java:114)
	at com.sun.javafx.event.EventUtil.fireEventImpl(EventUtil.java:74)
	at com.sun.javafx.event.EventUtil.fireEvent(EventUtil.java:49)
	at javafx.event.Event.fireEvent(Event.java:198)
	at javafx.scene.Node.fireEvent(Node.java:8797)
	at javafx.scene.control.Button.fire(Button.java:203)
	at com.sun.javafx.scene.control.behavior.ButtonBehavior.mouseReleased(ButtonBehavior.java:208)
	at com.sun.javafx.scene.control.inputmap.InputMap.handle(InputMap.java:274)
	at com.sun.javafx.event.CompositeEventHandler$NormalEventHandlerRecord.handleBubblingEvent(CompositeEventHandler.java:247)
	at com.sun.javafx.event.CompositeEventHandler.dispatchBubblingEvent(CompositeEventHandler.java:80)
	at com.sun.javafx.event.EventHandlerManager.dispatchBubblingEvent(EventHandlerManager.java:234)
	at com.sun.javafx.event.EventHandlerManager.dispatchBubblingEvent(EventHandlerManager.java:191)
	at com.sun.javafx.event.CompositeEventDispatcher.dispatchBubblingEvent(CompositeEventDispatcher.java:59)
	at com.sun.javafx.event.BasicEventDispatcher.dispatchEvent(BasicEventDispatcher.java:58)
	at com.sun.javafx.event.EventDispatchChainImpl.dispatchEvent(EventDispatchChainImpl.java:114)
	at com.sun.javafx.event.BasicEventDispatcher.dispatchEvent(BasicEventDispatcher.java:56)
	at com.sun.javafx.event.EventDispatchChainImpl.dispatchEvent(EventDispatchChainImpl.java:114)
	at com.sun.javafx.event.BasicEventDispatcher.dispatchEvent(BasicEventDispatcher.java:56)
	at com.sun.javafx.event.EventDispatchChainImpl.dispatchEvent(EventDispatchChainImpl.java:114)
	at com.sun.javafx.event.EventUtil.fireEventImpl(EventUtil.java:74)
	at com.sun.javafx.event.EventUtil.fireEvent(EventUtil.java:54)
	at javafx.event.Event.fireEvent(Event.java:198)
	at javafx.scene.Scene$MouseHandler.process(Scene.java:3931)
	at javafx.scene.Scene.processMouseEvent(Scene.java:1918)
	at javafx.scene.Scene$ScenePeerListener.mouseEvent(Scene.java:2657)
	at com.sun.javafx.tk.quantum.GlassViewEventHandler$MouseEventNotification.run(GlassViewEventHandler.java:411)
	at com.sun.javafx.tk.quantum.GlassViewEventHandler$MouseEventNotification.run(GlassViewEventHandler.java:301)
	at java.base/java.security.AccessController.doPrivileged(AccessController.java:399)
	at com.sun.javafx.tk.quantum.GlassViewEventHandler.lambda$handleMouseEvent$2(GlassViewEventHandler.java:450)
	at com.sun.javafx.tk.quantum.QuantumToolkit.runWithoutRenderLock(QuantumToolkit.java:430)
	at com.sun.javafx.tk.quantum.GlassViewEventHandler.handleMouseEvent(GlassViewEventHandler.java:449)
	at com.sun.glass.ui.View.handleMouseEvent(View.java:551)
	at com.sun.glass.ui.View.notifyMouse(View.java:937)
	at com.sun.glass.ui.monocle.MonocleView.notifyMouse(MonocleView.java:116)
	... 22 common frames omitted
2026-07-10 15:29:51,704 [ERROR] from com.jpro.meta.tk.SceneInputListener in JavaFX Application Thread - Error while processing the input: MouseEventToken(MouseReleased,936.7999877929688,396.0,MouseButtonToken(3),false,false,false,false,false,false,false,false) app: stage title: 練習モード
java.lang.reflect.InvocationTargetException: null
	at jdk.internal.reflect.GeneratedMethodAccessor9.invoke(Unknown Source)
	at java.base/jdk.internal.reflect.DelegatingMethodAccessorImpl.invoke(DelegatingMethodAccessorImpl.java:43)
	at java.base/java.lang.reflect.Method.invoke(Method.java:569)
	at simplefx.util.ReflectionUtil$UseReflection.applyDynamic(ReflectionUtil.scala:21)
	at com.jpro.meta.tk.SceneInputListener.processInputInScene(SceneInputListener.scala:264)
	at com.jpro.meta.tk.SceneInputListener.processInput(SceneInputListener.scala:175)
	at com.jpro.meta.tk.SceneInputListener.processInputs(SceneInputListener.scala:108)
	at com.jpro.meta.tk.SceneInputListener.$anonfun$new$4(SceneInputListener.scala:42)
	at simplefx.cores.standard.parts.CoreTimeEvent$$anon$3.run(CoreTimeEvent.scala:62)
	at com.sun.javafx.application.PlatformImpl.lambda$runLater$10(PlatformImpl.java:457)
	at java.base/java.security.AccessController.doPrivileged(AccessController.java:399)
	at com.sun.javafx.application.PlatformImpl.lambda$runLater$11(PlatformImpl.java:456)
	at com.sun.glass.ui.monocle.RunnableProcessor.runLoop(RunnableProcessor.java:92)
	at com.sun.glass.ui.monocle.RunnableProcessor.run(RunnableProcessor.java:51)
	at java.base/java.lang.Thread.run(Thread.java:840)
Caused by: java.lang.reflect.InvocationTargetException: null
	at jdk.internal.reflect.GeneratedMethodAccessor10.invoke(Unknown Source)
	at java.base/jdk.internal.reflect.DelegatingMethodAccessorImpl.invoke(DelegatingMethodAccessorImpl.java:43)
	at java.base/java.lang.reflect.Method.invoke(Method.java:569)
	at simplefx.util.ReflectionUtil$UseReflection.applyDynamic(ReflectionUtil.scala:21)
	at com.sun.glass.ui.monocle.input.fork.NativeMouseInput.notifyMouse(NativeMouseInput.scala:330)
	at com.sun.glass.ui.monocle.input.fork.NativeMouseInput.postMouseEvent(NativeMouseInput.scala:226)
	at com.sun.glass.ui.monocle.input.fork.NativeMouseInput.setState(NativeMouseInput.scala:186)
	... 15 common frames omitted
Caused by: java.lang.NullPointerException: Cannot invoke "javafx.scene.media.AudioClip.stop()" because "this.clickSound" is null
	at story.Practice.lambda$createScene$2(Practice.java:122)
	at com.sun.javafx.event.CompositeEventHandler.dispatchBubblingEvent(CompositeEventHandler.java:86)
	at com.sun.javafx.event.EventHandlerManager.dispatchBubblingEvent(EventHandlerManager.java:234)
	at com.sun.javafx.event.EventHandlerManager.dispatchBubblingEvent(EventHandlerManager.java:191)
	at com.sun.javafx.event.CompositeEventDispatcher.dispatchBubblingEvent(CompositeEventDispatcher.java:59)
	at com.sun.javafx.event.BasicEventDispatcher.dispatchEvent(BasicEventDispatcher.java:58)
	at com.sun.javafx.event.EventDispatchChainImpl.dispatchEvent(EventDispatchChainImpl.java:114)
	at com.sun.javafx.event.BasicEventDispatcher.dispatchEvent(BasicEventDispatcher.java:56)
	at com.sun.javafx.event.EventDispatchChainImpl.dispatchEvent(EventDispatchChainImpl.java:114)
	at com.sun.javafx.event.BasicEventDispatcher.dispatchEvent(BasicEventDispatcher.java:56)
	at com.sun.javafx.event.EventDispatchChainImpl.dispatchEvent(EventDispatchChainImpl.java:114)
	at com.sun.javafx.event.EventUtil.fireEventImpl(EventUtil.java:74)
	at com.sun.javafx.event.EventUtil.fireEvent(EventUtil.java:49)
	at javafx.event.Event.fireEvent(Event.java:198)
	at javafx.scene.Node.fireEvent(Node.java:8797)
	at javafx.scene.control.Button.fire(Button.java:203)
	at com.sun.javafx.scene.control.behavior.ButtonBehavior.mouseReleased(ButtonBehavior.java:208)
	at com.sun.javafx.scene.control.inputmap.InputMap.handle(InputMap.java:274)
	at com.sun.javafx.event.CompositeEventHandler$NormalEventHandlerRecord.handleBubblingEvent(CompositeEventHandler.java:247)
	at com.sun.javafx.event.CompositeEventHandler.dispatchBubblingEvent(CompositeEventHandler.java:80)
	at com.sun.javafx.event.EventHandlerManager.dispatchBubblingEvent(EventHandlerManager.java:234)
	at com.sun.javafx.event.EventHandlerManager.dispatchBubblingEvent(EventHandlerManager.java:191)
	at com.sun.javafx.event.CompositeEventDispatcher.dispatchBubblingEvent(CompositeEventDispatcher.java:59)
	at com.sun.javafx.event.BasicEventDispatcher.dispatchEvent(BasicEventDispatcher.java:58)
	at com.sun.javafx.event.EventDispatchChainImpl.dispatchEvent(EventDispatchChainImpl.java:114)
	at com.sun.javafx.event.BasicEventDispatcher.dispatchEvent(BasicEventDispatcher.java:56)
	at com.sun.javafx.event.EventDispatchChainImpl.dispatchEvent(EventDispatchChainImpl.java:114)
	at com.sun.javafx.event.BasicEventDispatcher.dispatchEvent(BasicEventDispatcher.java:56)
	at com.sun.javafx.event.EventDispatchChainImpl.dispatchEvent(EventDispatchChainImpl.java:114)
	at com.sun.javafx.event.EventUtil.fireEventImpl(EventUtil.java:74)
	at com.sun.javafx.event.EventUtil.fireEvent(EventUtil.java:54)
	at javafx.event.Event.fireEvent(Event.java:198)
	at javafx.scene.Scene$MouseHandler.process(Scene.java:3931)
	at javafx.scene.Scene.processMouseEvent(Scene.java:1918)
	at javafx.scene.Scene$ScenePeerListener.mouseEvent(Scene.java:2657)
	at com.sun.javafx.tk.quantum.GlassViewEventHandler$MouseEventNotification.run(GlassViewEventHandler.java:411)
	at com.sun.javafx.tk.quantum.GlassViewEventHandler$MouseEventNotification.run(GlassViewEventHandler.java:301)
	at java.base/java.security.AccessController.doPrivileged(AccessController.java:399)
	at com.sun.javafx.tk.quantum.GlassViewEventHandler.lambda$handleMouseEvent$2(GlassViewEventHandler.java:450)
	at com.sun.javafx.tk.quantum.QuantumToolkit.runWithoutRenderLock(QuantumToolkit.java:430)
	at com.sun.javafx.tk.quantum.GlassViewEventHandler.handleMouseEvent(GlassViewEventHandler.java:449)
	at com.sun.glass.ui.View.handleMouseEvent(View.java:551)
	at com.sun.glass.ui.View.notifyMouse(View.java:937)
	at com.sun.glass.ui.monocle.MonocleView.notifyMouse(MonocleView.java:116)
	... 22 common frames omitted
2026-07-10 15:29:51,808 [ERROR] from com.jpro.meta.tk.SceneInputListener in JavaFX Application Thread - Error while processing the input: MouseEventToken(MouseMoved,936.7999877929688,397.6000061035156,MouseButtonToken(2),false,false,false,false,false,false,false,false) app: stage title: 練習モード
java.lang.reflect.InvocationTargetException: null
	at jdk.internal.reflect.GeneratedMethodAccessor9.invoke(Unknown Source)
	at java.base/jdk.internal.reflect.DelegatingMethodAccessorImpl.invoke(DelegatingMethodAccessorImpl.java:43)
	at java.base/java.lang.reflect.Method.invoke(Method.java:569)
	at simplefx.util.ReflectionUtil$UseReflection.applyDynamic(ReflectionUtil.scala:21)
	at com.jpro.meta.tk.SceneInputListener.processInputInScene(SceneInputListener.scala:264)
	at com.jpro.meta.tk.SceneInputListener.processInput(SceneInputListener.scala:178)
	at com.jpro.meta.tk.SceneInputListener.processInputs(SceneInputListener.scala:108)
	at com.jpro.meta.tk.SceneInputListener.$anonfun$new$4(SceneInputListener.scala:42)
	at simplefx.cores.standard.parts.CoreTimeEvent$$anon$3.run(CoreTimeEvent.scala:62)
	at com.sun.javafx.application.PlatformImpl.lambda$runLater$10(PlatformImpl.java:457)
	at java.base/java.security.AccessController.doPrivileged(AccessController.java:399)
	at com.sun.javafx.application.PlatformImpl.lambda$runLater$11(PlatformImpl.java:456)
	at com.sun.glass.ui.monocle.RunnableProcessor.runLoop(RunnableProcessor.java:92)
	at com.sun.glass.ui.monocle.RunnableProcessor.run(RunnableProcessor.java:51)
	at java.base/java.lang.Thread.run(Thread.java:840)
Caused by: java.lang.reflect.InvocationTargetException: null
	at jdk.internal.reflect.GeneratedMethodAccessor10.invoke(Unknown Source)
	at java.base/jdk.internal.reflect.DelegatingMethodAccessorImpl.invoke(DelegatingMethodAccessorImpl.java:43)
	at java.base/java.lang.reflect.Method.invoke(Method.java:569)
	at simplefx.util.ReflectionUtil$UseReflection.applyDynamic(ReflectionUtil.scala:21)
	at com.sun.glass.ui.monocle.input.fork.NativeMouseInput.notifyMouse(NativeMouseInput.scala:330)
	at com.sun.glass.ui.monocle.input.fork.NativeMouseInput.postMouseEvent(NativeMouseInput.scala:226)
	at com.sun.glass.ui.monocle.input.fork.NativeMouseInput.setState(NativeMouseInput.scala:186)
	... 15 common frames omitted
Caused by: java.lang.NullPointerException: Cannot invoke "javafx.scene.media.AudioClip.stop()" because "this.clickSound" is null
	at story.Practice.lambda$createScene$2(Practice.java:122)
	at com.sun.javafx.event.CompositeEventHandler.dispatchBubblingEvent(CompositeEventHandler.java:86)
	at com.sun.javafx.event.EventHandlerManager.dispatchBubblingEvent(EventHandlerManager.java:234)
	at com.sun.javafx.event.EventHandlerManager.dispatchBubblingEvent(EventHandlerManager.java:191)
	at com.sun.javafx.event.CompositeEventDispatcher.dispatchBubblingEvent(CompositeEventDispatcher.java:59)
	at com.sun.javafx.event.BasicEventDispatcher.dispatchEvent(BasicEventDispatcher.java:58)
	at com.sun.javafx.event.EventDispatchChainImpl.dispatchEvent(EventDispatchChainImpl.java:114)
	at com.sun.javafx.event.BasicEventDispatcher.dispatchEvent(BasicEventDispatcher.java:56)
	at com.sun.javafx.event.EventDispatchChainImpl.dispatchEvent(EventDispatchChainImpl.java:114)
	at com.sun.javafx.event.BasicEventDispatcher.dispatchEvent(BasicEventDispatcher.java:56)
	at com.sun.javafx.event.EventDispatchChainImpl.dispatchEvent(EventDispatchChainImpl.java:114)
	at com.sun.javafx.event.EventUtil.fireEventImpl(EventUtil.java:74)
	at com.sun.javafx.event.EventUtil.fireEvent(EventUtil.java:49)
	at javafx.event.Event.fireEvent(Event.java:198)
	at javafx.scene.Node.fireEvent(Node.java:8797)
	at javafx.scene.control.Button.fire(Button.java:203)
	at com.sun.javafx.scene.control.behavior.ButtonBehavior.mouseReleased(ButtonBehavior.java:208)
	at com.sun.javafx.scene.control.inputmap.InputMap.handle(InputMap.java:274)
	at com.sun.javafx.event.CompositeEventHandler$NormalEventHandlerRecord.handleBubblingEvent(CompositeEventHandler.java:247)
	at com.sun.javafx.event.CompositeEventHandler.dispatchBubblingEvent(CompositeEventHandler.java:80)
	at com.sun.javafx.event.EventHandlerManager.dispatchBubblingEvent(EventHandlerManager.java:234)
	at com.sun.javafx.event.EventHandlerManager.dispatchBubblingEvent(EventHandlerManager.java:191)
	at com.sun.javafx.event.CompositeEventDispatcher.dispatchBubblingEvent(CompositeEventDispatcher.java:59)
	at com.sun.javafx.event.BasicEventDispatcher.dispatchEvent(BasicEventDispatcher.java:58)
	at com.sun.javafx.event.EventDispatchChainImpl.dispatchEvent(EventDispatchChainImpl.java:114)
	at com.sun.javafx.event.BasicEventDispatcher.dispatchEvent(BasicEventDispatcher.java:56)
	at com.sun.javafx.event.EventDispatchChainImpl.dispatchEvent(EventDispatchChainImpl.java:114)
	at com.sun.javafx.event.BasicEventDispatcher.dispatchEvent(BasicEventDispatcher.java:56)
	at com.sun.javafx.event.EventDispatchChainImpl.dispatchEvent(EventDispatchChainImpl.java:114)
	at com.sun.javafx.event.EventUtil.fireEventImpl(EventUtil.java:74)
	at com.sun.javafx.event.EventUtil.fireEvent(EventUtil.java:54)
	at javafx.event.Event.fireEvent(Event.java:198)
	at javafx.scene.Scene$MouseHandler.process(Scene.java:3931)
	at javafx.scene.Scene.processMouseEvent(Scene.java:1918)
	at javafx.scene.Scene$ScenePeerListener.mouseEvent(Scene.java:2657)
	at com.sun.javafx.tk.quantum.GlassViewEventHandler$MouseEventNotification.run(GlassViewEventHandler.java:411)
	at com.sun.javafx.tk.quantum.GlassViewEventHandler$MouseEventNotification.run(GlassViewEventHandler.java:301)
	at java.base/java.security.AccessController.doPrivileged(AccessController.java:399)
	at com.sun.javafx.tk.quantum.GlassViewEventHandler.lambda$handleMouseEvent$2(GlassViewEventHandler.java:450)
	at com.sun.javafx.tk.quantum.QuantumToolkit.runWithoutRenderLock(QuantumToolkit.java:430)
	at com.sun.javafx.tk.quantum.GlassViewEventHandler.handleMouseEvent(GlassViewEventHandler.java:449)
	at com.sun.glass.ui.View.handleMouseEvent(View.java:551)
	at com.sun.glass.ui.View.notifyMouse(View.java:937)
	at com.sun.glass.ui.monocle.MonocleView.notifyMouse(MonocleView.java:116)
	... 22 common frames omitted
2026-07-10 15:29:51,822 [ERROR] from com.jpro.meta.tk.SceneInputListener in JavaFX Application Thread - Error while processing the input: MouseEventToken(MouseMoved,936.7999877929688,407.20001220703125,MouseButtonToken(2),false,false,false,false,false,false,false,false) app: stage title: 練習モード
java.lang.reflect.InvocationTargetException: null
	at jdk.internal.reflect.GeneratedMethodAccessor9.invoke(Unknown Source)
	at java.base/jdk.internal.reflect.DelegatingMethodAccessorImpl.invoke(DelegatingMethodAccessorImpl.java:43)
	at java.base/java.lang.reflect.Method.invoke(Method.java:569)
	at simplefx.util.ReflectionUtil$UseReflection.applyDynamic(ReflectionUtil.scala:21)
	at com.jpro.meta.tk.SceneInputListener.processInputInScene(SceneInputListener.scala:264)
	at com.jpro.meta.tk.SceneInputListener.processInput(SceneInputListener.scala:178)
	at com.jpro.meta.tk.SceneInputListener.processInputs(SceneInputListener.scala:108)
	at com.jpro.meta.tk.SceneInputListener.$anonfun$new$4(SceneInputListener.scala:42)
	at simplefx.cores.standard.parts.CoreTimeEvent$$anon$3.run(CoreTimeEvent.scala:62)
	at com.sun.javafx.application.PlatformImpl.lambda$runLater$10(PlatformImpl.java:457)
	at java.base/java.security.AccessController.doPrivileged(AccessController.java:399)
	at com.sun.javafx.application.PlatformImpl.lambda$runLater$11(PlatformImpl.java:456)
	at com.sun.glass.ui.monocle.RunnableProcessor.runLoop(RunnableProcessor.java:92)
	at com.sun.glass.ui.monocle.RunnableProcessor.run(RunnableProcessor.java:51)
	at java.base/java.lang.Thread.run(Thread.java:840)
Caused by: java.lang.reflect.InvocationTargetException: null
	at jdk.internal.reflect.GeneratedMethodAccessor10.invoke(Unknown Source)
	at java.base/jdk.internal.reflect.DelegatingMethodAccessorImpl.invoke(DelegatingMethodAccessorImpl.java:43)
	at java.base/java.lang.reflect.Method.invoke(Method.java:569)
	at simplefx.util.ReflectionUtil$UseReflection.applyDynamic(ReflectionUtil.scala:21)
	at com.sun.glass.ui.monocle.input.fork.NativeMouseInput.notifyMouse(NativeMouseInput.scala:330)
	at com.sun.glass.ui.monocle.input.fork.NativeMouseInput.postMouseEvent(NativeMouseInput.scala:226)
	at com.sun.glass.ui.monocle.input.fork.NativeMouseInput.setState(NativeMouseInput.scala:186)
	... 15 common frames omitted
Caused by: java.lang.NullPointerException: Cannot invoke "javafx.scene.media.AudioClip.stop()" because "this.clickSound" is null
	at story.Practice.lambda$createScene$2(Practice.java:122)
	at com.sun.javafx.event.CompositeEventHandler.dispatchBubblingEvent(CompositeEventHandler.java:86)
	at com.sun.javafx.event.EventHandlerManager.dispatchBubblingEvent(EventHandlerManager.java:234)
	at com.sun.javafx.event.EventHandlerManager.dispatchBubblingEvent(EventHandlerManager.java:191)
	at com.sun.javafx.event.CompositeEventDispatcher.dispatchBubblingEvent(CompositeEventDispatcher.java:59)
	at com.sun.javafx.event.BasicEventDispatcher.dispatchEvent(BasicEventDispatcher.java:58)
	at com.sun.javafx.event.EventDispatchChainImpl.dispatchEvent(EventDispatchChainImpl.java:114)
	at com.sun.javafx.event.BasicEventDispatcher.dispatchEvent(BasicEventDispatcher.java:56)
	at com.sun.javafx.event.EventDispatchChainImpl.dispatchEvent(EventDispatchChainImpl.java:114)
	at com.sun.javafx.event.BasicEventDispatcher.dispatchEvent(BasicEventDispatcher.java:56)
	at com.sun.javafx.event.EventDispatchChainImpl.dispatchEvent(EventDispatchChainImpl.java:114)
	at com.sun.javafx.event.EventUtil.fireEventImpl(EventUtil.java:74)
	at com.sun.javafx.event.EventUtil.fireEvent(EventUtil.java:49)
	at javafx.event.Event.fireEvent(Event.java:198)
	at javafx.scene.Node.fireEvent(Node.java:8797)
	at javafx.scene.control.Button.fire(Button.java:203)
	at com.sun.javafx.scene.control.behavior.ButtonBehavior.mouseReleased(ButtonBehavior.java:208)
	at com.sun.javafx.scene.control.inputmap.InputMap.handle(InputMap.java:274)
	at com.sun.javafx.event.CompositeEventHandler$NormalEventHandlerRecord.handleBubblingEvent(CompositeEventHandler.java:247)
	at com.sun.javafx.event.CompositeEventHandler.dispatchBubblingEvent(CompositeEventHandler.java:80)
	at com.sun.javafx.event.EventHandlerManager.dispatchBubblingEvent(EventHandlerManager.java:234)
	at com.sun.javafx.event.EventHandlerManager.dispatchBubblingEvent(EventHandlerManager.java:191)
	at com.sun.javafx.event.CompositeEventDispatcher.dispatchBubblingEvent(CompositeEventDispatcher.java:59)
	at com.sun.javafx.event.BasicEventDispatcher.dispatchEvent(BasicEventDispatcher.java:58)
	at com.sun.javafx.event.EventDispatchChainImpl.dispatchEvent(EventDispatchChainImpl.java:114)
	at com.sun.javafx.event.BasicEventDispatcher.dispatchEvent(BasicEventDispatcher.java:56)
	at com.sun.javafx.event.EventDispatchChainImpl.dispatchEvent(EventDispatchChainImpl.java:114)
	at com.sun.javafx.event.BasicEventDispatcher.dispatchEvent(BasicEventDispatcher.java:56)
	at com.sun.javafx.event.EventDispatchChainImpl.dispatchEvent(EventDispatchChainImpl.java:114)
	at com.sun.javafx.event.EventUtil.fireEventImpl(EventUtil.java:74)
	at com.sun.javafx.event.EventUtil.fireEvent(EventUtil.java:54)
	at javafx.event.Event.fireEvent(Event.java:198)
	at javafx.scene.Scene$MouseHandler.process(Scene.java:3931)
	at javafx.scene.Scene.processMouseEvent(Scene.java:1918)
	at javafx.scene.Scene$ScenePeerListener.mouseEvent(Scene.java:2657)
	at com.sun.javafx.tk.quantum.GlassViewEventHandler$MouseEventNotification.run(GlassViewEventHandler.java:411)
	at com.sun.javafx.tk.quantum.GlassViewEventHandler$MouseEventNotification.run(GlassViewEventHandler.java:301)
	at java.base/java.security.AccessController.doPrivileged(AccessController.java:399)
	at com.sun.javafx.tk.quantum.GlassViewEventHandler.lambda$handleMouseEvent$2(GlassViewEventHandler.java:450)
	at com.sun.javafx.tk.quantum.QuantumToolkit.runWithoutRenderLock(QuantumToolkit.java:430)
	at com.sun.javafx.tk.quantum.GlassViewEventHandler.handleMouseEvent(GlassViewEventHandler.java:449)
	at com.sun.glass.ui.View.handleMouseEvent(View.java:551)
	at com.sun.glass.ui.View.notifyMouse(View.java:937)
	at com.sun.glass.ui.monocle.MonocleView.notifyMouse(MonocleView.java:116)
	... 22 common frames omitted
2026-07-10 15:29:51,837 [ERROR] from com.jpro.meta.tk.SceneInputListener in JavaFX Application Thread - Error while processing the input: MouseEventToken(MouseMoved,938.4000244140625,440.0,MouseButtonToken(2),false,false,false,false,false,false,false,false) app: stage title: 練習モード
java.lang.reflect.InvocationTargetException: null
	at jdk.internal.reflect.GeneratedMethodAccessor9.invoke(Unknown Source)
	at java.base/jdk.internal.reflect.DelegatingMethodAccessorImpl.invoke(DelegatingMethodAccessorImpl.java:43)
	at java.base/java.lang.reflect.Method.invoke(Method.java:569)
	at simplefx.util.ReflectionUtil$UseReflection.applyDynamic(ReflectionUtil.scala:21)
	at com.jpro.meta.tk.SceneInputListener.processInputInScene(SceneInputListener.scala:264)
	at com.jpro.meta.tk.SceneInputListener.processInput(SceneInputListener.scala:178)
	at com.jpro.meta.tk.SceneInputListener.processInputs(SceneInputListener.scala:108)
	at com.jpro.meta.tk.SceneInputListener.$anonfun$new$4(SceneInputListener.scala:42)
	at simplefx.cores.standard.parts.CoreTimeEvent$$anon$3.run(CoreTimeEvent.scala:62)
	at com.sun.javafx.application.PlatformImpl.lambda$runLater$10(PlatformImpl.java:457)
	at java.base/java.security.AccessController.doPrivileged(AccessController.java:399)
	at com.sun.javafx.application.PlatformImpl.lambda$runLater$11(PlatformImpl.java:456)
	at com.sun.glass.ui.monocle.RunnableProcessor.runLoop(RunnableProcessor.java:92)
	at com.sun.glass.ui.monocle.RunnableProcessor.run(RunnableProcessor.java:51)
	at java.base/java.lang.Thread.run(Thread.java:840)
Caused by: java.lang.reflect.InvocationTargetException: null
	at jdk.internal.reflect.GeneratedMethodAccessor10.invoke(Unknown Source)
	at java.base/jdk.internal.reflect.DelegatingMethodAccessorImpl.invoke(DelegatingMethodAccessorImpl.java:43)
	at java.base/java.lang.reflect.Method.invoke(Method.java:569)
	at simplefx.util.ReflectionUtil$UseReflection.applyDynamic(ReflectionUtil.scala:21)
	at com.sun.glass.ui.monocle.input.fork.NativeMouseInput.notifyMouse(NativeMouseInput.scala:330)
	at com.sun.glass.ui.monocle.input.fork.NativeMouseInput.postMouseEvent(NativeMouseInput.scala:226)
	at com.sun.glass.ui.monocle.input.fork.NativeMouseInput.setState(NativeMouseInput.scala:186)
	... 15 common frames omitted
Caused by: java.lang.NullPointerException: Cannot invoke "javafx.scene.media.AudioClip.stop()" because "this.clickSound" is null
	at story.Practice.lambda$createScene$4(Practice.java:132)
	at com.sun.javafx.event.CompositeEventHandler.dispatchBubblingEvent(CompositeEventHandler.java:86)
	at com.sun.javafx.event.EventHandlerManager.dispatchBubblingEvent(EventHandlerManager.java:234)
	at com.sun.javafx.event.EventHandlerManager.dispatchBubblingEvent(EventHandlerManager.java:191)
	at com.sun.javafx.event.CompositeEventDispatcher.dispatchBubblingEvent(CompositeEventDispatcher.java:59)
	at com.sun.javafx.event.BasicEventDispatcher.dispatchEvent(BasicEventDispatcher.java:58)
	at com.sun.javafx.event.EventDispatchChainImpl.dispatchEvent(EventDispatchChainImpl.java:114)
	at com.sun.javafx.event.BasicEventDispatcher.dispatchEvent(BasicEventDispatcher.java:56)
	at com.sun.javafx.event.EventDispatchChainImpl.dispatchEvent(EventDispatchChainImpl.java:114)
	at com.sun.javafx.event.BasicEventDispatcher.dispatchEvent(BasicEventDispatcher.java:56)
	at com.sun.javafx.event.EventDispatchChainImpl.dispatchEvent(EventDispatchChainImpl.java:114)
	at com.sun.javafx.event.EventUtil.fireEventImpl(EventUtil.java:74)
	at com.sun.javafx.event.EventUtil.fireEvent(EventUtil.java:49)
	at javafx.event.Event.fireEvent(Event.java:198)
	at javafx.scene.Node.fireEvent(Node.java:8797)
	at javafx.scene.control.Button.fire(Button.java:203)
	at com.sun.javafx.scene.control.behavior.ButtonBehavior.mouseReleased(ButtonBehavior.java:208)
	at com.sun.javafx.scene.control.inputmap.InputMap.handle(InputMap.java:274)
	at com.sun.javafx.event.CompositeEventHandler$NormalEventHandlerRecord.handleBubblingEvent(CompositeEventHandler.java:247)
	at com.sun.javafx.event.CompositeEventHandler.dispatchBubblingEvent(CompositeEventHandler.java:80)
	at com.sun.javafx.event.EventHandlerManager.dispatchBubblingEvent(EventHandlerManager.java:234)
	at com.sun.javafx.event.EventHandlerManager.dispatchBubblingEvent(EventHandlerManager.java:191)
	at com.sun.javafx.event.CompositeEventDispatcher.dispatchBubblingEvent(CompositeEventDispatcher.java:59)
	at com.sun.javafx.event.BasicEventDispatcher.dispatchEvent(BasicEventDispatcher.java:58)
	at com.sun.javafx.event.EventDispatchChainImpl.dispatchEvent(EventDispatchChainImpl.java:114)
	at com.sun.javafx.event.BasicEventDispatcher.dispatchEvent(BasicEventDispatcher.java:56)
	at com.sun.javafx.event.EventDispatchChainImpl.dispatchEvent(EventDispatchChainImpl.java:114)
	at com.sun.javafx.event.BasicEventDispatcher.dispatchEvent(BasicEventDispatcher.java:56)
	at com.sun.javafx.event.EventDispatchChainImpl.dispatchEvent(EventDispatchChainImpl.java:114)
	at com.sun.javafx.event.EventUtil.fireEventImpl(EventUtil.java:74)
	at com.sun.javafx.event.EventUtil.fireEvent(EventUtil.java:54)
	at javafx.event.Event.fireEvent(Event.java:198)
	at javafx.scene.Scene$MouseHandler.process(Scene.java:3931)
	at javafx.scene.Scene.processMouseEvent(Scene.java:1918)
	at javafx.scene.Scene$ScenePeerListener.mouseEvent(Scene.java:2657)
	at com.sun.javafx.tk.quantum.GlassViewEventHandler$MouseEventNotification.run(GlassViewEventHandler.java:411)
	at com.sun.javafx.tk.quantum.GlassViewEventHandler$MouseEventNotification.run(GlassViewEventHandler.java:301)
	at java.base/java.security.AccessController.doPrivileged(AccessController.java:399)
	at com.sun.javafx.tk.quantum.GlassViewEventHandler.lambda$handleMouseEvent$2(GlassViewEventHandler.java:450)
	at com.sun.javafx.tk.quantum.QuantumToolkit.runWithoutRenderLock(QuantumToolkit.java:430)
	at com.sun.javafx.tk.quantum.GlassViewEventHandler.handleMouseEvent(GlassViewEventHandler.java:449)
	at com.sun.glass.ui.View.handleMouseEvent(View.java:551)
	at com.sun.glass.ui.View.notifyMouse(View.java:937)
	at com.sun.glass.ui.monocle.MonocleView.notifyMouse(MonocleView.java:116)
	... 22 common frames omitted
2026-07-10 15:29:51,854 [ERROR] from com.jpro.meta.tk.SceneInputListener in JavaFX Application Thread - Error while processing the input: MouseEventToken(MouseMoved,939.2000122070312,472.8000183105469,MouseButtonToken(2),false,false,false,false,false,false,false,false) app: stage title: 練習モード
java.lang.reflect.InvocationTargetException: null
	at jdk.internal.reflect.GeneratedMethodAccessor9.invoke(Unknown Source)
	at java.base/jdk.internal.reflect.DelegatingMethodAccessorImpl.invoke(DelegatingMethodAccessorImpl.java:43)
	at java.base/java.lang.reflect.Method.invoke(Method.java:569)
	at simplefx.util.ReflectionUtil$UseReflection.applyDynamic(ReflectionUtil.scala:21)
	at com.jpro.meta.tk.SceneInputListener.processInputInScene(SceneInputListener.scala:264)
	at com.jpro.meta.tk.SceneInputListener.processInput(SceneInputListener.scala:178)
	at com.jpro.meta.tk.SceneInputListener.processInputs(SceneInputListener.scala:108)
	at com.jpro.meta.tk.SceneInputListener.$anonfun$new$4(SceneInputListener.scala:42)
	at simplefx.cores.standard.parts.CoreTimeEvent$$anon$3.run(CoreTimeEvent.scala:62)
	at com.sun.javafx.application.PlatformImpl.lambda$runLater$10(PlatformImpl.java:457)
	at java.base/java.security.AccessController.doPrivileged(AccessController.java:399)
	at com.sun.javafx.application.PlatformImpl.lambda$runLater$11(PlatformImpl.java:456)
	at com.sun.glass.ui.monocle.RunnableProcessor.runLoop(RunnableProcessor.java:92)
	at com.sun.glass.ui.monocle.RunnableProcessor.run(RunnableProcessor.java:51)
	at java.base/java.lang.Thread.run(Thread.java:840)
Caused by: java.lang.reflect.InvocationTargetException: null
	at jdk.internal.reflect.GeneratedMethodAccessor10.invoke(Unknown Source)
	at java.base/jdk.internal.reflect.DelegatingMethodAccessorImpl.invoke(DelegatingMethodAccessorImpl.java:43)
	at java.base/java.lang.reflect.Method.invoke(Method.java:569)
	at simplefx.util.ReflectionUtil$UseReflection.applyDynamic(ReflectionUtil.scala:21)
	at com.sun.glass.ui.monocle.input.fork.NativeMouseInput.notifyMouse(NativeMouseInput.scala:330)
	at com.sun.glass.ui.monocle.input.fork.NativeMouseInput.postMouseEvent(NativeMouseInput.scala:226)
	at com.sun.glass.ui.monocle.input.fork.NativeMouseInput.setState(NativeMouseInput.scala:186)
	... 15 common frames omitted
Caused by: java.lang.NullPointerException: Cannot invoke "javafx.scene.media.AudioClip.stop()" because "this.clickSound" is null
	at story.Practice.lambda$createScene$4(Practice.java:132)
	at com.sun.javafx.event.CompositeEventHandler.dispatchBubblingEvent(CompositeEventHandler.java:86)
	at com.sun.javafx.event.EventHandlerManager.dispatchBubblingEvent(EventHandlerManager.java:234)
	at com.sun.javafx.event.EventHandlerManager.dispatchBubblingEvent(EventHandlerManager.java:191)
	at com.sun.javafx.event.CompositeEventDispatcher.dispatchBubblingEvent(CompositeEventDispatcher.java:59)
	at com.sun.javafx.event.BasicEventDispatcher.dispatchEvent(BasicEventDispatcher.java:58)
	at com.sun.javafx.event.EventDispatchChainImpl.dispatchEvent(EventDispatchChainImpl.java:114)
	at com.sun.javafx.event.BasicEventDispatcher.dispatchEvent(BasicEventDispatcher.java:56)
	at com.sun.javafx.event.EventDispatchChainImpl.dispatchEvent(EventDispatchChainImpl.java:114)
	at com.sun.javafx.event.BasicEventDispatcher.dispatchEvent(BasicEventDispatcher.java:56)
	at com.sun.javafx.event.EventDispatchChainImpl.dispatchEvent(EventDispatchChainImpl.java:114)
	at com.sun.javafx.event.EventUtil.fireEventImpl(EventUtil.java:74)
	at com.sun.javafx.event.EventUtil.fireEvent(EventUtil.java:49)
	at javafx.event.Event.fireEvent(Event.java:198)
	at javafx.scene.Node.fireEvent(Node.java:8797)
	at javafx.scene.control.Button.fire(Button.java:203)
	at com.sun.javafx.scene.control.behavior.ButtonBehavior.mouseReleased(ButtonBehavior.java:208)
	at com.sun.javafx.scene.control.inputmap.InputMap.handle(InputMap.java:274)
	at com.sun.javafx.event.CompositeEventHandler$NormalEventHandlerRecord.handleBubblingEvent(CompositeEventHandler.java:247)
	at com.sun.javafx.event.CompositeEventHandler.dispatchBubblingEvent(CompositeEventHandler.java:80)
	at com.sun.javafx.event.EventHandlerManager.dispatchBubblingEvent(EventHandlerManager.java:234)
	at com.sun.javafx.event.EventHandlerManager.dispatchBubblingEvent(EventHandlerManager.java:191)
	at com.sun.javafx.event.CompositeEventDispatcher.dispatchBubblingEvent(CompositeEventDispatcher.java:59)
	at com.sun.javafx.event.BasicEventDispatcher.dispatchEvent(BasicEventDispatcher.java:58)
	at com.sun.javafx.event.EventDispatchChainImpl.dispatchEvent(EventDispatchChainImpl.java:114)
	at com.sun.javafx.event.BasicEventDispatcher.dispatchEvent(BasicEventDispatcher.java:56)
	at com.sun.javafx.event.EventDispatchChainImpl.dispatchEvent(EventDispatchChainImpl.java:114)
	at com.sun.javafx.event.BasicEventDispatcher.dispatchEvent(BasicEventDispatcher.java:56)
	at com.sun.javafx.event.EventDispatchChainImpl.dispatchEvent(EventDispatchChainImpl.java:114)
	at com.sun.javafx.event.EventUtil.fireEventImpl(EventUtil.java:74)
	at com.sun.javafx.event.EventUtil.fireEvent(EventUtil.java:54)
	at javafx.event.Event.fireEvent(Event.java:198)
	at javafx.scene.Scene$MouseHandler.process(Scene.java:3931)
	at javafx.scene.Scene.processMouseEvent(Scene.java:1918)
	at javafx.scene.Scene$ScenePeerListener.mouseEvent(Scene.java:2657)
	at com.sun.javafx.tk.quantum.GlassViewEventHandler$MouseEventNotification.run(GlassViewEventHandler.java:411)
	at com.sun.javafx.tk.quantum.GlassViewEventHandler$MouseEventNotification.run(GlassViewEventHandler.java:301)
	at java.base/java.security.AccessController.doPrivileged(AccessController.java:399)
	at com.sun.javafx.tk.quantum.GlassViewEventHandler.lambda$handleMouseEvent$2(GlassViewEventHandler.java:450)
	at com.sun.javafx.tk.quantum.QuantumToolkit.runWithoutRenderLock(QuantumToolkit.java:430)
	at com.sun.javafx.tk.quantum.GlassViewEventHandler.handleMouseEvent(GlassViewEventHandler.java:449)
	at com.sun.glass.ui.View.handleMouseEvent(View.java:551)
	at com.sun.glass.ui.View.notifyMouse(View.java:937)
	at com.sun.glass.ui.monocle.MonocleView.notifyMouse(MonocleView.java:116)
	... 22 common frames omitted
2026-07-10 15:29:51,871 [ERROR] from com.jpro.meta.tk.SceneInputListener in JavaFX Application Thread - Error while processing the input: MouseEventToken(MouseMoved,939.2000122070312,520.7999877929688,MouseButtonToken(2),false,false,false,false,false,false,false,false) app: stage title: 練習モード
java.lang.reflect.InvocationTargetException: null
	at jdk.internal.reflect.GeneratedMethodAccessor9.invoke(Unknown Source)
	at java.base/jdk.internal.reflect.DelegatingMethodAccessorImpl.invoke(DelegatingMethodAccessorImpl.java:43)
	at java.base/java.lang.reflect.Method.invoke(Method.java:569)
	at simplefx.util.ReflectionUtil$UseReflection.applyDynamic(ReflectionUtil.scala:21)
	at com.jpro.meta.tk.SceneInputListener.processInputInScene(SceneInputListener.scala:264)
	at com.jpro.meta.tk.SceneInputListener.processInput(SceneInputListener.scala:178)
	at com.jpro.meta.tk.SceneInputListener.processInputs(SceneInputListener.scala:108)
	at com.jpro.meta.tk.SceneInputListener.$anonfun$new$4(SceneInputListener.scala:42)
	at simplefx.cores.standard.parts.CoreTimeEvent$$anon$3.run(CoreTimeEvent.scala:62)
	at com.sun.javafx.application.PlatformImpl.lambda$runLater$10(PlatformImpl.java:457)
	at java.base/java.security.AccessController.doPrivileged(AccessController.java:399)
	at com.sun.javafx.application.PlatformImpl.lambda$runLater$11(PlatformImpl.java:456)
	at com.sun.glass.ui.monocle.RunnableProcessor.runLoop(RunnableProcessor.java:92)
	at com.sun.glass.ui.monocle.RunnableProcessor.run(RunnableProcessor.java:51)
	at java.base/java.lang.Thread.run(Thread.java:840)
Caused by: java.lang.reflect.InvocationTargetException: null
	at jdk.internal.reflect.GeneratedMethodAccessor10.invoke(Unknown Source)
	at java.base/jdk.internal.reflect.DelegatingMethodAccessorImpl.invoke(DelegatingMethodAccessorImpl.java:43)
	at java.base/java.lang.reflect.Method.invoke(Method.java:569)
	at simplefx.util.ReflectionUtil$UseReflection.applyDynamic(ReflectionUtil.scala:21)
	at com.sun.glass.ui.monocle.input.fork.NativeMouseInput.notifyMouse(NativeMouseInput.scala:330)
	at com.sun.glass.ui.monocle.input.fork.NativeMouseInput.postMouseEvent(NativeMouseInput.scala:226)
	at com.sun.glass.ui.monocle.input.fork.NativeMouseInput.setState(NativeMouseInput.scala:186)
	... 15 common frames omitted
Caused by: java.lang.NullPointerException: Cannot invoke "javafx.scene.media.AudioClip.stop()" because "this.clickSound" is null
	at story.Practice.lambda$createScene$4(Practice.java:132)
	at com.sun.javafx.event.CompositeEventHandler.dispatchBubblingEvent(CompositeEventHandler.java:86)
	at com.sun.javafx.event.EventHandlerManager.dispatchBubblingEvent(EventHandlerManager.java:234)
	at com.sun.javafx.event.EventHandlerManager.dispatchBubblingEvent(EventHandlerManager.java:191)
	at com.sun.javafx.event.CompositeEventDispatcher.dispatchBubblingEvent(CompositeEventDispatcher.java:59)
	at com.sun.javafx.event.BasicEventDispatcher.dispatchEvent(BasicEventDispatcher.java:58)
	at com.sun.javafx.event.EventDispatchChainImpl.dispatchEvent(EventDispatchChainImpl.java:114)
	at com.sun.javafx.event.BasicEventDispatcher.dispatchEvent(BasicEventDispatcher.java:56)
	at com.sun.javafx.event.EventDispatchChainImpl.dispatchEvent(EventDispatchChainImpl.java:114)
	at com.sun.javafx.event.BasicEventDispatcher.dispatchEvent(BasicEventDispatcher.java:56)
	at com.sun.javafx.event.EventDispatchChainImpl.dispatchEvent(EventDispatchChainImpl.java:114)
	at com.sun.javafx.event.EventUtil.fireEventImpl(EventUtil.java:74)
	at com.sun.javafx.event.EventUtil.fireEvent(EventUtil.java:49)
	at javafx.event.Event.fireEvent(Event.java:198)
	at javafx.scene.Node.fireEvent(Node.java:8797)
	at javafx.scene.control.Button.fire(Button.java:203)
	at com.sun.javafx.scene.control.behavior.ButtonBehavior.mouseReleased(ButtonBehavior.java:208)
	at com.sun.javafx.scene.control.inputmap.InputMap.handle(InputMap.java:274)
	at com.sun.javafx.event.CompositeEventHandler$NormalEventHandlerRecord.handleBubblingEvent(CompositeEventHandler.java:247)
	at com.sun.javafx.event.CompositeEventHandler.dispatchBubblingEvent(CompositeEventHandler.java:80)
	at com.sun.javafx.event.EventHandlerManager.dispatchBubblingEvent(EventHandlerManager.java:234)
	at com.sun.javafx.event.EventHandlerManager.dispatchBubblingEvent(EventHandlerManager.java:191)
	at com.sun.javafx.event.CompositeEventDispatcher.dispatchBubblingEvent(CompositeEventDispatcher.java:59)
	at com.sun.javafx.event.BasicEventDispatcher.dispatchEvent(BasicEventDispatcher.java:58)
	at com.sun.javafx.event.EventDispatchChainImpl.dispatchEvent(EventDispatchChainImpl.java:114)
	at com.sun.javafx.event.BasicEventDispatcher.dispatchEvent(BasicEventDispatcher.java:56)
	at com.sun.javafx.event.EventDispatchChainImpl.dispatchEvent(EventDispatchChainImpl.java:114)
	at com.sun.javafx.event.BasicEventDispatcher.dispatchEvent(BasicEventDispatcher.java:56)
	at com.sun.javafx.event.EventDispatchChainImpl.dispatchEvent(EventDispatchChainImpl.java:114)
	at com.sun.javafx.event.EventUtil.fireEventImpl(EventUtil.java:74)
	at com.sun.javafx.event.EventUtil.fireEvent(EventUtil.java:54)
	at javafx.event.Event.fireEvent(Event.java:198)
	at javafx.scene.Scene$MouseHandler.process(Scene.java:3931)
	at javafx.scene.Scene.processMouseEvent(Scene.java:1918)
	at javafx.scene.Scene$ScenePeerListener.mouseEvent(Scene.java:2657)
	at com.sun.javafx.tk.quantum.GlassViewEventHandler$MouseEventNotification.run(GlassViewEventHandler.java:411)
	at com.sun.javafx.tk.quantum.GlassViewEventHandler$MouseEventNotification.run(GlassViewEventHandler.java:301)
	at java.base/java.security.AccessController.doPrivileged(AccessController.java:399)
	at com.sun.javafx.tk.quantum.GlassViewEventHandler.lambda$handleMouseEvent$2(GlassViewEventHandler.java:450)
	at com.sun.javafx.tk.quantum.QuantumToolkit.runWithoutRenderLock(QuantumToolkit.java:430)
	at com.sun.javafx.tk.quantum.GlassViewEventHandler.handleMouseEvent(GlassViewEventHandler.java:449)
	at com.sun.glass.ui.View.handleMouseEvent(View.java:551)
	at com.sun.glass.ui.View.notifyMouse(View.java:937)
	at com.sun.glass.ui.monocle.MonocleView.notifyMouse(MonocleView.java:116)
	... 22 common frames omitted
2026-07-10 15:29:51,888 [ERROR] from com.jpro.meta.tk.SceneInputListener in JavaFX Application Thread - Error while processing the input: MouseEventToken(MouseMoved,938.4000244140625,538.4000244140625,MouseButtonToken(2),false,false,false,false,false,false,false,false) app: stage title: 練習モード
java.lang.reflect.InvocationTargetException: null
	at jdk.internal.reflect.GeneratedMethodAccessor9.invoke(Unknown Source)
	at java.base/jdk.internal.reflect.DelegatingMethodAccessorImpl.invoke(DelegatingMethodAccessorImpl.java:43)
	at java.base/java.lang.reflect.Method.invoke(Method.java:569)
	at simplefx.util.ReflectionUtil$UseReflection.applyDynamic(ReflectionUtil.scala:21)
	at com.jpro.meta.tk.SceneInputListener.processInputInScene(SceneInputListener.scala:264)
	at com.jpro.meta.tk.SceneInputListener.processInput(SceneInputListener.scala:178)
	at com.jpro.meta.tk.SceneInputListener.processInputs(SceneInputListener.scala:108)
	at com.jpro.meta.tk.SceneInputListener.$anonfun$new$4(SceneInputListener.scala:42)
	at simplefx.cores.standard.parts.CoreTimeEvent$$anon$3.run(CoreTimeEvent.scala:62)
	at com.sun.javafx.application.PlatformImpl.lambda$runLater$10(PlatformImpl.java:457)
	at java.base/java.security.AccessController.doPrivileged(AccessController.java:399)
	at com.sun.javafx.application.PlatformImpl.lambda$runLater$11(PlatformImpl.java:456)
	at com.sun.glass.ui.monocle.RunnableProcessor.runLoop(RunnableProcessor.java:92)
	at com.sun.glass.ui.monocle.RunnableProcessor.run(RunnableProcessor.java:51)
	at java.base/java.lang.Thread.run(Thread.java:840)
Caused by: java.lang.reflect.InvocationTargetException: null
	at jdk.internal.reflect.GeneratedMethodAccessor10.invoke(Unknown Source)
	at java.base/jdk.internal.reflect.DelegatingMethodAccessorImpl.invoke(DelegatingMethodAccessorImpl.java:43)
	at java.base/java.lang.reflect.Method.invoke(Method.java:569)
	at simplefx.util.ReflectionUtil$UseReflection.applyDynamic(ReflectionUtil.scala:21)
	at com.sun.glass.ui.monocle.input.fork.NativeMouseInput.notifyMouse(NativeMouseInput.scala:330)
	at com.sun.glass.ui.monocle.input.fork.NativeMouseInput.postMouseEvent(NativeMouseInput.scala:226)
	at com.sun.glass.ui.monocle.input.fork.NativeMouseInput.setState(NativeMouseInput.scala:186)
	... 15 common frames omitted
Caused by: java.lang.NullPointerException: Cannot invoke "javafx.scene.media.AudioClip.stop()" because "this.clickSound" is null
	at story.Practice.lambda$createScene$6(Practice.java:142)
	at com.sun.javafx.event.CompositeEventHandler.dispatchBubblingEvent(CompositeEventHandler.java:86)
	at com.sun.javafx.event.EventHandlerManager.dispatchBubblingEvent(EventHandlerManager.java:234)
	at com.sun.javafx.event.EventHandlerManager.dispatchBubblingEvent(EventHandlerManager.java:191)
	at com.sun.javafx.event.CompositeEventDispatcher.dispatchBubblingEvent(CompositeEventDispatcher.java:59)
	at com.sun.javafx.event.BasicEventDispatcher.dispatchEvent(BasicEventDispatcher.java:58)
	at com.sun.javafx.event.EventDispatchChainImpl.dispatchEvent(EventDispatchChainImpl.java:114)
	at com.sun.javafx.event.BasicEventDispatcher.dispatchEvent(BasicEventDispatcher.java:56)
	at com.sun.javafx.event.EventDispatchChainImpl.dispatchEvent(EventDispatchChainImpl.java:114)
	at com.sun.javafx.event.BasicEventDispatcher.dispatchEvent(BasicEventDispatcher.java:56)
	at com.sun.javafx.event.EventDispatchChainImpl.dispatchEvent(EventDispatchChainImpl.java:114)
	at com.sun.javafx.event.EventUtil.fireEventImpl(EventUtil.java:74)
	at com.sun.javafx.event.EventUtil.fireEvent(EventUtil.java:49)
	at javafx.event.Event.fireEvent(Event.java:198)
	at javafx.scene.Node.fireEvent(Node.java:8797)
	at javafx.scene.control.Button.fire(Button.java:203)
	at com.sun.javafx.scene.control.behavior.ButtonBehavior.mouseReleased(ButtonBehavior.java:208)
	at com.sun.javafx.scene.control.inputmap.InputMap.handle(InputMap.java:274)
	at com.sun.javafx.event.CompositeEventHandler$NormalEventHandlerRecord.handleBubblingEvent(CompositeEventHandler.java:247)
	at com.sun.javafx.event.CompositeEventHandler.dispatchBubblingEvent(CompositeEventHandler.java:80)
	at com.sun.javafx.event.EventHandlerManager.dispatchBubblingEvent(EventHandlerManager.java:234)
	at com.sun.javafx.event.EventHandlerManager.dispatchBubblingEvent(EventHandlerManager.java:191)
	at com.sun.javafx.event.CompositeEventDispatcher.dispatchBubblingEvent(CompositeEventDispatcher.java:59)
	at com.sun.javafx.event.BasicEventDispatcher.dispatchEvent(BasicEventDispatcher.java:58)
	at com.sun.javafx.event.EventDispatchChainImpl.dispatchEvent(EventDispatchChainImpl.java:114)
	at com.sun.javafx.event.BasicEventDispatcher.dispatchEvent(BasicEventDispatcher.java:56)
	at com.sun.javafx.event.EventDispatchChainImpl.dispatchEvent(EventDispatchChainImpl.java:114)
	at com.sun.javafx.event.BasicEventDispatcher.dispatchEvent(BasicEventDispatcher.java:56)
	at com.sun.javafx.event.EventDispatchChainImpl.dispatchEvent(EventDispatchChainImpl.java:114)
	at com.sun.javafx.event.EventUtil.fireEventImpl(EventUtil.java:74)
	at com.sun.javafx.event.EventUtil.fireEvent(EventUtil.java:54)
	at javafx.event.Event.fireEvent(Event.java:198)
	at javafx.scene.Scene$MouseHandler.process(Scene.java:3931)
	at javafx.scene.Scene.processMouseEvent(Scene.java:1918)
	at javafx.scene.Scene$ScenePeerListener.mouseEvent(Scene.java:2657)
	at com.sun.javafx.tk.quantum.GlassViewEventHandler$MouseEventNotification.run(GlassViewEventHandler.java:411)
	at com.sun.javafx.tk.quantum.GlassViewEventHandler$MouseEventNotification.run(GlassViewEventHandler.java:301)
	at java.base/java.security.AccessController.doPrivileged(AccessController.java:399)
	at com.sun.javafx.tk.quantum.GlassViewEventHandler.lambda$handleMouseEvent$2(GlassViewEventHandler.java:450)
	at com.sun.javafx.tk.quantum.QuantumToolkit.runWithoutRenderLock(QuantumToolkit.java:430)
	at com.sun.javafx.tk.quantum.GlassViewEventHandler.handleMouseEvent(GlassViewEventHandler.java:449)
	at com.sun.glass.ui.View.handleMouseEvent(View.java:551)
	at com.sun.glass.ui.View.notifyMouse(View.java:937)
	at com.sun.glass.ui.monocle.MonocleView.notifyMouse(MonocleView.java:116)
	... 22 common frames omitted
2026-07-10 15:29:51,904 [ERROR] from com.jpro.meta.tk.SceneInputListener in JavaFX Application Thread - Error while processing the input: MouseEventToken(MouseMoved,937.6000366210938,540.7999877929688,MouseButtonToken(2),false,false,false,false,false,false,false,false) app: stage title: 練習モード
java.lang.reflect.InvocationTargetException: null
	at jdk.internal.reflect.GeneratedMethodAccessor9.invoke(Unknown Source)
	at java.base/jdk.internal.reflect.DelegatingMethodAccessorImpl.invoke(DelegatingMethodAccessorImpl.java:43)
	at java.base/java.lang.reflect.Method.invoke(Method.java:569)
	at simplefx.util.ReflectionUtil$UseReflection.applyDynamic(ReflectionUtil.scala:21)
	at com.jpro.meta.tk.SceneInputListener.processInputInScene(SceneInputListener.scala:264)
	at com.jpro.meta.tk.SceneInputListener.processInput(SceneInputListener.scala:178)
	at com.jpro.meta.tk.SceneInputListener.processInputs(SceneInputListener.scala:108)
	at com.jpro.meta.tk.SceneInputListener.$anonfun$new$4(SceneInputListener.scala:42)
	at simplefx.cores.standard.parts.CoreTimeEvent$$anon$3.run(CoreTimeEvent.scala:62)
	at com.sun.javafx.application.PlatformImpl.lambda$runLater$10(PlatformImpl.java:457)
	at java.base/java.security.AccessController.doPrivileged(AccessController.java:399)
	at com.sun.javafx.application.PlatformImpl.lambda$runLater$11(PlatformImpl.java:456)
	at com.sun.glass.ui.monocle.RunnableProcessor.runLoop(RunnableProcessor.java:92)
	at com.sun.glass.ui.monocle.RunnableProcessor.run(RunnableProcessor.java:51)
	at java.base/java.lang.Thread.run(Thread.java:840)
Caused by: java.lang.reflect.InvocationTargetException: null
	at jdk.internal.reflect.GeneratedMethodAccessor10.invoke(Unknown Source)
	at java.base/jdk.internal.reflect.DelegatingMethodAccessorImpl.invoke(DelegatingMethodAccessorImpl.java:43)
	at java.base/java.lang.reflect.Method.invoke(Method.java:569)
	at simplefx.util.ReflectionUtil$UseReflection.applyDynamic(ReflectionUtil.scala:21)
	at com.sun.glass.ui.monocle.input.fork.NativeMouseInput.notifyMouse(NativeMouseInput.scala:330)
	at com.sun.glass.ui.monocle.input.fork.NativeMouseInput.postMouseEvent(NativeMouseInput.scala:226)
	at com.sun.glass.ui.monocle.input.fork.NativeMouseInput.setState(NativeMouseInput.scala:186)
	... 15 common frames omitted
Caused by: java.lang.NullPointerException: Cannot invoke "javafx.scene.media.AudioClip.stop()" because "this.clickSound" is null
	at story.Practice.lambda$createScene$6(Practice.java:142)
	at com.sun.javafx.event.CompositeEventHandler.dispatchBubblingEvent(CompositeEventHandler.java:86)
	at com.sun.javafx.event.EventHandlerManager.dispatchBubblingEvent(EventHandlerManager.java:234)
	at com.sun.javafx.event.EventHandlerManager.dispatchBubblingEvent(EventHandlerManager.java:191)
	at com.sun.javafx.event.CompositeEventDispatcher.dispatchBubblingEvent(CompositeEventDispatcher.java:59)
	at com.sun.javafx.event.BasicEventDispatcher.dispatchEvent(BasicEventDispatcher.java:58)
	at com.sun.javafx.event.EventDispatchChainImpl.dispatchEvent(EventDispatchChainImpl.java:114)
	at com.sun.javafx.event.BasicEventDispatcher.dispatchEvent(BasicEventDispatcher.java:56)
	at com.sun.javafx.event.EventDispatchChainImpl.dispatchEvent(EventDispatchChainImpl.java:114)
	at com.sun.javafx.event.BasicEventDispatcher.dispatchEvent(BasicEventDispatcher.java:56)
	at com.sun.javafx.event.EventDispatchChainImpl.dispatchEvent(EventDispatchChainImpl.java:114)
	at com.sun.javafx.event.EventUtil.fireEventImpl(EventUtil.java:74)
	at com.sun.javafx.event.EventUtil.fireEvent(EventUtil.java:49)
	at javafx.event.Event.fireEvent(Event.java:198)
	at javafx.scene.Node.fireEvent(Node.java:8797)
	at javafx.scene.control.Button.fire(Button.java:203)
	at com.sun.javafx.scene.control.behavior.ButtonBehavior.mouseReleased(ButtonBehavior.java:208)
	at com.sun.javafx.scene.control.inputmap.InputMap.handle(InputMap.java:274)
	at com.sun.javafx.event.CompositeEventHandler$NormalEventHandlerRecord.handleBubblingEvent(CompositeEventHandler.java:247)
	at com.sun.javafx.event.CompositeEventHandler.dispatchBubblingEvent(CompositeEventHandler.java:80)
	at com.sun.javafx.event.EventHandlerManager.dispatchBubblingEvent(EventHandlerManager.java:234)
	at com.sun.javafx.event.EventHandlerManager.dispatchBubblingEvent(EventHandlerManager.java:191)
	at com.sun.javafx.event.CompositeEventDispatcher.dispatchBubblingEvent(CompositeEventDispatcher.java:59)
	at com.sun.javafx.event.BasicEventDispatcher.dispatchEvent(BasicEventDispatcher.java:58)
	at com.sun.javafx.event.EventDispatchChainImpl.dispatchEvent(EventDispatchChainImpl.java:114)
	at com.sun.javafx.event.BasicEventDispatcher.dispatchEvent(BasicEventDispatcher.java:56)
	at com.sun.javafx.event.EventDispatchChainImpl.dispatchEvent(EventDispatchChainImpl.java:114)
	at com.sun.javafx.event.BasicEventDispatcher.dispatchEvent(BasicEventDispatcher.java:56)
	at com.sun.javafx.event.EventDispatchChainImpl.dispatchEvent(EventDispatchChainImpl.java:114)
	at com.sun.javafx.event.EventUtil.fireEventImpl(EventUtil.java:74)
	at com.sun.javafx.event.EventUtil.fireEvent(EventUtil.java:54)
	at javafx.event.Event.fireEvent(Event.java:198)
	at javafx.scene.Scene$MouseHandler.process(Scene.java:3931)
	at javafx.scene.Scene.processMouseEvent(Scene.java:1918)
	at javafx.scene.Scene$ScenePeerListener.mouseEvent(Scene.java:2657)
	at com.sun.javafx.tk.quantum.GlassViewEventHandler$MouseEventNotification.run(GlassViewEventHandler.java:411)
	at com.sun.javafx.tk.quantum.GlassViewEventHandler$MouseEventNotification.run(GlassViewEventHandler.java:301)
	at java.base/java.security.AccessController.doPrivileged(AccessController.java:399)
	at com.sun.javafx.tk.quantum.GlassViewEventHandler.lambda$handleMouseEvent$2(GlassViewEventHandler.java:450)
	at com.sun.javafx.tk.quantum.QuantumToolkit.runWithoutRenderLock(QuantumToolkit.java:430)
	at com.sun.javafx.tk.quantum.GlassViewEventHandler.handleMouseEvent(GlassViewEventHandler.java:449)
	at com.sun.glass.ui.View.handleMouseEvent(View.java:551)
	at com.sun.glass.ui.View.notifyMouse(View.java:937)
	at com.sun.glass.ui.monocle.MonocleView.notifyMouse(MonocleView.java:116)
	... 22 common frames omitted
2026-07-10 15:29:51,921 [ERROR] from com.jpro.meta.tk.SceneInputListener in JavaFX Application Thread - Error while processing the input: MouseEventToken(MouseMoved,937.6000366210938,541.6000366210938,MouseButtonToken(2),false,false,false,false,false,false,false,false) app: stage title: 練習モード
java.lang.reflect.InvocationTargetException: null
	at jdk.internal.reflect.GeneratedMethodAccessor9.invoke(Unknown Source)
	at java.base/jdk.internal.reflect.DelegatingMethodAccessorImpl.invoke(DelegatingMethodAccessorImpl.java:43)
	at java.base/java.lang.reflect.Method.invoke(Method.java:569)
	at simplefx.util.ReflectionUtil$UseReflection.applyDynamic(ReflectionUtil.scala:21)
	at com.jpro.meta.tk.SceneInputListener.processInputInScene(SceneInputListener.scala:264)
	at com.jpro.meta.tk.SceneInputListener.processInput(SceneInputListener.scala:178)
	at com.jpro.meta.tk.SceneInputListener.processInputs(SceneInputListener.scala:108)
	at com.jpro.meta.tk.SceneInputListener.$anonfun$new$4(SceneInputListener.scala:42)
	at simplefx.cores.standard.parts.CoreTimeEvent$$anon$3.run(CoreTimeEvent.scala:62)
	at com.sun.javafx.application.PlatformImpl.lambda$runLater$10(PlatformImpl.java:457)
	at java.base/java.security.AccessController.doPrivileged(AccessController.java:399)
	at com.sun.javafx.application.PlatformImpl.lambda$runLater$11(PlatformImpl.java:456)
	at com.sun.glass.ui.monocle.RunnableProcessor.runLoop(RunnableProcessor.java:92)
	at com.sun.glass.ui.monocle.RunnableProcessor.run(RunnableProcessor.java:51)
	at java.base/java.lang.Thread.run(Thread.java:840)
Caused by: java.lang.reflect.InvocationTargetException: null
	at jdk.internal.reflect.GeneratedMethodAccessor10.invoke(Unknown Source)
	at java.base/jdk.internal.reflect.DelegatingMethodAccessorImpl.invoke(DelegatingMethodAccessorImpl.java:43)
	at java.base/java.lang.reflect.Method.invoke(Method.java:569)
	at simplefx.util.ReflectionUtil$UseReflection.applyDynamic(ReflectionUtil.scala:21)
	at com.sun.glass.ui.monocle.input.fork.NativeMouseInput.notifyMouse(NativeMouseInput.scala:330)
	at com.sun.glass.ui.monocle.input.fork.NativeMouseInput.postMouseEvent(NativeMouseInput.scala:226)
	at com.sun.glass.ui.monocle.input.fork.NativeMouseInput.setState(NativeMouseInput.scala:186)
	... 15 common frames omitted
Caused by: java.lang.NullPointerException: Cannot invoke "javafx.scene.media.AudioClip.stop()" because "this.clickSound" is null
	at story.Practice.lambda$createScene$6(Practice.java:142)
	at com.sun.javafx.event.CompositeEventHandler.dispatchBubblingEvent(CompositeEventHandler.java:86)
	at com.sun.javafx.event.EventHandlerManager.dispatchBubblingEvent(EventHandlerManager.java:234)
	at com.sun.javafx.event.EventHandlerManager.dispatchBubblingEvent(EventHandlerManager.java:191)
	at com.sun.javafx.event.CompositeEventDispatcher.dispatchBubblingEvent(CompositeEventDispatcher.java:59)
	at com.sun.javafx.event.BasicEventDispatcher.dispatchEvent(BasicEventDispatcher.java:58)
	at com.sun.javafx.event.EventDispatchChainImpl.dispatchEvent(EventDispatchChainImpl.java:114)
	at com.sun.javafx.event.BasicEventDispatcher.dispatchEvent(BasicEventDispatcher.java:56)
	at com.sun.javafx.event.EventDispatchChainImpl.dispatchEvent(EventDispatchChainImpl.java:114)
	at com.sun.javafx.event.BasicEventDispatcher.dispatchEvent(BasicEventDispatcher.java:56)
	at com.sun.javafx.event.EventDispatchChainImpl.dispatchEvent(EventDispatchChainImpl.java:114)
	at com.sun.javafx.event.EventUtil.fireEventImpl(EventUtil.java:74)
	at com.sun.javafx.event.EventUtil.fireEvent(EventUtil.java:49)
	at javafx.event.Event.fireEvent(Event.java:198)
	at javafx.scene.Node.fireEvent(Node.java:8797)
	at javafx.scene.control.Button.fire(Button.java:203)
	at com.sun.javafx.scene.control.behavior.ButtonBehavior.mouseReleased(ButtonBehavior.java:208)
	at com.sun.javafx.scene.control.inputmap.InputMap.handle(InputMap.java:274)
	at com.sun.javafx.event.CompositeEventHandler$NormalEventHandlerRecord.handleBubblingEvent(CompositeEventHandler.java:247)
	at com.sun.javafx.event.CompositeEventHandler.dispatchBubblingEvent(CompositeEventHandler.java:80)
	at com.sun.javafx.event.EventHandlerManager.dispatchBubblingEvent(EventHandlerManager.java:234)
	at com.sun.javafx.event.EventHandlerManager.dispatchBubblingEvent(EventHandlerManager.java:191)
	at com.sun.javafx.event.CompositeEventDispatcher.dispatchBubblingEvent(CompositeEventDispatcher.java:59)
	at com.sun.javafx.event.BasicEventDispatcher.dispatchEvent(BasicEventDispatcher.java:58)
	at com.sun.javafx.event.EventDispatchChainImpl.dispatchEvent(EventDispatchChainImpl.java:114)
	at com.sun.javafx.event.BasicEventDispatcher.dispatchEvent(BasicEventDispatcher.java:56)
	at com.sun.javafx.event.EventDispatchChainImpl.dispatchEvent(EventDispatchChainImpl.java:114)
	at com.sun.javafx.event.BasicEventDispatcher.dispatchEvent(BasicEventDispatcher.java:56)
	at com.sun.javafx.event.EventDispatchChainImpl.dispatchEvent(EventDispatchChainImpl.java:114)
	at com.sun.javafx.event.EventUtil.fireEventImpl(EventUtil.java:74)
	at com.sun.javafx.event.EventUtil.fireEvent(EventUtil.java:54)
	at javafx.event.Event.fireEvent(Event.java:198)
	at javafx.scene.Scene$MouseHandler.process(Scene.java:3931)
	at javafx.scene.Scene.processMouseEvent(Scene.java:1918)
	at javafx.scene.Scene$ScenePeerListener.mouseEvent(Scene.java:2657)
	at com.sun.javafx.tk.quantum.GlassViewEventHandler$MouseEventNotification.run(GlassViewEventHandler.java:411)
	at com.sun.javafx.tk.quantum.GlassViewEventHandler$MouseEventNotification.run(GlassViewEventHandler.java:301)
	at java.base/java.security.AccessController.doPrivileged(AccessController.java:399)
	at com.sun.javafx.tk.quantum.GlassViewEventHandler.lambda$handleMouseEvent$2(GlassViewEventHandler.java:450)
	at com.sun.javafx.tk.quantum.QuantumToolkit.runWithoutRenderLock(QuantumToolkit.java:430)
	at com.sun.javafx.tk.quantum.GlassViewEventHandler.handleMouseEvent(GlassViewEventHandler.java:449)
	at com.sun.glass.ui.View.handleMouseEvent(View.java:551)
	at com.sun.glass.ui.View.notifyMouse(View.java:937)
	at com.sun.glass.ui.monocle.MonocleView.notifyMouse(MonocleView.java:116)
	... 22 common frames omitted
2026-07-10 15:29:52,095 [ERROR] from com.jpro.meta.tk.SceneInputListener in JavaFX Application Thread - Error while processing the input: MouseEventToken(MouseReleased,937.6000366210938,541.6000366210938,MouseButtonToken(3),false,false,false,false,false,false,false,false) app: stage title: 練習モード
java.lang.reflect.InvocationTargetException: null
	at jdk.internal.reflect.GeneratedMethodAccessor9.invoke(Unknown Source)
	at java.base/jdk.internal.reflect.DelegatingMethodAccessorImpl.invoke(DelegatingMethodAccessorImpl.java:43)
	at java.base/java.lang.reflect.Method.invoke(Method.java:569)
	at simplefx.util.ReflectionUtil$UseReflection.applyDynamic(ReflectionUtil.scala:21)
	at com.jpro.meta.tk.SceneInputListener.processInputInScene(SceneInputListener.scala:264)
	at com.jpro.meta.tk.SceneInputListener.processInput(SceneInputListener.scala:175)
	at com.jpro.meta.tk.SceneInputListener.processInputs(SceneInputListener.scala:108)
	at com.jpro.meta.tk.SceneInputListener.$anonfun$new$4(SceneInputListener.scala:42)
	at simplefx.cores.standard.parts.CoreTimeEvent$$anon$3.run(CoreTimeEvent.scala:62)
	at com.sun.javafx.application.PlatformImpl.lambda$runLater$10(PlatformImpl.java:457)
	at java.base/java.security.AccessController.doPrivileged(AccessController.java:399)
	at com.sun.javafx.application.PlatformImpl.lambda$runLater$11(PlatformImpl.java:456)
	at com.sun.glass.ui.monocle.RunnableProcessor.runLoop(RunnableProcessor.java:92)
	at com.sun.glass.ui.monocle.RunnableProcessor.run(RunnableProcessor.java:51)
	at java.base/java.lang.Thread.run(Thread.java:840)
Caused by: java.lang.reflect.InvocationTargetException: null
	at jdk.internal.reflect.GeneratedMethodAccessor10.invoke(Unknown Source)
	at java.base/jdk.internal.reflect.DelegatingMethodAccessorImpl.invoke(DelegatingMethodAccessorImpl.java:43)
	at java.base/java.lang.reflect.Method.invoke(Method.java:569)
	at simplefx.util.ReflectionUtil$UseReflection.applyDynamic(ReflectionUtil.scala:21)
	at com.sun.glass.ui.monocle.input.fork.NativeMouseInput.notifyMouse(NativeMouseInput.scala:330)
	at com.sun.glass.ui.monocle.input.fork.NativeMouseInput.postMouseEvent(NativeMouseInput.scala:226)
	at com.sun.glass.ui.monocle.input.fork.NativeMouseInput.setState(NativeMouseInput.scala:186)
	... 15 common frames omitted
Caused by: java.lang.NullPointerException: Cannot invoke "javafx.scene.media.AudioClip.stop()" because "this.clickSound" is null
	at story.Practice.lambda$createScene$6(Practice.java:142)
	at com.sun.javafx.event.CompositeEventHandler.dispatchBubblingEvent(CompositeEventHandler.java:86)
	at com.sun.javafx.event.EventHandlerManager.dispatchBubblingEvent(EventHandlerManager.java:234)
	at com.sun.javafx.event.EventHandlerManager.dispatchBubblingEvent(EventHandlerManager.java:191)
	at com.sun.javafx.event.CompositeEventDispatcher.dispatchBubblingEvent(CompositeEventDispatcher.java:59)
	at com.sun.javafx.event.BasicEventDispatcher.dispatchEvent(BasicEventDispatcher.java:58)
	at com.sun.javafx.event.EventDispatchChainImpl.dispatchEvent(EventDispatchChainImpl.java:114)
	at com.sun.javafx.event.BasicEventDispatcher.dispatchEvent(BasicEventDispatcher.java:56)
	at com.sun.javafx.event.EventDispatchChainImpl.dispatchEvent(EventDispatchChainImpl.java:114)
	at com.sun.javafx.event.BasicEventDispatcher.dispatchEvent(BasicEventDispatcher.java:56)
	at com.sun.javafx.event.EventDispatchChainImpl.dispatchEvent(EventDispatchChainImpl.java:114)
	at com.sun.javafx.event.EventUtil.fireEventImpl(EventUtil.java:74)
	at com.sun.javafx.event.EventUtil.fireEvent(EventUtil.java:49)
	at javafx.event.Event.fireEvent(Event.java:198)
	at javafx.scene.Node.fireEvent(Node.java:8797)
	at javafx.scene.control.Button.fire(Button.java:203)
	at com.sun.javafx.scene.control.behavior.ButtonBehavior.mouseReleased(ButtonBehavior.java:208)
	at com.sun.javafx.scene.control.inputmap.InputMap.handle(InputMap.java:274)
	at com.sun.javafx.event.CompositeEventHandler$NormalEventHandlerRecord.handleBubblingEvent(CompositeEventHandler.java:247)
	at com.sun.javafx.event.CompositeEventHandler.dispatchBubblingEvent(CompositeEventHandler.java:80)
	at com.sun.javafx.event.EventHandlerManager.dispatchBubblingEvent(EventHandlerManager.java:234)
	at com.sun.javafx.event.EventHandlerManager.dispatchBubblingEvent(EventHandlerManager.java:191)
	at com.sun.javafx.event.CompositeEventDispatcher.dispatchBubblingEvent(CompositeEventDispatcher.java:59)
	at com.sun.javafx.event.BasicEventDispatcher.dispatchEvent(BasicEventDispatcher.java:58)
	at com.sun.javafx.event.EventDispatchChainImpl.dispatchEvent(EventDispatchChainImpl.java:114)
	at com.sun.javafx.event.BasicEventDispatcher.dispatchEvent(BasicEventDispatcher.java:56)
	at com.sun.javafx.event.EventDispatchChainImpl.dispatchEvent(EventDispatchChainImpl.java:114)
	at com.sun.javafx.event.BasicEventDispatcher.dispatchEvent(BasicEventDispatcher.java:56)
	at com.sun.javafx.event.EventDispatchChainImpl.dispatchEvent(EventDispatchChainImpl.java:114)
	at com.sun.javafx.event.EventUtil.fireEventImpl(EventUtil.java:74)
	at com.sun.javafx.event.EventUtil.fireEvent(EventUtil.java:54)
	at javafx.event.Event.fireEvent(Event.java:198)
	at javafx.scene.Scene$MouseHandler.process(Scene.java:3931)
	at javafx.scene.Scene.processMouseEvent(Scene.java:1918)
	at javafx.scene.Scene$ScenePeerListener.mouseEvent(Scene.java:2657)
	at com.sun.javafx.tk.quantum.GlassViewEventHandler$MouseEventNotification.run(GlassViewEventHandler.java:411)
	at com.sun.javafx.tk.quantum.GlassViewEventHandler$MouseEventNotification.run(GlassViewEventHandler.java:301)
	at java.base/java.security.AccessController.doPrivileged(AccessController.java:399)
	at com.sun.javafx.tk.quantum.GlassViewEventHandler.lambda$handleMouseEvent$2(GlassViewEventHandler.java:450)
	at com.sun.javafx.tk.quantum.QuantumToolkit.runWithoutRenderLock(QuantumToolkit.java:430)
	at com.sun.javafx.tk.quantum.GlassViewEventHandler.handleMouseEvent(GlassViewEventHandler.java:449)
	at com.sun.glass.ui.View.handleMouseEvent(View.java:551)
	at com.sun.glass.ui.View.notifyMouse(View.java:937)
	at com.sun.glass.ui.monocle.MonocleView.notifyMouse(MonocleView.java:116)
	... 22 common frames omitted
2026-07-10 15:29:52,121 [ERROR] from com.jpro.meta.tk.SceneInputListener in JavaFX Application Thread - Error while processing the input: MouseEventToken(MouseMoved,937.6000366210938,553.6000366210938,MouseButtonToken(2),false,false,false,false,false,false,false,false) app: stage title: 練習モード
java.lang.reflect.InvocationTargetException: null
	at jdk.internal.reflect.GeneratedMethodAccessor9.invoke(Unknown Source)
	at java.base/jdk.internal.reflect.DelegatingMethodAccessorImpl.invoke(DelegatingMethodAccessorImpl.java:43)
	at java.base/java.lang.reflect.Method.invoke(Method.java:569)
	at simplefx.util.ReflectionUtil$UseReflection.applyDynamic(ReflectionUtil.scala:21)
	at com.jpro.meta.tk.SceneInputListener.processInputInScene(SceneInputListener.scala:264)
	at com.jpro.meta.tk.SceneInputListener.processInput(SceneInputListener.scala:178)
	at com.jpro.meta.tk.SceneInputListener.processInputs(SceneInputListener.scala:108)
	at com.jpro.meta.tk.SceneInputListener.$anonfun$new$4(SceneInputListener.scala:42)
	at simplefx.cores.standard.parts.CoreTimeEvent$$anon$3.run(CoreTimeEvent.scala:62)
	at com.sun.javafx.application.PlatformImpl.lambda$runLater$10(PlatformImpl.java:457)
	at java.base/java.security.AccessController.doPrivileged(AccessController.java:399)
	at com.sun.javafx.application.PlatformImpl.lambda$runLater$11(PlatformImpl.java:456)
	at com.sun.glass.ui.monocle.RunnableProcessor.runLoop(RunnableProcessor.java:92)
	at com.sun.glass.ui.monocle.RunnableProcessor.run(RunnableProcessor.java:51)
	at java.base/java.lang.Thread.run(Thread.java:840)
Caused by: java.lang.reflect.InvocationTargetException: null
	at jdk.internal.reflect.GeneratedMethodAccessor10.invoke(Unknown Source)
	at java.base/jdk.internal.reflect.DelegatingMethodAccessorImpl.invoke(DelegatingMethodAccessorImpl.java:43)
	at java.base/java.lang.reflect.Method.invoke(Method.java:569)
	at simplefx.util.ReflectionUtil$UseReflection.applyDynamic(ReflectionUtil.scala:21)
	at com.sun.glass.ui.monocle.input.fork.NativeMouseInput.notifyMouse(NativeMouseInput.scala:330)
	at com.sun.glass.ui.monocle.input.fork.NativeMouseInput.postMouseEvent(NativeMouseInput.scala:226)
	at com.sun.glass.ui.monocle.input.fork.NativeMouseInput.setState(NativeMouseInput.scala:186)
	... 15 common frames omitted
Caused by: java.lang.NullPointerException: Cannot invoke "javafx.scene.media.AudioClip.stop()" because "this.clickSound" is null
	at story.Practice.lambda$createScene$6(Practice.java:142)
	at com.sun.javafx.event.CompositeEventHandler.dispatchBubblingEvent(CompositeEventHandler.java:86)
	at com.sun.javafx.event.EventHandlerManager.dispatchBubblingEvent(EventHandlerManager.java:234)
	at com.sun.javafx.event.EventHandlerManager.dispatchBubblingEvent(EventHandlerManager.java:191)
	at com.sun.javafx.event.CompositeEventDispatcher.dispatchBubblingEvent(CompositeEventDispatcher.java:59)
	at com.sun.javafx.event.BasicEventDispatcher.dispatchEvent(BasicEventDispatcher.java:58)
	at com.sun.javafx.event.EventDispatchChainImpl.dispatchEvent(EventDispatchChainImpl.java:114)
	at com.sun.javafx.event.BasicEventDispatcher.dispatchEvent(BasicEventDispatcher.java:56)
	at com.sun.javafx.event.EventDispatchChainImpl.dispatchEvent(EventDispatchChainImpl.java:114)
	at com.sun.javafx.event.BasicEventDispatcher.dispatchEvent(BasicEventDispatcher.java:56)
	at com.sun.javafx.event.EventDispatchChainImpl.dispatchEvent(EventDispatchChainImpl.java:114)
	at com.sun.javafx.event.EventUtil.fireEventImpl(EventUtil.java:74)
	at com.sun.javafx.event.EventUtil.fireEvent(EventUtil.java:49)
	at javafx.event.Event.fireEvent(Event.java:198)
	at javafx.scene.Node.fireEvent(Node.java:8797)
	at javafx.scene.control.Button.fire(Button.java:203)
	at com.sun.javafx.scene.control.behavior.ButtonBehavior.mouseReleased(ButtonBehavior.java:208)
	at com.sun.javafx.scene.control.inputmap.InputMap.handle(InputMap.java:274)
	at com.sun.javafx.event.CompositeEventHandler$NormalEventHandlerRecord.handleBubblingEvent(CompositeEventHandler.java:247)
	at com.sun.javafx.event.CompositeEventHandler.dispatchBubblingEvent(CompositeEventHandler.java:80)
	at com.sun.javafx.event.EventHandlerManager.dispatchBubblingEvent(EventHandlerManager.java:234)
	at com.sun.javafx.event.EventHandlerManager.dispatchBubblingEvent(EventHandlerManager.java:191)
	at com.sun.javafx.event.CompositeEventDispatcher.dispatchBubblingEvent(CompositeEventDispatcher.java:59)
	at com.sun.javafx.event.BasicEventDispatcher.dispatchEvent(BasicEventDispatcher.java:58)
	at com.sun.javafx.event.EventDispatchChainImpl.dispatchEvent(EventDispatchChainImpl.java:114)
	at com.sun.javafx.event.BasicEventDispatcher.dispatchEvent(BasicEventDispatcher.java:56)
	at com.sun.javafx.event.EventDispatchChainImpl.dispatchEvent(EventDispatchChainImpl.java:114)
	at com.sun.javafx.event.BasicEventDispatcher.dispatchEvent(BasicEventDispatcher.java:56)
	at com.sun.javafx.event.EventDispatchChainImpl.dispatchEvent(EventDispatchChainImpl.java:114)
	at com.sun.javafx.event.EventUtil.fireEventImpl(EventUtil.java:74)
	at com.sun.javafx.event.EventUtil.fireEvent(EventUtil.java:54)
	at javafx.event.Event.fireEvent(Event.java:198)
	at javafx.scene.Scene$MouseHandler.process(Scene.java:3931)
	at javafx.scene.Scene.processMouseEvent(Scene.java:1918)
	at javafx.scene.Scene$ScenePeerListener.mouseEvent(Scene.java:2657)
	at com.sun.javafx.tk.quantum.GlassViewEventHandler$MouseEventNotification.run(GlassViewEventHandler.java:411)
	at com.sun.javafx.tk.quantum.GlassViewEventHandler$MouseEventNotification.run(GlassViewEventHandler.java:301)
	at java.base/java.security.AccessController.doPrivileged(AccessController.java:399)
	at com.sun.javafx.tk.quantum.GlassViewEventHandler.lambda$handleMouseEvent$2(GlassViewEventHandler.java:450)
	at com.sun.javafx.tk.quantum.QuantumToolkit.runWithoutRenderLock(QuantumToolkit.java:430)
	at com.sun.javafx.tk.quantum.GlassViewEventHandler.handleMouseEvent(GlassViewEventHandler.java:449)
	at com.sun.glass.ui.View.handleMouseEvent(View.java:551)
	at com.sun.glass.ui.View.notifyMouse(View.java:937)
	at com.sun.glass.ui.monocle.MonocleView.notifyMouse(MonocleView.java:116)
	... 22 common frames omitted
2026-07-10 15:29:52,138 [ERROR] from com.jpro.meta.tk.SceneInputListener in JavaFX Application Thread - Error while processing the input: MouseEventToken(MouseMoved,939.2000122070312,573.6000366210938,MouseButtonToken(2),false,false,false,false,false,false,false,false) app: stage title: 練習モード
java.lang.reflect.InvocationTargetException: null
	at jdk.internal.reflect.GeneratedMethodAccessor9.invoke(Unknown Source)
	at java.base/jdk.internal.reflect.DelegatingMethodAccessorImpl.invoke(DelegatingMethodAccessorImpl.java:43)
	at java.base/java.lang.reflect.Method.invoke(Method.java:569)
	at simplefx.util.ReflectionUtil$UseReflection.applyDynamic(ReflectionUtil.scala:21)
	at com.jpro.meta.tk.SceneInputListener.processInputInScene(SceneInputListener.scala:264)
	at com.jpro.meta.tk.SceneInputListener.processInput(SceneInputListener.scala:178)
	at com.jpro.meta.tk.SceneInputListener.processInputs(SceneInputListener.scala:108)
	at com.jpro.meta.tk.SceneInputListener.$anonfun$new$4(SceneInputListener.scala:42)
	at simplefx.cores.standard.parts.CoreTimeEvent$$anon$3.run(CoreTimeEvent.scala:62)
	at com.sun.javafx.application.PlatformImpl.lambda$runLater$10(PlatformImpl.java:457)
	at java.base/java.security.AccessController.doPrivileged(AccessController.java:399)
	at com.sun.javafx.application.PlatformImpl.lambda$runLater$11(PlatformImpl.java:456)
	at com.sun.glass.ui.monocle.RunnableProcessor.runLoop(RunnableProcessor.java:92)
	at com.sun.glass.ui.monocle.RunnableProcessor.run(RunnableProcessor.java:51)
	at java.base/java.lang.Thread.run(Thread.java:840)
Caused by: java.lang.reflect.InvocationTargetException: null
	at jdk.internal.reflect.GeneratedMethodAccessor10.invoke(Unknown Source)
	at java.base/jdk.internal.reflect.DelegatingMethodAccessorImpl.invoke(DelegatingMethodAccessorImpl.java:43)
	at java.base/java.lang.reflect.Method.invoke(Method.java:569)
	at simplefx.util.ReflectionUtil$UseReflection.applyDynamic(ReflectionUtil.scala:21)
	at com.sun.glass.ui.monocle.input.fork.NativeMouseInput.notifyMouse(NativeMouseInput.scala:330)
	at com.sun.glass.ui.monocle.input.fork.NativeMouseInput.postMouseEvent(NativeMouseInput.scala:226)
	at com.sun.glass.ui.monocle.input.fork.NativeMouseInput.setState(NativeMouseInput.scala:186)
	... 15 common frames omitted
Caused by: java.lang.NullPointerException: Cannot invoke "javafx.scene.media.AudioClip.stop()" because "this.clickSound" is null
	at story.Practice.lambda$createScene$6(Practice.java:142)
	at com.sun.javafx.event.CompositeEventHandler.dispatchBubblingEvent(CompositeEventHandler.java:86)
	at com.sun.javafx.event.EventHandlerManager.dispatchBubblingEvent(EventHandlerManager.java:234)
	at com.sun.javafx.event.EventHandlerManager.dispatchBubblingEvent(EventHandlerManager.java:191)
	at com.sun.javafx.event.CompositeEventDispatcher.dispatchBubblingEvent(CompositeEventDispatcher.java:59)
	at com.sun.javafx.event.BasicEventDispatcher.dispatchEvent(BasicEventDispatcher.java:58)
	at com.sun.javafx.event.EventDispatchChainImpl.dispatchEvent(EventDispatchChainImpl.java:114)
	at com.sun.javafx.event.BasicEventDispatcher.dispatchEvent(BasicEventDispatcher.java:56)
	at com.sun.javafx.event.EventDispatchChainImpl.dispatchEvent(EventDispatchChainImpl.java:114)
	at com.sun.javafx.event.BasicEventDispatcher.dispatchEvent(BasicEventDispatcher.java:56)
	at com.sun.javafx.event.EventDispatchChainImpl.dispatchEvent(EventDispatchChainImpl.java:114)
	at com.sun.javafx.event.EventUtil.fireEventImpl(EventUtil.java:74)
	at com.sun.javafx.event.EventUtil.fireEvent(EventUtil.java:49)
	at javafx.event.Event.fireEvent(Event.java:198)
	at javafx.scene.Node.fireEvent(Node.java:8797)
	at javafx.scene.control.Button.fire(Button.java:203)
	at com.sun.javafx.scene.control.behavior.ButtonBehavior.mouseReleased(ButtonBehavior.java:208)
	at com.sun.javafx.scene.control.inputmap.InputMap.handle(InputMap.java:274)
	at com.sun.javafx.event.CompositeEventHandler$NormalEventHandlerRecord.handleBubblingEvent(CompositeEventHandler.java:247)
	at com.sun.javafx.event.CompositeEventHandler.dispatchBubblingEvent(CompositeEventHandler.java:80)
	at com.sun.javafx.event.EventHandlerManager.dispatchBubblingEvent(EventHandlerManager.java:234)
	at com.sun.javafx.event.EventHandlerManager.dispatchBubblingEvent(EventHandlerManager.java:191)
	at com.sun.javafx.event.CompositeEventDispatcher.dispatchBubblingEvent(CompositeEventDispatcher.java:59)
	at com.sun.javafx.event.BasicEventDispatcher.dispatchEvent(BasicEventDispatcher.java:58)
	at com.sun.javafx.event.EventDispatchChainImpl.dispatchEvent(EventDispatchChainImpl.java:114)
	at com.sun.javafx.event.BasicEventDispatcher.dispatchEvent(BasicEventDispatcher.java:56)
	at com.sun.javafx.event.EventDispatchChainImpl.dispatchEvent(EventDispatchChainImpl.java:114)
	at com.sun.javafx.event.BasicEventDispatcher.dispatchEvent(BasicEventDispatcher.java:56)
	at com.sun.javafx.event.EventDispatchChainImpl.dispatchEvent(EventDispatchChainImpl.java:114)
	at com.sun.javafx.event.EventUtil.fireEventImpl(EventUtil.java:74)
	at com.sun.javafx.event.EventUtil.fireEvent(EventUtil.java:54)
	at javafx.event.Event.fireEvent(Event.java:198)
	at javafx.scene.Scene$MouseHandler.process(Scene.java:3931)
	at javafx.scene.Scene.processMouseEvent(Scene.java:1918)
	at javafx.scene.Scene$ScenePeerListener.mouseEvent(Scene.java:2657)
	at com.sun.javafx.tk.quantum.GlassViewEventHandler$MouseEventNotification.run(GlassViewEventHandler.java:411)
	at com.sun.javafx.tk.quantum.GlassViewEventHandler$MouseEventNotification.run(GlassViewEventHandler.java:301)
	at java.base/java.security.AccessController.doPrivileged(AccessController.java:399)
	at com.sun.javafx.tk.quantum.GlassViewEventHandler.lambda$handleMouseEvent$2(GlassViewEventHandler.java:450)
	at com.sun.javafx.tk.quantum.QuantumToolkit.runWithoutRenderLock(QuantumToolkit.java:430)
	at com.sun.javafx.tk.quantum.GlassViewEventHandler.handleMouseEvent(GlassViewEventHandler.java:449)
	at com.sun.glass.ui.View.handleMouseEvent(View.java:551)
	at com.sun.glass.ui.View.notifyMouse(View.java:937)
	at com.sun.glass.ui.monocle.MonocleView.notifyMouse(MonocleView.java:116)
	... 22 common frames omitted
2026-07-10 15:29:52,154 [ERROR] from com.jpro.meta.tk.SceneInputListener in JavaFX Application Thread - Error while processing the input: MouseEventToken(MouseMoved,940.7999877929688,592.0,MouseButtonToken(2),false,false,false,false,false,false,false,false) app: stage title: 練習モード
java.lang.reflect.InvocationTargetException: null
	at jdk.internal.reflect.GeneratedMethodAccessor9.invoke(Unknown Source)
	at java.base/jdk.internal.reflect.DelegatingMethodAccessorImpl.invoke(DelegatingMethodAccessorImpl.java:43)
	at java.base/java.lang.reflect.Method.invoke(Method.java:569)
	at simplefx.util.ReflectionUtil$UseReflection.applyDynamic(ReflectionUtil.scala:21)
	at com.jpro.meta.tk.SceneInputListener.processInputInScene(SceneInputListener.scala:264)
	at com.jpro.meta.tk.SceneInputListener.processInput(SceneInputListener.scala:178)
	at com.jpro.meta.tk.SceneInputListener.processInputs(SceneInputListener.scala:108)
	at com.jpro.meta.tk.SceneInputListener.$anonfun$new$4(SceneInputListener.scala:42)
	at simplefx.cores.standard.parts.CoreTimeEvent$$anon$3.run(CoreTimeEvent.scala:62)
	at com.sun.javafx.application.PlatformImpl.lambda$runLater$10(PlatformImpl.java:457)
	at java.base/java.security.AccessController.doPrivileged(AccessController.java:399)
	at com.sun.javafx.application.PlatformImpl.lambda$runLater$11(PlatformImpl.java:456)
	at com.sun.glass.ui.monocle.RunnableProcessor.runLoop(RunnableProcessor.java:92)
	at com.sun.glass.ui.monocle.RunnableProcessor.run(RunnableProcessor.java:51)
	at java.base/java.lang.Thread.run(Thread.java:840)
Caused by: java.lang.reflect.InvocationTargetException: null
	at jdk.internal.reflect.GeneratedMethodAccessor10.invoke(Unknown Source)
	at java.base/jdk.internal.reflect.DelegatingMethodAccessorImpl.invoke(DelegatingMethodAccessorImpl.java:43)
	at java.base/java.lang.reflect.Method.invoke(Method.java:569)
	at simplefx.util.ReflectionUtil$UseReflection.applyDynamic(ReflectionUtil.scala:21)
	at com.sun.glass.ui.monocle.input.fork.NativeMouseInput.notifyMouse(NativeMouseInput.scala:330)
	at com.sun.glass.ui.monocle.input.fork.NativeMouseInput.postMouseEvent(NativeMouseInput.scala:226)
	at com.sun.glass.ui.monocle.input.fork.NativeMouseInput.setState(NativeMouseInput.scala:186)
	... 15 common frames omitted
Caused by: java.lang.NullPointerException: Cannot invoke "javafx.scene.media.AudioClip.stop()" because "this.clickSound" is null
	at story.Practice.lambda$createScene$6(Practice.java:142)
	at com.sun.javafx.event.CompositeEventHandler.dispatchBubblingEvent(CompositeEventHandler.java:86)
	at com.sun.javafx.event.EventHandlerManager.dispatchBubblingEvent(EventHandlerManager.java:234)
	at com.sun.javafx.event.EventHandlerManager.dispatchBubblingEvent(EventHandlerManager.java:191)
	at com.sun.javafx.event.CompositeEventDispatcher.dispatchBubblingEvent(CompositeEventDispatcher.java:59)
	at com.sun.javafx.event.BasicEventDispatcher.dispatchEvent(BasicEventDispatcher.java:58)
	at com.sun.javafx.event.EventDispatchChainImpl.dispatchEvent(EventDispatchChainImpl.java:114)
	at com.sun.javafx.event.BasicEventDispatcher.dispatchEvent(BasicEventDispatcher.java:56)
	at com.sun.javafx.event.EventDispatchChainImpl.dispatchEvent(EventDispatchChainImpl.java:114)
	at com.sun.javafx.event.BasicEventDispatcher.dispatchEvent(BasicEventDispatcher.java:56)
	at com.sun.javafx.event.EventDispatchChainImpl.dispatchEvent(EventDispatchChainImpl.java:114)
	at com.sun.javafx.event.EventUtil.fireEventImpl(EventUtil.java:74)
	at com.sun.javafx.event.EventUtil.fireEvent(EventUtil.java:49)
	at javafx.event.Event.fireEvent(Event.java:198)
	at javafx.scene.Node.fireEvent(Node.java:8797)
	at javafx.scene.control.Button.fire(Button.java:203)
	at com.sun.javafx.scene.control.behavior.ButtonBehavior.mouseReleased(ButtonBehavior.java:208)
	at com.sun.javafx.scene.control.inputmap.InputMap.handle(InputMap.java:274)
	at com.sun.javafx.event.CompositeEventHandler$NormalEventHandlerRecord.handleBubblingEvent(CompositeEventHandler.java:247)
	at com.sun.javafx.event.CompositeEventHandler.dispatchBubblingEvent(CompositeEventHandler.java:80)
	at com.sun.javafx.event.EventHandlerManager.dispatchBubblingEvent(EventHandlerManager.java:234)
	at com.sun.javafx.event.EventHandlerManager.dispatchBubblingEvent(EventHandlerManager.java:191)
	at com.sun.javafx.event.CompositeEventDispatcher.dispatchBubblingEvent(CompositeEventDispatcher.java:59)
	at com.sun.javafx.event.BasicEventDispatcher.dispatchEvent(BasicEventDispatcher.java:58)
	at com.sun.javafx.event.EventDispatchChainImpl.dispatchEvent(EventDispatchChainImpl.java:114)
	at com.sun.javafx.event.BasicEventDispatcher.dispatchEvent(BasicEventDispatcher.java:56)
	at com.sun.javafx.event.EventDispatchChainImpl.dispatchEvent(EventDispatchChainImpl.java:114)
	at com.sun.javafx.event.BasicEventDispatcher.dispatchEvent(BasicEventDispatcher.java:56)
	at com.sun.javafx.event.EventDispatchChainImpl.dispatchEvent(EventDispatchChainImpl.java:114)
	at com.sun.javafx.event.EventUtil.fireEventImpl(EventUtil.java:74)
	at com.sun.javafx.event.EventUtil.fireEvent(EventUtil.java:54)
	at javafx.event.Event.fireEvent(Event.java:198)
	at javafx.scene.Scene$MouseHandler.process(Scene.java:3931)
	at javafx.scene.Scene.processMouseEvent(Scene.java:1918)
	at javafx.scene.Scene$ScenePeerListener.mouseEvent(Scene.java:2657)
	at com.sun.javafx.tk.quantum.GlassViewEventHandler$MouseEventNotification.run(GlassViewEventHandler.java:411)
	at com.sun.javafx.tk.quantum.GlassViewEventHandler$MouseEventNotification.run(GlassViewEventHandler.java:301)
	at java.base/java.security.AccessController.doPrivileged(AccessController.java:399)
	at com.sun.javafx.tk.quantum.GlassViewEventHandler.lambda$handleMouseEvent$2(GlassViewEventHandler.java:450)
	at com.sun.javafx.tk.quantum.QuantumToolkit.runWithoutRenderLock(QuantumToolkit.java:430)
	at com.sun.javafx.tk.quantum.GlassViewEventHandler.handleMouseEvent(GlassViewEventHandler.java:449)
	at com.sun.glass.ui.View.handleMouseEvent(View.java:551)
	at com.sun.glass.ui.View.notifyMouse(View.java:937)
	at com.sun.glass.ui.monocle.MonocleView.notifyMouse(MonocleView.java:116)
	... 22 common frames omitted
2026-07-10 15:29:52,171 [ERROR] from com.jpro.meta.tk.SceneInputListener in JavaFX Application Thread - Error while processing the input: MouseEventToken(MouseMoved,940.7999877929688,608.0,MouseButtonToken(2),false,false,false,false,false,false,false,false) app: stage title: 練習モード
java.lang.reflect.InvocationTargetException: null
	at jdk.internal.reflect.GeneratedMethodAccessor9.invoke(Unknown Source)
	at java.base/jdk.internal.reflect.DelegatingMethodAccessorImpl.invoke(DelegatingMethodAccessorImpl.java:43)
	at java.base/java.lang.reflect.Method.invoke(Method.java:569)
	at simplefx.util.ReflectionUtil$UseReflection.applyDynamic(ReflectionUtil.scala:21)
	at com.jpro.meta.tk.SceneInputListener.processInputInScene(SceneInputListener.scala:264)
	at com.jpro.meta.tk.SceneInputListener.processInput(SceneInputListener.scala:178)
	at com.jpro.meta.tk.SceneInputListener.processInputs(SceneInputListener.scala:108)
	at com.jpro.meta.tk.SceneInputListener.$anonfun$new$4(SceneInputListener.scala:42)
	at simplefx.cores.standard.parts.CoreTimeEvent$$anon$3.run(CoreTimeEvent.scala:62)
	at com.sun.javafx.application.PlatformImpl.lambda$runLater$10(PlatformImpl.java:457)
	at java.base/java.security.AccessController.doPrivileged(AccessController.java:399)
	at com.sun.javafx.application.PlatformImpl.lambda$runLater$11(PlatformImpl.java:456)
	at com.sun.glass.ui.monocle.RunnableProcessor.runLoop(RunnableProcessor.java:92)
	at com.sun.glass.ui.monocle.RunnableProcessor.run(RunnableProcessor.java:51)
	at java.base/java.lang.Thread.run(Thread.java:840)
Caused by: java.lang.reflect.InvocationTargetException: null
	at jdk.internal.reflect.GeneratedMethodAccessor10.invoke(Unknown Source)
	at java.base/jdk.internal.reflect.DelegatingMethodAccessorImpl.invoke(DelegatingMethodAccessorImpl.java:43)
	at java.base/java.lang.reflect.Method.invoke(Method.java:569)
	at simplefx.util.ReflectionUtil$UseReflection.applyDynamic(ReflectionUtil.scala:21)
	at com.sun.glass.ui.monocle.input.fork.NativeMouseInput.notifyMouse(NativeMouseInput.scala:330)
	at com.sun.glass.ui.monocle.input.fork.NativeMouseInput.postMouseEvent(NativeMouseInput.scala:226)
	at com.sun.glass.ui.monocle.input.fork.NativeMouseInput.setState(NativeMouseInput.scala:186)
	... 15 common frames omitted
Caused by: java.lang.NullPointerException: Cannot invoke "javafx.scene.media.AudioClip.stop()" because "this.clickSound" is null
	at story.Practice.lambda$createScene$6(Practice.java:142)
	at com.sun.javafx.event.CompositeEventHandler.dispatchBubblingEvent(CompositeEventHandler.java:86)
	at com.sun.javafx.event.EventHandlerManager.dispatchBubblingEvent(EventHandlerManager.java:234)
	at com.sun.javafx.event.EventHandlerManager.dispatchBubblingEvent(EventHandlerManager.java:191)
	at com.sun.javafx.event.CompositeEventDispatcher.dispatchBubblingEvent(CompositeEventDispatcher.java:59)
	at com.sun.javafx.event.BasicEventDispatcher.dispatchEvent(BasicEventDispatcher.java:58)
	at com.sun.javafx.event.EventDispatchChainImpl.dispatchEvent(EventDispatchChainImpl.java:114)
	at com.sun.javafx.event.BasicEventDispatcher.dispatchEvent(BasicEventDispatcher.java:56)
	at com.sun.javafx.event.EventDispatchChainImpl.dispatchEvent(EventDispatchChainImpl.java:114)
	at com.sun.javafx.event.BasicEventDispatcher.dispatchEvent(BasicEventDispatcher.java:56)
	at com.sun.javafx.event.EventDispatchChainImpl.dispatchEvent(EventDispatchChainImpl.java:114)
	at com.sun.javafx.event.EventUtil.fireEventImpl(EventUtil.java:74)
	at com.sun.javafx.event.EventUtil.fireEvent(EventUtil.java:49)
	at javafx.event.Event.fireEvent(Event.java:198)
	at javafx.scene.Node.fireEvent(Node.java:8797)
	at javafx.scene.control.Button.fire(Button.java:203)
	at com.sun.javafx.scene.control.behavior.ButtonBehavior.mouseReleased(ButtonBehavior.java:208)
	at com.sun.javafx.scene.control.inputmap.InputMap.handle(InputMap.java:274)
	at com.sun.javafx.event.CompositeEventHandler$NormalEventHandlerRecord.handleBubblingEvent(CompositeEventHandler.java:247)
	at com.sun.javafx.event.CompositeEventHandler.dispatchBubblingEvent(CompositeEventHandler.java:80)
	at com.sun.javafx.event.EventHandlerManager.dispatchBubblingEvent(EventHandlerManager.java:234)
	at com.sun.javafx.event.EventHandlerManager.dispatchBubblingEvent(EventHandlerManager.java:191)
	at com.sun.javafx.event.CompositeEventDispatcher.dispatchBubblingEvent(CompositeEventDispatcher.java:59)
	at com.sun.javafx.event.BasicEventDispatcher.dispatchEvent(BasicEventDispatcher.java:58)
	at com.sun.javafx.event.EventDispatchChainImpl.dispatchEvent(EventDispatchChainImpl.java:114)
	at com.sun.javafx.event.BasicEventDispatcher.dispatchEvent(BasicEventDispatcher.java:56)
	at com.sun.javafx.event.EventDispatchChainImpl.dispatchEvent(EventDispatchChainImpl.java:114)
	at com.sun.javafx.event.BasicEventDispatcher.dispatchEvent(BasicEventDispatcher.java:56)
	at com.sun.javafx.event.EventDispatchChainImpl.dispatchEvent(EventDispatchChainImpl.java:114)
	at com.sun.javafx.event.EventUtil.fireEventImpl(EventUtil.java:74)
	at com.sun.javafx.event.EventUtil.fireEvent(EventUtil.java:54)
	at javafx.event.Event.fireEvent(Event.java:198)
	at javafx.scene.Scene$MouseHandler.process(Scene.java:3931)
	at javafx.scene.Scene.processMouseEvent(Scene.java:1918)
	at javafx.scene.Scene$ScenePeerListener.mouseEvent(Scene.java:2657)
	at com.sun.javafx.tk.quantum.GlassViewEventHandler$MouseEventNotification.run(GlassViewEventHandler.java:411)
	at com.sun.javafx.tk.quantum.GlassViewEventHandler$MouseEventNotification.run(GlassViewEventHandler.java:301)
	at java.base/java.security.AccessController.doPrivileged(AccessController.java:399)
	at com.sun.javafx.tk.quantum.GlassViewEventHandler.lambda$handleMouseEvent$2(GlassViewEventHandler.java:450)
	at com.sun.javafx.tk.quantum.QuantumToolkit.runWithoutRenderLock(QuantumToolkit.java:430)
	at com.sun.javafx.tk.quantum.GlassViewEventHandler.handleMouseEvent(GlassViewEventHandler.java:449)
	at com.sun.glass.ui.View.handleMouseEvent(View.java:551)
	at com.sun.glass.ui.View.notifyMouse(View.java:937)
	at com.sun.glass.ui.monocle.MonocleView.notifyMouse(MonocleView.java:116)
	... 22 common frames omitted
2026-07-10 15:29:52,187 [ERROR] from com.jpro.meta.tk.SceneInputListener in JavaFX Application Thread - Error while processing the input: MouseEventToken(MouseMoved,940.7999877929688,619.2000122070312,MouseButtonToken(2),false,false,false,false,false,false,false,false) app: stage title: 練習モード
java.lang.reflect.InvocationTargetException: null
	at jdk.internal.reflect.GeneratedMethodAccessor9.invoke(Unknown Source)
	at java.base/jdk.internal.reflect.DelegatingMethodAccessorImpl.invoke(DelegatingMethodAccessorImpl.java:43)
	at java.base/java.lang.reflect.Method.invoke(Method.java:569)
	at simplefx.util.ReflectionUtil$UseReflection.applyDynamic(ReflectionUtil.scala:21)
	at com.jpro.meta.tk.SceneInputListener.processInputInScene(SceneInputListener.scala:264)
	at com.jpro.meta.tk.SceneInputListener.processInput(SceneInputListener.scala:178)
	at com.jpro.meta.tk.SceneInputListener.processInputs(SceneInputListener.scala:108)
	at com.jpro.meta.tk.SceneInputListener.$anonfun$new$4(SceneInputListener.scala:42)
	at simplefx.cores.standard.parts.CoreTimeEvent$$anon$3.run(CoreTimeEvent.scala:62)
	at com.sun.javafx.application.PlatformImpl.lambda$runLater$10(PlatformImpl.java:457)
	at java.base/java.security.AccessController.doPrivileged(AccessController.java:399)
	at com.sun.javafx.application.PlatformImpl.lambda$runLater$11(PlatformImpl.java:456)
	at com.sun.glass.ui.monocle.RunnableProcessor.runLoop(RunnableProcessor.java:92)
	at com.sun.glass.ui.monocle.RunnableProcessor.run(RunnableProcessor.java:51)
	at java.base/java.lang.Thread.run(Thread.java:840)
Caused by: java.lang.reflect.InvocationTargetException: null
	at jdk.internal.reflect.GeneratedMethodAccessor10.invoke(Unknown Source)
	at java.base/jdk.internal.reflect.DelegatingMethodAccessorImpl.invoke(DelegatingMethodAccessorImpl.java:43)
	at java.base/java.lang.reflect.Method.invoke(Method.java:569)
	at simplefx.util.ReflectionUtil$UseReflection.applyDynamic(ReflectionUtil.scala:21)
	at com.sun.glass.ui.monocle.input.fork.NativeMouseInput.notifyMouse(NativeMouseInput.scala:330)
	at com.sun.glass.ui.monocle.input.fork.NativeMouseInput.postMouseEvent(NativeMouseInput.scala:226)
	at com.sun.glass.ui.monocle.input.fork.NativeMouseInput.setState(NativeMouseInput.scala:186)
	... 15 common frames omitted
Caused by: java.lang.NullPointerException: Cannot invoke "javafx.scene.media.AudioClip.stop()" because "this.clickSound" is null
	at story.Practice.lambda$createScene$6(Practice.java:142)
	at com.sun.javafx.event.CompositeEventHandler.dispatchBubblingEvent(CompositeEventHandler.java:86)
	at com.sun.javafx.event.EventHandlerManager.dispatchBubblingEvent(EventHandlerManager.java:234)
	at com.sun.javafx.event.EventHandlerManager.dispatchBubblingEvent(EventHandlerManager.java:191)
	at com.sun.javafx.event.CompositeEventDispatcher.dispatchBubblingEvent(CompositeEventDispatcher.java:59)
	at com.sun.javafx.event.BasicEventDispatcher.dispatchEvent(BasicEventDispatcher.java:58)
	at com.sun.javafx.event.EventDispatchChainImpl.dispatchEvent(EventDispatchChainImpl.java:114)
	at com.sun.javafx.event.BasicEventDispatcher.dispatchEvent(BasicEventDispatcher.java:56)
	at com.sun.javafx.event.EventDispatchChainImpl.dispatchEvent(EventDispatchChainImpl.java:114)
	at com.sun.javafx.event.BasicEventDispatcher.dispatchEvent(BasicEventDispatcher.java:56)
	at com.sun.javafx.event.EventDispatchChainImpl.dispatchEvent(EventDispatchChainImpl.java:114)
	at com.sun.javafx.event.EventUtil.fireEventImpl(EventUtil.java:74)
	at com.sun.javafx.event.EventUtil.fireEvent(EventUtil.java:49)
	at javafx.event.Event.fireEvent(Event.java:198)
	at javafx.scene.Node.fireEvent(Node.java:8797)
	at javafx.scene.control.Button.fire(Button.java:203)
	at com.sun.javafx.scene.control.behavior.ButtonBehavior.mouseReleased(ButtonBehavior.java:208)
	at com.sun.javafx.scene.control.inputmap.InputMap.handle(InputMap.java:274)
	at com.sun.javafx.event.CompositeEventHandler$NormalEventHandlerRecord.handleBubblingEvent(CompositeEventHandler.java:247)
	at com.sun.javafx.event.CompositeEventHandler.dispatchBubblingEvent(CompositeEventHandler.java:80)
	at com.sun.javafx.event.EventHandlerManager.dispatchBubblingEvent(EventHandlerManager.java:234)
	at com.sun.javafx.event.EventHandlerManager.dispatchBubblingEvent(EventHandlerManager.java:191)
	at com.sun.javafx.event.CompositeEventDispatcher.dispatchBubblingEvent(CompositeEventDispatcher.java:59)
	at com.sun.javafx.event.BasicEventDispatcher.dispatchEvent(BasicEventDispatcher.java:58)
	at com.sun.javafx.event.EventDispatchChainImpl.dispatchEvent(EventDispatchChainImpl.java:114)
	at com.sun.javafx.event.BasicEventDispatcher.dispatchEvent(BasicEventDispatcher.java:56)
	at com.sun.javafx.event.EventDispatchChainImpl.dispatchEvent(EventDispatchChainImpl.java:114)
	at com.sun.javafx.event.BasicEventDispatcher.dispatchEvent(BasicEventDispatcher.java:56)
	at com.sun.javafx.event.EventDispatchChainImpl.dispatchEvent(EventDispatchChainImpl.java:114)
	at com.sun.javafx.event.EventUtil.fireEventImpl(EventUtil.java:74)
	at com.sun.javafx.event.EventUtil.fireEvent(EventUtil.java:54)
	at javafx.event.Event.fireEvent(Event.java:198)
	at javafx.scene.Scene$MouseHandler.process(Scene.java:3931)
	at javafx.scene.Scene.processMouseEvent(Scene.java:1918)
	at javafx.scene.Scene$ScenePeerListener.mouseEvent(Scene.java:2657)
	at com.sun.javafx.tk.quantum.GlassViewEventHandler$MouseEventNotification.run(GlassViewEventHandler.java:411)
	at com.sun.javafx.tk.quantum.GlassViewEventHandler$MouseEventNotification.run(GlassViewEventHandler.java:301)
	at java.base/java.security.AccessController.doPrivileged(AccessController.java:399)
	at com.sun.javafx.tk.quantum.GlassViewEventHandler.lambda$handleMouseEvent$2(GlassViewEventHandler.java:450)
	at com.sun.javafx.tk.quantum.QuantumToolkit.runWithoutRenderLock(QuantumToolkit.java:430)
	at com.sun.javafx.tk.quantum.GlassViewEventHandler.handleMouseEvent(GlassViewEventHandler.java:449)
	at com.sun.glass.ui.View.handleMouseEvent(View.java:551)
	at com.sun.glass.ui.View.notifyMouse(View.java:937)
	at com.sun.glass.ui.monocle.MonocleView.notifyMouse(MonocleView.java:116)
	... 22 common frames omitted
2026-07-10 15:29:52,204 [ERROR] from com.jpro.meta.tk.SceneInputListener in JavaFX Application Thread - Error while processing the input: MouseEventToken(MouseMoved,940.7999877929688,622.4000244140625,MouseButtonToken(2),false,false,false,false,false,false,false,false) app: stage title: 練習モード
java.lang.reflect.InvocationTargetException: null
	at jdk.internal.reflect.GeneratedMethodAccessor9.invoke(Unknown Source)
	at java.base/jdk.internal.reflect.DelegatingMethodAccessorImpl.invoke(DelegatingMethodAccessorImpl.java:43)
	at java.base/java.lang.reflect.Method.invoke(Method.java:569)
	at simplefx.util.ReflectionUtil$UseReflection.applyDynamic(ReflectionUtil.scala:21)
	at com.jpro.meta.tk.SceneInputListener.processInputInScene(SceneInputListener.scala:264)
	at com.jpro.meta.tk.SceneInputListener.processInput(SceneInputListener.scala:178)
	at com.jpro.meta.tk.SceneInputListener.processInputs(SceneInputListener.scala:108)
	at com.jpro.meta.tk.SceneInputListener.$anonfun$new$4(SceneInputListener.scala:42)
	at simplefx.cores.standard.parts.CoreTimeEvent$$anon$3.run(CoreTimeEvent.scala:62)
	at com.sun.javafx.application.PlatformImpl.lambda$runLater$10(PlatformImpl.java:457)
	at java.base/java.security.AccessController.doPrivileged(AccessController.java:399)
	at com.sun.javafx.application.PlatformImpl.lambda$runLater$11(PlatformImpl.java:456)
	at com.sun.glass.ui.monocle.RunnableProcessor.runLoop(RunnableProcessor.java:92)
	at com.sun.glass.ui.monocle.RunnableProcessor.run(RunnableProcessor.java:51)
	at java.base/java.lang.Thread.run(Thread.java:840)
Caused by: java.lang.reflect.InvocationTargetException: null
	at jdk.internal.reflect.GeneratedMethodAccessor10.invoke(Unknown Source)
	at java.base/jdk.internal.reflect.DelegatingMethodAccessorImpl.invoke(DelegatingMethodAccessorImpl.java:43)
	at java.base/java.lang.reflect.Method.invoke(Method.java:569)
	at simplefx.util.ReflectionUtil$UseReflection.applyDynamic(ReflectionUtil.scala:21)
	at com.sun.glass.ui.monocle.input.fork.NativeMouseInput.notifyMouse(NativeMouseInput.scala:330)
	at com.sun.glass.ui.monocle.input.fork.NativeMouseInput.postMouseEvent(NativeMouseInput.scala:226)
	at com.sun.glass.ui.monocle.input.fork.NativeMouseInput.setState(NativeMouseInput.scala:186)
	... 15 common frames omitted
Caused by: java.lang.NullPointerException: Cannot invoke "javafx.scene.media.AudioClip.stop()" because "this.clickSound" is null
	at story.Practice.lambda$createScene$6(Practice.java:142)
	at com.sun.javafx.event.CompositeEventHandler.dispatchBubblingEvent(CompositeEventHandler.java:86)
	at com.sun.javafx.event.EventHandlerManager.dispatchBubblingEvent(EventHandlerManager.java:234)
	at com.sun.javafx.event.EventHandlerManager.dispatchBubblingEvent(EventHandlerManager.java:191)
	at com.sun.javafx.event.CompositeEventDispatcher.dispatchBubblingEvent(CompositeEventDispatcher.java:59)
	at com.sun.javafx.event.BasicEventDispatcher.dispatchEvent(BasicEventDispatcher.java:58)
	at com.sun.javafx.event.EventDispatchChainImpl.dispatchEvent(EventDispatchChainImpl.java:114)
	at com.sun.javafx.event.BasicEventDispatcher.dispatchEvent(BasicEventDispatcher.java:56)
	at com.sun.javafx.event.EventDispatchChainImpl.dispatchEvent(EventDispatchChainImpl.java:114)
	at com.sun.javafx.event.BasicEventDispatcher.dispatchEvent(BasicEventDispatcher.java:56)
	at com.sun.javafx.event.EventDispatchChainImpl.dispatchEvent(EventDispatchChainImpl.java:114)
	at com.sun.javafx.event.EventUtil.fireEventImpl(EventUtil.java:74)
	at com.sun.javafx.event.EventUtil.fireEvent(EventUtil.java:49)
	at javafx.event.Event.fireEvent(Event.java:198)
	at javafx.scene.Node.fireEvent(Node.java:8797)
	at javafx.scene.control.Button.fire(Button.java:203)
	at com.sun.javafx.scene.control.behavior.ButtonBehavior.mouseReleased(ButtonBehavior.java:208)
	at com.sun.javafx.scene.control.inputmap.InputMap.handle(InputMap.java:274)
	at com.sun.javafx.event.CompositeEventHandler$NormalEventHandlerRecord.handleBubblingEvent(CompositeEventHandler.java:247)
	at com.sun.javafx.event.CompositeEventHandler.dispatchBubblingEvent(CompositeEventHandler.java:80)
	at com.sun.javafx.event.EventHandlerManager.dispatchBubblingEvent(EventHandlerManager.java:234)
	at com.sun.javafx.event.EventHandlerManager.dispatchBubblingEvent(EventHandlerManager.java:191)
	at com.sun.javafx.event.CompositeEventDispatcher.dispatchBubblingEvent(CompositeEventDispatcher.java:59)
	at com.sun.javafx.event.BasicEventDispatcher.dispatchEvent(BasicEventDispatcher.java:58)
	at com.sun.javafx.event.EventDispatchChainImpl.dispatchEvent(EventDispatchChainImpl.java:114)
	at com.sun.javafx.event.BasicEventDispatcher.dispatchEvent(BasicEventDispatcher.java:56)
	at com.sun.javafx.event.EventDispatchChainImpl.dispatchEvent(EventDispatchChainImpl.java:114)
	at com.sun.javafx.event.BasicEventDispatcher.dispatchEvent(BasicEventDispatcher.java:56)
	at com.sun.javafx.event.EventDispatchChainImpl.dispatchEvent(EventDispatchChainImpl.java:114)
	at com.sun.javafx.event.EventUtil.fireEventImpl(EventUtil.java:74)
	at com.sun.javafx.event.EventUtil.fireEvent(EventUtil.java:54)
	at javafx.event.Event.fireEvent(Event.java:198)
	at javafx.scene.Scene$MouseHandler.process(Scene.java:3931)
	at javafx.scene.Scene.processMouseEvent(Scene.java:1918)
	at javafx.scene.Scene$ScenePeerListener.mouseEvent(Scene.java:2657)
	at com.sun.javafx.tk.quantum.GlassViewEventHandler$MouseEventNotification.run(GlassViewEventHandler.java:411)
	at com.sun.javafx.tk.quantum.GlassViewEventHandler$MouseEventNotification.run(GlassViewEventHandler.java:301)
	at java.base/java.security.AccessController.doPrivileged(AccessController.java:399)
	at com.sun.javafx.tk.quantum.GlassViewEventHandler.lambda$handleMouseEvent$2(GlassViewEventHandler.java:450)
	at com.sun.javafx.tk.quantum.QuantumToolkit.runWithoutRenderLock(QuantumToolkit.java:430)
	at com.sun.javafx.tk.quantum.GlassViewEventHandler.handleMouseEvent(GlassViewEventHandler.java:449)
	at com.sun.glass.ui.View.handleMouseEvent(View.java:551)
	at com.sun.glass.ui.View.notifyMouse(View.java:937)
	at com.sun.glass.ui.monocle.MonocleView.notifyMouse(MonocleView.java:116)
	... 22 common frames omitted
2026-07-10 15:29:52,221 [ERROR] from com.jpro.meta.tk.SceneInputListener in JavaFX Application Thread - Error while processing the input: MouseEventToken(MouseMoved,940.7999877929688,624.0,MouseButtonToken(2),false,false,false,false,false,false,false,false) app: stage title: 練習モード
java.lang.reflect.InvocationTargetException: null
	at jdk.internal.reflect.GeneratedMethodAccessor9.invoke(Unknown Source)
	at java.base/jdk.internal.reflect.DelegatingMethodAccessorImpl.invoke(DelegatingMethodAccessorImpl.java:43)
	at java.base/java.lang.reflect.Method.invoke(Method.java:569)
	at simplefx.util.ReflectionUtil$UseReflection.applyDynamic(ReflectionUtil.scala:21)
	at com.jpro.meta.tk.SceneInputListener.processInputInScene(SceneInputListener.scala:264)
	at com.jpro.meta.tk.SceneInputListener.processInput(SceneInputListener.scala:178)
	at com.jpro.meta.tk.SceneInputListener.processInputs(SceneInputListener.scala:108)
	at com.jpro.meta.tk.SceneInputListener.$anonfun$new$4(SceneInputListener.scala:42)
	at simplefx.cores.standard.parts.CoreTimeEvent$$anon$3.run(CoreTimeEvent.scala:62)
	at com.sun.javafx.application.PlatformImpl.lambda$runLater$10(PlatformImpl.java:457)
	at java.base/java.security.AccessController.doPrivileged(AccessController.java:399)
	at com.sun.javafx.application.PlatformImpl.lambda$runLater$11(PlatformImpl.java:456)
	at com.sun.glass.ui.monocle.RunnableProcessor.runLoop(RunnableProcessor.java:92)
	at com.sun.glass.ui.monocle.RunnableProcessor.run(RunnableProcessor.java:51)
	at java.base/java.lang.Thread.run(Thread.java:840)
Caused by: java.lang.reflect.InvocationTargetException: null
	at jdk.internal.reflect.GeneratedMethodAccessor10.invoke(Unknown Source)
	at java.base/jdk.internal.reflect.DelegatingMethodAccessorImpl.invoke(DelegatingMethodAccessorImpl.java:43)
	at java.base/java.lang.reflect.Method.invoke(Method.java:569)
	at simplefx.util.ReflectionUtil$UseReflection.applyDynamic(ReflectionUtil.scala:21)
	at com.sun.glass.ui.monocle.input.fork.NativeMouseInput.notifyMouse(NativeMouseInput.scala:330)
	at com.sun.glass.ui.monocle.input.fork.NativeMouseInput.postMouseEvent(NativeMouseInput.scala:226)
	at com.sun.glass.ui.monocle.input.fork.NativeMouseInput.setState(NativeMouseInput.scala:186)
	... 15 common frames omitted
Caused by: java.lang.NullPointerException: Cannot invoke "javafx.scene.media.AudioClip.stop()" because "this.clickSound" is null
	at story.Practice.lambda$createScene$6(Practice.java:142)
	at com.sun.javafx.event.CompositeEventHandler.dispatchBubblingEvent(CompositeEventHandler.java:86)
	at com.sun.javafx.event.EventHandlerManager.dispatchBubblingEvent(EventHandlerManager.java:234)
	at com.sun.javafx.event.EventHandlerManager.dispatchBubblingEvent(EventHandlerManager.java:191)
	at com.sun.javafx.event.CompositeEventDispatcher.dispatchBubblingEvent(CompositeEventDispatcher.java:59)
	at com.sun.javafx.event.BasicEventDispatcher.dispatchEvent(BasicEventDispatcher.java:58)
	at com.sun.javafx.event.EventDispatchChainImpl.dispatchEvent(EventDispatchChainImpl.java:114)
	at com.sun.javafx.event.BasicEventDispatcher.dispatchEvent(BasicEventDispatcher.java:56)
	at com.sun.javafx.event.EventDispatchChainImpl.dispatchEvent(EventDispatchChainImpl.java:114)
	at com.sun.javafx.event.BasicEventDispatcher.dispatchEvent(BasicEventDispatcher.java:56)
	at com.sun.javafx.event.EventDispatchChainImpl.dispatchEvent(EventDispatchChainImpl.java:114)
	at com.sun.javafx.event.EventUtil.fireEventImpl(EventUtil.java:74)
	at com.sun.javafx.event.EventUtil.fireEvent(EventUtil.java:49)
	at javafx.event.Event.fireEvent(Event.java:198)
	at javafx.scene.Node.fireEvent(Node.java:8797)
	at javafx.scene.control.Button.fire(Button.java:203)
	at com.sun.javafx.scene.control.behavior.ButtonBehavior.mouseReleased(ButtonBehavior.java:208)
	at com.sun.javafx.scene.control.inputmap.InputMap.handle(InputMap.java:274)
	at com.sun.javafx.event.CompositeEventHandler$NormalEventHandlerRecord.handleBubblingEvent(CompositeEventHandler.java:247)
	at com.sun.javafx.event.CompositeEventHandler.dispatchBubblingEvent(CompositeEventHandler.java:80)
	at com.sun.javafx.event.EventHandlerManager.dispatchBubblingEvent(EventHandlerManager.java:234)
	at com.sun.javafx.event.EventHandlerManager.dispatchBubblingEvent(EventHandlerManager.java:191)
	at com.sun.javafx.event.CompositeEventDispatcher.dispatchBubblingEvent(CompositeEventDispatcher.java:59)
	at com.sun.javafx.event.BasicEventDispatcher.dispatchEvent(BasicEventDispatcher.java:58)
	at com.sun.javafx.event.EventDispatchChainImpl.dispatchEvent(EventDispatchChainImpl.java:114)
	at com.sun.javafx.event.BasicEventDispatcher.dispatchEvent(BasicEventDispatcher.java:56)
	at com.sun.javafx.event.EventDispatchChainImpl.dispatchEvent(EventDispatchChainImpl.java:114)
	at com.sun.javafx.event.BasicEventDispatcher.dispatchEvent(BasicEventDispatcher.java:56)
	at com.sun.javafx.event.EventDispatchChainImpl.dispatchEvent(EventDispatchChainImpl.java:114)
	at com.sun.javafx.event.EventUtil.fireEventImpl(EventUtil.java:74)
	at com.sun.javafx.event.EventUtil.fireEvent(EventUtil.java:54)
	at javafx.event.Event.fireEvent(Event.java:198)
	at javafx.scene.Scene$MouseHandler.process(Scene.java:3931)
	at javafx.scene.Scene.processMouseEvent(Scene.java:1918)
	at javafx.scene.Scene$ScenePeerListener.mouseEvent(Scene.java:2657)
	at com.sun.javafx.tk.quantum.GlassViewEventHandler$MouseEventNotification.run(GlassViewEventHandler.java:411)
	at com.sun.javafx.tk.quantum.GlassViewEventHandler$MouseEventNotification.run(GlassViewEventHandler.java:301)
	at java.base/java.security.AccessController.doPrivileged(AccessController.java:399)
	at com.sun.javafx.tk.quantum.GlassViewEventHandler.lambda$handleMouseEvent$2(GlassViewEventHandler.java:450)
	at com.sun.javafx.tk.quantum.QuantumToolkit.runWithoutRenderLock(QuantumToolkit.java:430)
	at com.sun.javafx.tk.quantum.GlassViewEventHandler.handleMouseEvent(GlassViewEventHandler.java:449)
	at com.sun.glass.ui.View.handleMouseEvent(View.java:551)
	at com.sun.glass.ui.View.notifyMouse(View.java:937)
	at com.sun.glass.ui.monocle.MonocleView.notifyMouse(MonocleView.java:116)
	... 22 common frames omitted
2026-07-10 15:29:52,237 [ERROR] from com.jpro.meta.tk.SceneInputListener in JavaFX Application Thread - Error while processing the input: MouseEventToken(MouseMoved,940.7999877929688,626.4000244140625,MouseButtonToken(2),false,false,false,false,false,false,false,false) app: stage title: 練習モード
java.lang.reflect.InvocationTargetException: null
	at jdk.internal.reflect.GeneratedMethodAccessor9.invoke(Unknown Source)
	at java.base/jdk.internal.reflect.DelegatingMethodAccessorImpl.invoke(DelegatingMethodAccessorImpl.java:43)
	at java.base/java.lang.reflect.Method.invoke(Method.java:569)
	at simplefx.util.ReflectionUtil$UseReflection.applyDynamic(ReflectionUtil.scala:21)
	at com.jpro.meta.tk.SceneInputListener.processInputInScene(SceneInputListener.scala:264)
	at com.jpro.meta.tk.SceneInputListener.processInput(SceneInputListener.scala:178)
	at com.jpro.meta.tk.SceneInputListener.processInputs(SceneInputListener.scala:108)
	at com.jpro.meta.tk.SceneInputListener.$anonfun$new$4(SceneInputListener.scala:42)
	at simplefx.cores.standard.parts.CoreTimeEvent$$anon$3.run(CoreTimeEvent.scala:62)
	at com.sun.javafx.application.PlatformImpl.lambda$runLater$10(PlatformImpl.java:457)
	at java.base/java.security.AccessController.doPrivileged(AccessController.java:399)
	at com.sun.javafx.application.PlatformImpl.lambda$runLater$11(PlatformImpl.java:456)
	at com.sun.glass.ui.monocle.RunnableProcessor.runLoop(RunnableProcessor.java:92)
	at com.sun.glass.ui.monocle.RunnableProcessor.run(RunnableProcessor.java:51)
	at java.base/java.lang.Thread.run(Thread.java:840)
Caused by: java.lang.reflect.InvocationTargetException: null
	at jdk.internal.reflect.GeneratedMethodAccessor10.invoke(Unknown Source)
	at java.base/jdk.internal.reflect.DelegatingMethodAccessorImpl.invoke(DelegatingMethodAccessorImpl.java:43)
	at java.base/java.lang.reflect.Method.invoke(Method.java:569)
	at simplefx.util.ReflectionUtil$UseReflection.applyDynamic(ReflectionUtil.scala:21)
	at com.sun.glass.ui.monocle.input.fork.NativeMouseInput.notifyMouse(NativeMouseInput.scala:330)
	at com.sun.glass.ui.monocle.input.fork.NativeMouseInput.postMouseEvent(NativeMouseInput.scala:226)
	at com.sun.glass.ui.monocle.input.fork.NativeMouseInput.setState(NativeMouseInput.scala:186)
	... 15 common frames omitted
Caused by: java.lang.NullPointerException: Cannot invoke "javafx.scene.media.AudioClip.stop()" because "this.clickSound" is null
	at story.Practice.lambda$createScene$6(Practice.java:142)
	at com.sun.javafx.event.CompositeEventHandler.dispatchBubblingEvent(CompositeEventHandler.java:86)
	at com.sun.javafx.event.EventHandlerManager.dispatchBubblingEvent(EventHandlerManager.java:234)
	at com.sun.javafx.event.EventHandlerManager.dispatchBubblingEvent(EventHandlerManager.java:191)
	at com.sun.javafx.event.CompositeEventDispatcher.dispatchBubblingEvent(CompositeEventDispatcher.java:59)
	at com.sun.javafx.event.BasicEventDispatcher.dispatchEvent(BasicEventDispatcher.java:58)
	at com.sun.javafx.event.EventDispatchChainImpl.dispatchEvent(EventDispatchChainImpl.java:114)
	at com.sun.javafx.event.BasicEventDispatcher.dispatchEvent(BasicEventDispatcher.java:56)
	at com.sun.javafx.event.EventDispatchChainImpl.dispatchEvent(EventDispatchChainImpl.java:114)
	at com.sun.javafx.event.BasicEventDispatcher.dispatchEvent(BasicEventDispatcher.java:56)
	at com.sun.javafx.event.EventDispatchChainImpl.dispatchEvent(EventDispatchChainImpl.java:114)
	at com.sun.javafx.event.EventUtil.fireEventImpl(EventUtil.java:74)
	at com.sun.javafx.event.EventUtil.fireEvent(EventUtil.java:49)
	at javafx.event.Event.fireEvent(Event.java:198)
	at javafx.scene.Node.fireEvent(Node.java:8797)
	at javafx.scene.control.Button.fire(Button.java:203)
	at com.sun.javafx.scene.control.behavior.ButtonBehavior.mouseReleased(ButtonBehavior.java:208)
	at com.sun.javafx.scene.control.inputmap.InputMap.handle(InputMap.java:274)
	at com.sun.javafx.event.CompositeEventHandler$NormalEventHandlerRecord.handleBubblingEvent(CompositeEventHandler.java:247)
	at com.sun.javafx.event.CompositeEventHandler.dispatchBubblingEvent(CompositeEventHandler.java:80)
	at com.sun.javafx.event.EventHandlerManager.dispatchBubblingEvent(EventHandlerManager.java:234)
	at com.sun.javafx.event.EventHandlerManager.dispatchBubblingEvent(EventHandlerManager.java:191)
	at com.sun.javafx.event.CompositeEventDispatcher.dispatchBubblingEvent(CompositeEventDispatcher.java:59)
	at com.sun.javafx.event.BasicEventDispatcher.dispatchEvent(BasicEventDispatcher.java:58)
	at com.sun.javafx.event.EventDispatchChainImpl.dispatchEvent(EventDispatchChainImpl.java:114)
	at com.sun.javafx.event.BasicEventDispatcher.dispatchEvent(BasicEventDispatcher.java:56)
	at com.sun.javafx.event.EventDispatchChainImpl.dispatchEvent(EventDispatchChainImpl.java:114)
	at com.sun.javafx.event.BasicEventDispatcher.dispatchEvent(BasicEventDispatcher.java:56)
	at com.sun.javafx.event.EventDispatchChainImpl.dispatchEvent(EventDispatchChainImpl.java:114)
	at com.sun.javafx.event.EventUtil.fireEventImpl(EventUtil.java:74)
	at com.sun.javafx.event.EventUtil.fireEvent(EventUtil.java:54)
	at javafx.event.Event.fireEvent(Event.java:198)
	at javafx.scene.Scene$MouseHandler.process(Scene.java:3931)
	at javafx.scene.Scene.processMouseEvent(Scene.java:1918)
	at javafx.scene.Scene$ScenePeerListener.mouseEvent(Scene.java:2657)
	at com.sun.javafx.tk.quantum.GlassViewEventHandler$MouseEventNotification.run(GlassViewEventHandler.java:411)
	at com.sun.javafx.tk.quantum.GlassViewEventHandler$MouseEventNotification.run(GlassViewEventHandler.java:301)
	at java.base/java.security.AccessController.doPrivileged(AccessController.java:399)
	at com.sun.javafx.tk.quantum.GlassViewEventHandler.lambda$handleMouseEvent$2(GlassViewEventHandler.java:450)
	at com.sun.javafx.tk.quantum.QuantumToolkit.runWithoutRenderLock(QuantumToolkit.java:430)
	at com.sun.javafx.tk.quantum.GlassViewEventHandler.handleMouseEvent(GlassViewEventHandler.java:449)
	at com.sun.glass.ui.View.handleMouseEvent(View.java:551)
	at com.sun.glass.ui.View.notifyMouse(View.java:937)
	at com.sun.glass.ui.monocle.MonocleView.notifyMouse(MonocleView.java:116)
	... 22 common frames omitted
2026-07-10 15:29:52,330 [ERROR] from com.jpro.meta.tk.SceneInputListener in JavaFX Application Thread - Error while processing the input: MouseEventToken(MouseMoved,940.7999877929688,628.0,MouseButtonToken(2),false,false,false,false,false,false,false,false) app: stage title: 練習モード
java.lang.reflect.InvocationTargetException: null
	at jdk.internal.reflect.GeneratedMethodAccessor9.invoke(Unknown Source)
	at java.base/jdk.internal.reflect.DelegatingMethodAccessorImpl.invoke(DelegatingMethodAccessorImpl.java:43)
	at java.base/java.lang.reflect.Method.invoke(Method.java:569)
	at simplefx.util.ReflectionUtil$UseReflection.applyDynamic(ReflectionUtil.scala:21)
	at com.jpro.meta.tk.SceneInputListener.processInputInScene(SceneInputListener.scala:264)
	at com.jpro.meta.tk.SceneInputListener.processInput(SceneInputListener.scala:178)
	at com.jpro.meta.tk.SceneInputListener.processInputs(SceneInputListener.scala:108)
	at com.jpro.meta.tk.SceneInputListener.$anonfun$new$4(SceneInputListener.scala:42)
	at simplefx.cores.standard.parts.CoreTimeEvent$$anon$3.run(CoreTimeEvent.scala:62)
	at com.sun.javafx.application.PlatformImpl.lambda$runLater$10(PlatformImpl.java:457)
	at java.base/java.security.AccessController.doPrivileged(AccessController.java:399)
	at com.sun.javafx.application.PlatformImpl.lambda$runLater$11(PlatformImpl.java:456)
	at com.sun.glass.ui.monocle.RunnableProcessor.runLoop(RunnableProcessor.java:92)
	at com.sun.glass.ui.monocle.RunnableProcessor.run(RunnableProcessor.java:51)
	at java.base/java.lang.Thread.run(Thread.java:840)
Caused by: java.lang.reflect.InvocationTargetException: null
	at jdk.internal.reflect.GeneratedMethodAccessor10.invoke(Unknown Source)
	at java.base/jdk.internal.reflect.DelegatingMethodAccessorImpl.invoke(DelegatingMethodAccessorImpl.java:43)
	at java.base/java.lang.reflect.Method.invoke(Method.java:569)
	at simplefx.util.ReflectionUtil$UseReflection.applyDynamic(ReflectionUtil.scala:21)
	at com.sun.glass.ui.monocle.input.fork.NativeMouseInput.notifyMouse(NativeMouseInput.scala:330)
	at com.sun.glass.ui.monocle.input.fork.NativeMouseInput.postMouseEvent(NativeMouseInput.scala:226)
	at com.sun.glass.ui.monocle.input.fork.NativeMouseInput.setState(NativeMouseInput.scala:186)
	... 15 common frames omitted
Caused by: java.lang.NullPointerException: Cannot invoke "javafx.scene.media.AudioClip.stop()" because "this.clickSound" is null
	at story.Practice.lambda$createScene$6(Practice.java:142)
	at com.sun.javafx.event.CompositeEventHandler.dispatchBubblingEvent(CompositeEventHandler.java:86)
	at com.sun.javafx.event.EventHandlerManager.dispatchBubblingEvent(EventHandlerManager.java:234)
	at com.sun.javafx.event.EventHandlerManager.dispatchBubblingEvent(EventHandlerManager.java:191)
	at com.sun.javafx.event.CompositeEventDispatcher.dispatchBubblingEvent(CompositeEventDispatcher.java:59)
	at com.sun.javafx.event.BasicEventDispatcher.dispatchEvent(BasicEventDispatcher.java:58)
	at com.sun.javafx.event.EventDispatchChainImpl.dispatchEvent(EventDispatchChainImpl.java:114)
	at com.sun.javafx.event.BasicEventDispatcher.dispatchEvent(BasicEventDispatcher.java:56)
	at com.sun.javafx.event.EventDispatchChainImpl.dispatchEvent(EventDispatchChainImpl.java:114)
	at com.sun.javafx.event.BasicEventDispatcher.dispatchEvent(BasicEventDispatcher.java:56)
	at com.sun.javafx.event.EventDispatchChainImpl.dispatchEvent(EventDispatchChainImpl.java:114)
	at com.sun.javafx.event.EventUtil.fireEventImpl(EventUtil.java:74)
	at com.sun.javafx.event.EventUtil.fireEvent(EventUtil.java:49)
	at javafx.event.Event.fireEvent(Event.java:198)
	at javafx.scene.Node.fireEvent(Node.java:8797)
	at javafx.scene.control.Button.fire(Button.java:203)
	at com.sun.javafx.scene.control.behavior.ButtonBehavior.mouseReleased(ButtonBehavior.java:208)
	at com.sun.javafx.scene.control.inputmap.InputMap.handle(InputMap.java:274)
	at com.sun.javafx.event.CompositeEventHandler$NormalEventHandlerRecord.handleBubblingEvent(CompositeEventHandler.java:247)
	at com.sun.javafx.event.CompositeEventHandler.dispatchBubblingEvent(CompositeEventHandler.java:80)
	at com.sun.javafx.event.EventHandlerManager.dispatchBubblingEvent(EventHandlerManager.java:234)
	at com.sun.javafx.event.EventHandlerManager.dispatchBubblingEvent(EventHandlerManager.java:191)
	at com.sun.javafx.event.CompositeEventDispatcher.dispatchBubblingEvent(CompositeEventDispatcher.java:59)
	at com.sun.javafx.event.BasicEventDispatcher.dispatchEvent(BasicEventDispatcher.java:58)
	at com.sun.javafx.event.EventDispatchChainImpl.dispatchEvent(EventDispatchChainImpl.java:114)
	at com.sun.javafx.event.BasicEventDispatcher.dispatchEvent(BasicEventDispatcher.java:56)
	at com.sun.javafx.event.EventDispatchChainImpl.dispatchEvent(EventDispatchChainImpl.java:114)
	at com.sun.javafx.event.BasicEventDispatcher.dispatchEvent(BasicEventDispatcher.java:56)
	at com.sun.javafx.event.EventDispatchChainImpl.dispatchEvent(EventDispatchChainImpl.java:114)
	at com.sun.javafx.event.EventUtil.fireEventImpl(EventUtil.java:74)
	at com.sun.javafx.event.EventUtil.fireEvent(EventUtil.java:54)
	at javafx.event.Event.fireEvent(Event.java:198)
	at javafx.scene.Scene$MouseHandler.process(Scene.java:3931)
	at javafx.scene.Scene.processMouseEvent(Scene.java:1918)
	at javafx.scene.Scene$ScenePeerListener.mouseEvent(Scene.java:2657)
	at com.sun.javafx.tk.quantum.GlassViewEventHandler$MouseEventNotification.run(GlassViewEventHandler.java:411)
	at com.sun.javafx.tk.quantum.GlassViewEventHandler$MouseEventNotification.run(GlassViewEventHandler.java:301)
	at java.base/java.security.AccessController.doPrivileged(AccessController.java:399)
	at com.sun.javafx.tk.quantum.GlassViewEventHandler.lambda$handleMouseEvent$2(GlassViewEventHandler.java:450)
	at com.sun.javafx.tk.quantum.QuantumToolkit.runWithoutRenderLock(QuantumToolkit.java:430)
	at com.sun.javafx.tk.quantum.GlassViewEventHandler.handleMouseEvent(GlassViewEventHandler.java:449)
	at com.sun.glass.ui.View.handleMouseEvent(View.java:551)
	at com.sun.glass.ui.View.notifyMouse(View.java:937)
	at com.sun.glass.ui.monocle.MonocleView.notifyMouse(MonocleView.java:116)
	... 22 common frames omitted
2026-07-10 15:29:53,232 [ERROR] from com.jpro.meta.tk.SceneInputListener in JavaFX Application Thread - Error while processing the input: MouseEventToken(MouseReleased,1354.4000244140625,780.0,MouseButtonToken(3),false,false,false,false,false,false,false,false) app: stage title: 練習モード
java.lang.reflect.InvocationTargetException: null
	at jdk.internal.reflect.GeneratedMethodAccessor9.invoke(Unknown Source)
	at java.base/jdk.internal.reflect.DelegatingMethodAccessorImpl.invoke(DelegatingMethodAccessorImpl.java:43)
	at java.base/java.lang.reflect.Method.invoke(Method.java:569)
	at simplefx.util.ReflectionUtil$UseReflection.applyDynamic(ReflectionUtil.scala:21)
	at com.jpro.meta.tk.SceneInputListener.processInputInScene(SceneInputListener.scala:264)
	at com.jpro.meta.tk.SceneInputListener.processInput(SceneInputListener.scala:175)
	at com.jpro.meta.tk.SceneInputListener.processInputs(SceneInputListener.scala:108)
	at com.jpro.meta.tk.SceneInputListener.$anonfun$new$4(SceneInputListener.scala:42)
	at simplefx.cores.standard.parts.CoreTimeEvent$$anon$3.run(CoreTimeEvent.scala:62)
	at com.sun.javafx.application.PlatformImpl.lambda$runLater$10(PlatformImpl.java:457)
	at java.base/java.security.AccessController.doPrivileged(AccessController.java:399)
	at com.sun.javafx.application.PlatformImpl.lambda$runLater$11(PlatformImpl.java:456)
	at com.sun.glass.ui.monocle.RunnableProcessor.runLoop(RunnableProcessor.java:92)
	at com.sun.glass.ui.monocle.RunnableProcessor.run(RunnableProcessor.java:51)
	at java.base/java.lang.Thread.run(Thread.java:840)
Caused by: java.lang.reflect.InvocationTargetException: null
	at jdk.internal.reflect.GeneratedMethodAccessor10.invoke(Unknown Source)
	at java.base/jdk.internal.reflect.DelegatingMethodAccessorImpl.invoke(DelegatingMethodAccessorImpl.java:43)
	at java.base/java.lang.reflect.Method.invoke(Method.java:569)
	at simplefx.util.ReflectionUtil$UseReflection.applyDynamic(ReflectionUtil.scala:21)
	at com.sun.glass.ui.monocle.input.fork.NativeMouseInput.notifyMouse(NativeMouseInput.scala:330)
	at com.sun.glass.ui.monocle.input.fork.NativeMouseInput.postMouseEvent(NativeMouseInput.scala:226)
	at com.sun.glass.ui.monocle.input.fork.NativeMouseInput.setState(NativeMouseInput.scala:186)
	... 15 common frames omitted
Caused by: java.lang.NullPointerException: Cannot invoke "javafx.scene.media.AudioClip.stop()" because "this.cancelSound" is null
	at story.Practice.lambda$createScene$8(Practice.java:152)
	at com.sun.javafx.event.CompositeEventHandler.dispatchBubblingEvent(CompositeEventHandler.java:86)
	at com.sun.javafx.event.EventHandlerManager.dispatchBubblingEvent(EventHandlerManager.java:234)
	at com.sun.javafx.event.EventHandlerManager.dispatchBubblingEvent(EventHandlerManager.java:191)
	at com.sun.javafx.event.CompositeEventDispatcher.dispatchBubblingEvent(CompositeEventDispatcher.java:59)
	at com.sun.javafx.event.BasicEventDispatcher.dispatchEvent(BasicEventDispatcher.java:58)
	at com.sun.javafx.event.EventDispatchChainImpl.dispatchEvent(EventDispatchChainImpl.java:114)
	at com.sun.javafx.event.BasicEventDispatcher.dispatchEvent(BasicEventDispatcher.java:56)
	at com.sun.javafx.event.EventDispatchChainImpl.dispatchEvent(EventDispatchChainImpl.java:114)
	at com.sun.javafx.event.BasicEventDispatcher.dispatchEvent(BasicEventDispatcher.java:56)
	at com.sun.javafx.event.EventDispatchChainImpl.dispatchEvent(EventDispatchChainImpl.java:114)
	at com.sun.javafx.event.EventUtil.fireEventImpl(EventUtil.java:74)
	at com.sun.javafx.event.EventUtil.fireEvent(EventUtil.java:49)
	at javafx.event.Event.fireEvent(Event.java:198)
	at javafx.scene.Node.fireEvent(Node.java:8797)
	at javafx.scene.control.Button.fire(Button.java:203)
	at com.sun.javafx.scene.control.behavior.ButtonBehavior.mouseReleased(ButtonBehavior.java:208)
	at com.sun.javafx.scene.control.inputmap.InputMap.handle(InputMap.java:274)
	at com.sun.javafx.event.CompositeEventHandler$NormalEventHandlerRecord.handleBubblingEvent(CompositeEventHandler.java:247)
	at com.sun.javafx.event.CompositeEventHandler.dispatchBubblingEvent(CompositeEventHandler.java:80)
	at com.sun.javafx.event.EventHandlerManager.dispatchBubblingEvent(EventHandlerManager.java:234)
	at com.sun.javafx.event.EventHandlerManager.dispatchBubblingEvent(EventHandlerManager.java:191)
	at com.sun.javafx.event.CompositeEventDispatcher.dispatchBubblingEvent(CompositeEventDispatcher.java:59)
	at com.sun.javafx.event.BasicEventDispatcher.dispatchEvent(BasicEventDispatcher.java:58)
	at com.sun.javafx.event.EventDispatchChainImpl.dispatchEvent(EventDispatchChainImpl.java:114)
	at com.sun.javafx.event.BasicEventDispatcher.dispatchEvent(BasicEventDispatcher.java:56)
	at com.sun.javafx.event.EventDispatchChainImpl.dispatchEvent(EventDispatchChainImpl.java:114)
	at com.sun.javafx.event.BasicEventDispatcher.dispatchEvent(BasicEventDispatcher.java:56)
	at com.sun.javafx.event.EventDispatchChainImpl.dispatchEvent(EventDispatchChainImpl.java:114)
	at com.sun.javafx.event.EventUtil.fireEventImpl(EventUtil.java:74)
	at com.sun.javafx.event.EventUtil.fireEvent(EventUtil.java:54)
	at javafx.event.Event.fireEvent(Event.java:198)
	at javafx.scene.Scene$MouseHandler.process(Scene.java:3931)
	at javafx.scene.Scene.processMouseEvent(Scene.java:1918)
	at javafx.scene.Scene$ScenePeerListener.mouseEvent(Scene.java:2657)
	at com.sun.javafx.tk.quantum.GlassViewEventHandler$MouseEventNotification.run(GlassViewEventHandler.java:411)
	at com.sun.javafx.tk.quantum.GlassViewEventHandler$MouseEventNotification.run(GlassViewEventHandler.java:301)
	at java.base/java.security.AccessController.doPrivileged(AccessController.java:399)
	at com.sun.javafx.tk.quantum.GlassViewEventHandler.lambda$handleMouseEvent$2(GlassViewEventHandler.java:450)
	at com.sun.javafx.tk.quantum.QuantumToolkit.runWithoutRenderLock(QuantumToolkit.java:430)
	at com.sun.javafx.tk.quantum.GlassViewEventHandler.handleMouseEvent(GlassViewEventHandler.java:449)
	at com.sun.glass.ui.View.handleMouseEvent(View.java:551)
	at com.sun.glass.ui.View.notifyMouse(View.java:937)
	at com.sun.glass.ui.monocle.MonocleView.notifyMouse(MonocleView.java:116)
	... 22 common frames omitted
2026-07-10 15:29:53,494 [ERROR] from com.jpro.meta.tk.SceneInputListener in JavaFX Application Thread - Error while processing the input: MouseEventToken(MouseMoved,1352.800048828125,779.2000122070312,MouseButtonToken(2),false,false,false,false,false,false,false,false) app: stage title: 練習モード
java.lang.reflect.InvocationTargetException: null
	at jdk.internal.reflect.GeneratedMethodAccessor9.invoke(Unknown Source)
	at java.base/jdk.internal.reflect.DelegatingMethodAccessorImpl.invoke(DelegatingMethodAccessorImpl.java:43)
	at java.base/java.lang.reflect.Method.invoke(Method.java:569)
	at simplefx.util.ReflectionUtil$UseReflection.applyDynamic(ReflectionUtil.scala:21)
	at com.jpro.meta.tk.SceneInputListener.processInputInScene(SceneInputListener.scala:264)
	at com.jpro.meta.tk.SceneInputListener.processInput(SceneInputListener.scala:178)
	at com.jpro.meta.tk.SceneInputListener.processInputs(SceneInputListener.scala:108)
	at com.jpro.meta.tk.SceneInputListener.$anonfun$new$4(SceneInputListener.scala:42)
	at simplefx.cores.standard.parts.CoreTimeEvent$$anon$3.run(CoreTimeEvent.scala:62)
	at com.sun.javafx.application.PlatformImpl.lambda$runLater$10(PlatformImpl.java:457)
	at java.base/java.security.AccessController.doPrivileged(AccessController.java:399)
	at com.sun.javafx.application.PlatformImpl.lambda$runLater$11(PlatformImpl.java:456)
	at com.sun.glass.ui.monocle.RunnableProcessor.runLoop(RunnableProcessor.java:92)
	at com.sun.glass.ui.monocle.RunnableProcessor.run(RunnableProcessor.java:51)
	at java.base/java.lang.Thread.run(Thread.java:840)
Caused by: java.lang.reflect.InvocationTargetException: null
	at jdk.internal.reflect.GeneratedMethodAccessor10.invoke(Unknown Source)
	at java.base/jdk.internal.reflect.DelegatingMethodAccessorImpl.invoke(DelegatingMethodAccessorImpl.java:43)
	at java.base/java.lang.reflect.Method.invoke(Method.java:569)
	at simplefx.util.ReflectionUtil$UseReflection.applyDynamic(ReflectionUtil.scala:21)
	at com.sun.glass.ui.monocle.input.fork.NativeMouseInput.notifyMouse(NativeMouseInput.scala:330)
	at com.sun.glass.ui.monocle.input.fork.NativeMouseInput.postMouseEvent(NativeMouseInput.scala:226)
	at com.sun.glass.ui.monocle.input.fork.NativeMouseInput.setState(NativeMouseInput.scala:186)
	... 15 common frames omitted
Caused by: java.lang.NullPointerException: Cannot invoke "javafx.scene.media.AudioClip.stop()" because "this.cancelSound" is null
	at story.Practice.lambda$createScene$8(Practice.java:152)
	at com.sun.javafx.event.CompositeEventHandler.dispatchBubblingEvent(CompositeEventHandler.java:86)
	at com.sun.javafx.event.EventHandlerManager.dispatchBubblingEvent(EventHandlerManager.java:234)
	at com.sun.javafx.event.EventHandlerManager.dispatchBubblingEvent(EventHandlerManager.java:191)
	at com.sun.javafx.event.CompositeEventDispatcher.dispatchBubblingEvent(CompositeEventDispatcher.java:59)
	at com.sun.javafx.event.BasicEventDispatcher.dispatchEvent(BasicEventDispatcher.java:58)
	at com.sun.javafx.event.EventDispatchChainImpl.dispatchEvent(EventDispatchChainImpl.java:114)
	at com.sun.javafx.event.BasicEventDispatcher.dispatchEvent(BasicEventDispatcher.java:56)
	at com.sun.javafx.event.EventDispatchChainImpl.dispatchEvent(EventDispatchChainImpl.java:114)
	at com.sun.javafx.event.BasicEventDispatcher.dispatchEvent(BasicEventDispatcher.java:56)
	at com.sun.javafx.event.EventDispatchChainImpl.dispatchEvent(EventDispatchChainImpl.java:114)
	at com.sun.javafx.event.EventUtil.fireEventImpl(EventUtil.java:74)
	at com.sun.javafx.event.EventUtil.fireEvent(EventUtil.java:49)
	at javafx.event.Event.fireEvent(Event.java:198)
	at javafx.scene.Node.fireEvent(Node.java:8797)
	at javafx.scene.control.Button.fire(Button.java:203)
	at com.sun.javafx.scene.control.behavior.ButtonBehavior.mouseReleased(ButtonBehavior.java:208)
	at com.sun.javafx.scene.control.inputmap.InputMap.handle(InputMap.java:274)
	at com.sun.javafx.event.CompositeEventHandler$NormalEventHandlerRecord.handleBubblingEvent(CompositeEventHandler.java:247)
	at com.sun.javafx.event.CompositeEventHandler.dispatchBubblingEvent(CompositeEventHandler.java:80)
	at com.sun.javafx.event.EventHandlerManager.dispatchBubblingEvent(EventHandlerManager.java:234)
	at com.sun.javafx.event.EventHandlerManager.dispatchBubblingEvent(EventHandlerManager.java:191)
	at com.sun.javafx.event.CompositeEventDispatcher.dispatchBubblingEvent(CompositeEventDispatcher.java:59)
	at com.sun.javafx.event.BasicEventDispatcher.dispatchEvent(BasicEventDispatcher.java:58)
	at com.sun.javafx.event.EventDispatchChainImpl.dispatchEvent(EventDispatchChainImpl.java:114)
	at com.sun.javafx.event.BasicEventDispatcher.dispatchEvent(BasicEventDispatcher.java:56)
	at com.sun.javafx.event.EventDispatchChainImpl.dispatchEvent(EventDispatchChainImpl.java:114)
	at com.sun.javafx.event.BasicEventDispatcher.dispatchEvent(BasicEventDispatcher.java:56)
	at com.sun.javafx.event.EventDispatchChainImpl.dispatchEvent(EventDispatchChainImpl.java:114)
	at com.sun.javafx.event.EventUtil.fireEventImpl(EventUtil.java:74)
	at com.sun.javafx.event.EventUtil.fireEvent(EventUtil.java:54)
	at javafx.event.Event.fireEvent(Event.java:198)
	at javafx.scene.Scene$MouseHandler.process(Scene.java:3931)
	at javafx.scene.Scene.processMouseEvent(Scene.java:1918)
	at javafx.scene.Scene$ScenePeerListener.mouseEvent(Scene.java:2657)
	at com.sun.javafx.tk.quantum.GlassViewEventHandler$MouseEventNotification.run(GlassViewEventHandler.java:411)
	at com.sun.javafx.tk.quantum.GlassViewEventHandler$MouseEventNotification.run(GlassViewEventHandler.java:301)
	at java.base/java.security.AccessController.doPrivileged(AccessController.java:399)
	at com.sun.javafx.tk.quantum.GlassViewEventHandler.lambda$handleMouseEvent$2(GlassViewEventHandler.java:450)
	at com.sun.javafx.tk.quantum.QuantumToolkit.runWithoutRenderLock(QuantumToolkit.java:430)
	at com.sun.javafx.tk.quantum.GlassViewEventHandler.handleMouseEvent(GlassViewEventHandler.java:449)
	at com.sun.glass.ui.View.handleMouseEvent(View.java:551)
	at com.sun.glass.ui.View.notifyMouse(View.java:937)
	at com.sun.glass.ui.monocle.MonocleView.notifyMouse(MonocleView.java:116)
	... 22 common frames omitted
2026-07-10 15:29:53,507 [ERROR] from com.jpro.meta.tk.SceneInputListener in JavaFX Application Thread - Error while processing the input: MouseEventToken(MouseMoved,1324.0,740.0,MouseButtonToken(2),false,false,false,false,false,false,false,false) app: stage title: 練習モード
java.lang.reflect.InvocationTargetException: null
	at jdk.internal.reflect.GeneratedMethodAccessor9.invoke(Unknown Source)
	at java.base/jdk.internal.reflect.DelegatingMethodAccessorImpl.invoke(DelegatingMethodAccessorImpl.java:43)
	at java.base/java.lang.reflect.Method.invoke(Method.java:569)
	at simplefx.util.ReflectionUtil$UseReflection.applyDynamic(ReflectionUtil.scala:21)
	at com.jpro.meta.tk.SceneInputListener.processInputInScene(SceneInputListener.scala:264)
	at com.jpro.meta.tk.SceneInputListener.processInput(SceneInputListener.scala:178)
	at com.jpro.meta.tk.SceneInputListener.processInputs(SceneInputListener.scala:108)
	at com.jpro.meta.tk.SceneInputListener.$anonfun$new$4(SceneInputListener.scala:42)
	at simplefx.cores.standard.parts.CoreTimeEvent$$anon$3.run(CoreTimeEvent.scala:62)
	at com.sun.javafx.application.PlatformImpl.lambda$runLater$10(PlatformImpl.java:457)
	at java.base/java.security.AccessController.doPrivileged(AccessController.java:399)
	at com.sun.javafx.application.PlatformImpl.lambda$runLater$11(PlatformImpl.java:456)
	at com.sun.glass.ui.monocle.RunnableProcessor.runLoop(RunnableProcessor.java:92)
	at com.sun.glass.ui.monocle.RunnableProcessor.run(RunnableProcessor.java:51)
	at java.base/java.lang.Thread.run(Thread.java:840)
Caused by: java.lang.reflect.InvocationTargetException: null
	at jdk.internal.reflect.GeneratedMethodAccessor10.invoke(Unknown Source)
	at java.base/jdk.internal.reflect.DelegatingMethodAccessorImpl.invoke(DelegatingMethodAccessorImpl.java:43)
	at java.base/java.lang.reflect.Method.invoke(Method.java:569)
	at simplefx.util.ReflectionUtil$UseReflection.applyDynamic(ReflectionUtil.scala:21)
	at com.sun.glass.ui.monocle.input.fork.NativeMouseInput.notifyMouse(NativeMouseInput.scala:330)
	at com.sun.glass.ui.monocle.input.fork.NativeMouseInput.postMouseEvent(NativeMouseInput.scala:226)
	at com.sun.glass.ui.monocle.input.fork.NativeMouseInput.setState(NativeMouseInput.scala:186)
	... 15 common frames omitted
Caused by: java.lang.NullPointerException: Cannot invoke "javafx.scene.media.AudioClip.stop()" because "this.cancelSound" is null
	at story.Practice.lambda$createScene$8(Practice.java:152)
	at com.sun.javafx.event.CompositeEventHandler.dispatchBubblingEvent(CompositeEventHandler.java:86)
	at com.sun.javafx.event.EventHandlerManager.dispatchBubblingEvent(EventHandlerManager.java:234)
	at com.sun.javafx.event.EventHandlerManager.dispatchBubblingEvent(EventHandlerManager.java:191)
	at com.sun.javafx.event.CompositeEventDispatcher.dispatchBubblingEvent(CompositeEventDispatcher.java:59)
	at com.sun.javafx.event.BasicEventDispatcher.dispatchEvent(BasicEventDispatcher.java:58)
	at com.sun.javafx.event.EventDispatchChainImpl.dispatchEvent(EventDispatchChainImpl.java:114)
	at com.sun.javafx.event.BasicEventDispatcher.dispatchEvent(BasicEventDispatcher.java:56)
	at com.sun.javafx.event.EventDispatchChainImpl.dispatchEvent(EventDispatchChainImpl.java:114)
	at com.sun.javafx.event.BasicEventDispatcher.dispatchEvent(BasicEventDispatcher.java:56)
	at com.sun.javafx.event.EventDispatchChainImpl.dispatchEvent(EventDispatchChainImpl.java:114)
	at com.sun.javafx.event.EventUtil.fireEventImpl(EventUtil.java:74)
	at com.sun.javafx.event.EventUtil.fireEvent(EventUtil.java:49)
	at javafx.event.Event.fireEvent(Event.java:198)
	at javafx.scene.Node.fireEvent(Node.java:8797)
	at javafx.scene.control.Button.fire(Button.java:203)
	at com.sun.javafx.scene.control.behavior.ButtonBehavior.mouseReleased(ButtonBehavior.java:208)
	at com.sun.javafx.scene.control.inputmap.InputMap.handle(InputMap.java:274)
	at com.sun.javafx.event.CompositeEventHandler$NormalEventHandlerRecord.handleBubblingEvent(CompositeEventHandler.java:247)
	at com.sun.javafx.event.CompositeEventHandler.dispatchBubblingEvent(CompositeEventHandler.java:80)
	at com.sun.javafx.event.EventHandlerManager.dispatchBubblingEvent(EventHandlerManager.java:234)
	at com.sun.javafx.event.EventHandlerManager.dispatchBubblingEvent(EventHandlerManager.java:191)
	at com.sun.javafx.event.CompositeEventDispatcher.dispatchBubblingEvent(CompositeEventDispatcher.java:59)
	at com.sun.javafx.event.BasicEventDispatcher.dispatchEvent(BasicEventDispatcher.java:58)
	at com.sun.javafx.event.EventDispatchChainImpl.dispatchEvent(EventDispatchChainImpl.java:114)
	at com.sun.javafx.event.BasicEventDispatcher.dispatchEvent(BasicEventDispatcher.java:56)
	at com.sun.javafx.event.EventDispatchChainImpl.dispatchEvent(EventDispatchChainImpl.java:114)
	at com.sun.javafx.event.BasicEventDispatcher.dispatchEvent(BasicEventDispatcher.java:56)
	at com.sun.javafx.event.EventDispatchChainImpl.dispatchEvent(EventDispatchChainImpl.java:114)
	at com.sun.javafx.event.EventUtil.fireEventImpl(EventUtil.java:74)
	at com.sun.javafx.event.EventUtil.fireEvent(EventUtil.java:54)
	at javafx.event.Event.fireEvent(Event.java:198)
	at javafx.scene.Scene$MouseHandler.process(Scene.java:3931)
	at javafx.scene.Scene.processMouseEvent(Scene.java:1918)
	at javafx.scene.Scene$ScenePeerListener.mouseEvent(Scene.java:2657)
	at com.sun.javafx.tk.quantum.GlassViewEventHandler$MouseEventNotification.run(GlassViewEventHandler.java:411)
	at com.sun.javafx.tk.quantum.GlassViewEventHandler$MouseEventNotification.run(GlassViewEventHandler.java:301)
	at java.base/java.security.AccessController.doPrivileged(AccessController.java:399)
	at com.sun.javafx.tk.quantum.GlassViewEventHandler.lambda$handleMouseEvent$2(GlassViewEventHandler.java:450)
	at com.sun.javafx.tk.quantum.QuantumToolkit.runWithoutRenderLock(QuantumToolkit.java:430)
	at com.sun.javafx.tk.quantum.GlassViewEventHandler.handleMouseEvent(GlassViewEventHandler.java:449)
	at com.sun.glass.ui.View.handleMouseEvent(View.java:551)
	at com.sun.glass.ui.View.notifyMouse(View.java:937)
	at com.sun.glass.ui.monocle.MonocleView.notifyMouse(MonocleView.java:116)
	... 22 common frames omitted
2026-07-10 15:30:07,134 [ERROR] from com.jpro.meta.tk.SceneInputListener in JavaFX Application Thread - Error while processing the input: MouseEventToken(MouseReleased,1247.2000732421875,764.0,MouseButtonToken(3),false,false,false,false,false,false,false,false) app: stage title: 練習モード
java.lang.reflect.InvocationTargetException: null
	at jdk.internal.reflect.GeneratedMethodAccessor9.invoke(Unknown Source)
	at java.base/jdk.internal.reflect.DelegatingMethodAccessorImpl.invoke(DelegatingMethodAccessorImpl.java:43)
	at java.base/java.lang.reflect.Method.invoke(Method.java:569)
	at simplefx.util.ReflectionUtil$UseReflection.applyDynamic(ReflectionUtil.scala:21)
	at com.jpro.meta.tk.SceneInputListener.processInputInScene(SceneInputListener.scala:264)
	at com.jpro.meta.tk.SceneInputListener.processInput(SceneInputListener.scala:175)
	at com.jpro.meta.tk.SceneInputListener.processInputs(SceneInputListener.scala:108)
	at com.jpro.meta.tk.SceneInputListener.$anonfun$new$4(SceneInputListener.scala:42)
	at simplefx.cores.standard.parts.CoreTimeEvent$$anon$3.run(CoreTimeEvent.scala:62)
	at com.sun.javafx.application.PlatformImpl.lambda$runLater$10(PlatformImpl.java:457)
	at java.base/java.security.AccessController.doPrivileged(AccessController.java:399)
	at com.sun.javafx.application.PlatformImpl.lambda$runLater$11(PlatformImpl.java:456)
	at com.sun.glass.ui.monocle.RunnableProcessor.runLoop(RunnableProcessor.java:92)
	at com.sun.glass.ui.monocle.RunnableProcessor.run(RunnableProcessor.java:51)
	at java.base/java.lang.Thread.run(Thread.java:840)
Caused by: java.lang.reflect.InvocationTargetException: null
	at jdk.internal.reflect.GeneratedMethodAccessor10.invoke(Unknown Source)
	at java.base/jdk.internal.reflect.DelegatingMethodAccessorImpl.invoke(DelegatingMethodAccessorImpl.java:43)
	at java.base/java.lang.reflect.Method.invoke(Method.java:569)
	at simplefx.util.ReflectionUtil$UseReflection.applyDynamic(ReflectionUtil.scala:21)
	at com.sun.glass.ui.monocle.input.fork.NativeMouseInput.notifyMouse(NativeMouseInput.scala:330)
	at com.sun.glass.ui.monocle.input.fork.NativeMouseInput.postMouseEvent(NativeMouseInput.scala:226)
	at com.sun.glass.ui.monocle.input.fork.NativeMouseInput.setState(NativeMouseInput.scala:186)
	... 15 common frames omitted
Caused by: java.lang.NullPointerException: Cannot invoke "javafx.scene.media.AudioClip.stop()" because "this.cancelSound" is null
	at story.Practice.lambda$createScene$8(Practice.java:152)
	at com.sun.javafx.event.CompositeEventHandler.dispatchBubblingEvent(CompositeEventHandler.java:86)
	at com.sun.javafx.event.EventHandlerManager.dispatchBubblingEvent(EventHandlerManager.java:234)
	at com.sun.javafx.event.EventHandlerManager.dispatchBubblingEvent(EventHandlerManager.java:191)
	at com.sun.javafx.event.CompositeEventDispatcher.dispatchBubblingEvent(CompositeEventDispatcher.java:59)
	at com.sun.javafx.event.BasicEventDispatcher.dispatchEvent(BasicEventDispatcher.java:58)
	at com.sun.javafx.event.EventDispatchChainImpl.dispatchEvent(EventDispatchChainImpl.java:114)
	at com.sun.javafx.event.BasicEventDispatcher.dispatchEvent(BasicEventDispatcher.java:56)
	at com.sun.javafx.event.EventDispatchChainImpl.dispatchEvent(EventDispatchChainImpl.java:114)
	at com.sun.javafx.event.BasicEventDispatcher.dispatchEvent(BasicEventDispatcher.java:56)
	at com.sun.javafx.event.EventDispatchChainImpl.dispatchEvent(EventDispatchChainImpl.java:114)
	at com.sun.javafx.event.EventUtil.fireEventImpl(EventUtil.java:74)
	at com.sun.javafx.event.EventUtil.fireEvent(EventUtil.java:49)
	at javafx.event.Event.fireEvent(Event.java:198)
	at javafx.scene.Node.fireEvent(Node.java:8797)
	at javafx.scene.control.Button.fire(Button.java:203)
	at com.sun.javafx.scene.control.behavior.ButtonBehavior.mouseReleased(ButtonBehavior.java:208)
	at com.sun.javafx.scene.control.inputmap.InputMap.handle(InputMap.java:274)
	at com.sun.javafx.event.CompositeEventHandler$NormalEventHandlerRecord.handleBubblingEvent(CompositeEventHandler.java:247)
	at com.sun.javafx.event.CompositeEventHandler.dispatchBubblingEvent(CompositeEventHandler.java:80)
	at com.sun.javafx.event.EventHandlerManager.dispatchBubblingEvent(EventHandlerManager.java:234)
	at com.sun.javafx.event.EventHandlerManager.dispatchBubblingEvent(EventHandlerManager.java:191)
	at com.sun.javafx.event.CompositeEventDispatcher.dispatchBubblingEvent(CompositeEventDispatcher.java:59)
	at com.sun.javafx.event.BasicEventDispatcher.dispatchEvent(BasicEventDispatcher.java:58)
	at com.sun.javafx.event.EventDispatchChainImpl.dispatchEvent(EventDispatchChainImpl.java:114)
	at com.sun.javafx.event.BasicEventDispatcher.dispatchEvent(BasicEventDispatcher.java:56)
	at com.sun.javafx.event.EventDispatchChainImpl.dispatchEvent(EventDispatchChainImpl.java:114)
	at com.sun.javafx.event.BasicEventDispatcher.dispatchEvent(BasicEventDispatcher.java:56)
	at com.sun.javafx.event.EventDispatchChainImpl.dispatchEvent(EventDispatchChainImpl.java:114)
	at com.sun.javafx.event.EventUtil.fireEventImpl(EventUtil.java:74)
	at com.sun.javafx.event.EventUtil.fireEvent(EventUtil.java:54)
	at javafx.event.Event.fireEvent(Event.java:198)
	at javafx.scene.Scene$MouseHandler.process(Scene.java:3931)
	at javafx.scene.Scene.processMouseEvent(Scene.java:1918)
	at javafx.scene.Scene$ScenePeerListener.mouseEvent(Scene.java:2657)
	at com.sun.javafx.tk.quantum.GlassViewEventHandler$MouseEventNotification.run(GlassViewEventHandler.java:411)
	at com.sun.javafx.tk.quantum.GlassViewEventHandler$MouseEventNotification.run(GlassViewEventHandler.java:301)
	at java.base/java.security.AccessController.doPrivileged(AccessController.java:399)
	at com.sun.javafx.tk.quantum.GlassViewEventHandler.lambda$handleMouseEvent$2(GlassViewEventHandler.java:450)
	at com.sun.javafx.tk.quantum.QuantumToolkit.runWithoutRenderLock(QuantumToolkit.java:430)
	at com.sun.javafx.tk.quantum.GlassViewEventHandler.handleMouseEvent(GlassViewEventHandler.java:449)
	at com.sun.glass.ui.View.handleMouseEvent(View.java:551)
	at com.sun.glass.ui.View.notifyMouse(View.java:937)
	at com.sun.glass.ui.monocle.MonocleView.notifyMouse(MonocleView.java:116)
	... 22 common frames omitted
2026-07-10 15:30:07,153 [ERROR] from com.jpro.meta.tk.SceneInputListener in JavaFX Application Thread - Error while processing the input: MouseEventToken(MouseMoved,1247.2000732421875,764.0,MouseButtonToken(2),false,false,false,false,false,false,false,false) app: stage title: 練習モード
java.lang.reflect.InvocationTargetException: null
	at jdk.internal.reflect.GeneratedMethodAccessor9.invoke(Unknown Source)
	at java.base/jdk.internal.reflect.DelegatingMethodAccessorImpl.invoke(DelegatingMethodAccessorImpl.java:43)
	at java.base/java.lang.reflect.Method.invoke(Method.java:569)
	at simplefx.util.ReflectionUtil$UseReflection.applyDynamic(ReflectionUtil.scala:21)
	at com.jpro.meta.tk.SceneInputListener.processInputInScene(SceneInputListener.scala:264)
	at com.jpro.meta.tk.SceneInputListener.processInput(SceneInputListener.scala:178)
	at com.jpro.meta.tk.SceneInputListener.processInputs(SceneInputListener.scala:108)
	at com.jpro.meta.tk.SceneInputListener.$anonfun$new$4(SceneInputListener.scala:42)
	at simplefx.cores.standard.parts.CoreTimeEvent$$anon$3.run(CoreTimeEvent.scala:62)
	at com.sun.javafx.application.PlatformImpl.lambda$runLater$10(PlatformImpl.java:457)
	at java.base/java.security.AccessController.doPrivileged(AccessController.java:399)
	at com.sun.javafx.application.PlatformImpl.lambda$runLater$11(PlatformImpl.java:456)
	at com.sun.glass.ui.monocle.RunnableProcessor.runLoop(RunnableProcessor.java:92)
	at com.sun.glass.ui.monocle.RunnableProcessor.run(RunnableProcessor.java:51)
	at java.base/java.lang.Thread.run(Thread.java:840)
Caused by: java.lang.reflect.InvocationTargetException: null
	at jdk.internal.reflect.GeneratedMethodAccessor10.invoke(Unknown Source)
	at java.base/jdk.internal.reflect.DelegatingMethodAccessorImpl.invoke(DelegatingMethodAccessorImpl.java:43)
	at java.base/java.lang.reflect.Method.invoke(Method.java:569)
	at simplefx.util.ReflectionUtil$UseReflection.applyDynamic(ReflectionUtil.scala:21)
	at com.sun.glass.ui.monocle.input.fork.NativeMouseInput.notifyMouse(NativeMouseInput.scala:330)
	at com.sun.glass.ui.monocle.input.fork.NativeMouseInput.postMouseEvent(NativeMouseInput.scala:226)
	at com.sun.glass.ui.monocle.input.fork.NativeMouseInput.setState(NativeMouseInput.scala:186)
	... 15 common frames omitted
Caused by: java.lang.NullPointerException: Cannot invoke "javafx.scene.media.AudioClip.stop()" because "this.cancelSound" is null
	at story.Practice.lambda$createScene$8(Practice.java:152)
	at com.sun.javafx.event.CompositeEventHandler.dispatchBubblingEvent(CompositeEventHandler.java:86)
	at com.sun.javafx.event.EventHandlerManager.dispatchBubblingEvent(EventHandlerManager.java:234)
	at com.sun.javafx.event.EventHandlerManager.dispatchBubblingEvent(EventHandlerManager.java:191)
	at com.sun.javafx.event.CompositeEventDispatcher.dispatchBubblingEvent(CompositeEventDispatcher.java:59)
	at com.sun.javafx.event.BasicEventDispatcher.dispatchEvent(BasicEventDispatcher.java:58)
	at com.sun.javafx.event.EventDispatchChainImpl.dispatchEvent(EventDispatchChainImpl.java:114)
	at com.sun.javafx.event.BasicEventDispatcher.dispatchEvent(BasicEventDispatcher.java:56)
	at com.sun.javafx.event.EventDispatchChainImpl.dispatchEvent(EventDispatchChainImpl.java:114)
	at com.sun.javafx.event.BasicEventDispatcher.dispatchEvent(BasicEventDispatcher.java:56)
	at com.sun.javafx.event.EventDispatchChainImpl.dispatchEvent(EventDispatchChainImpl.java:114)
	at com.sun.javafx.event.EventUtil.fireEventImpl(EventUtil.java:74)
	at com.sun.javafx.event.EventUtil.fireEvent(EventUtil.java:49)
	at javafx.event.Event.fireEvent(Event.java:198)
	at javafx.scene.Node.fireEvent(Node.java:8797)
	at javafx.scene.control.Button.fire(Button.java:203)
	at com.sun.javafx.scene.control.behavior.ButtonBehavior.mouseReleased(ButtonBehavior.java:208)
	at com.sun.javafx.scene.control.inputmap.InputMap.handle(InputMap.java:274)
	at com.sun.javafx.event.CompositeEventHandler$NormalEventHandlerRecord.handleBubblingEvent(CompositeEventHandler.java:247)
	at com.sun.javafx.event.CompositeEventHandler.dispatchBubblingEvent(CompositeEventHandler.java:80)
	at com.sun.javafx.event.EventHandlerManager.dispatchBubblingEvent(EventHandlerManager.java:234)
	at com.sun.javafx.event.EventHandlerManager.dispatchBubblingEvent(EventHandlerManager.java:191)
	at com.sun.javafx.event.CompositeEventDispatcher.dispatchBubblingEvent(CompositeEventDispatcher.java:59)
	at com.sun.javafx.event.BasicEventDispatcher.dispatchEvent(BasicEventDispatcher.java:58)
	at com.sun.javafx.event.EventDispatchChainImpl.dispatchEvent(EventDispatchChainImpl.java:114)
	at com.sun.javafx.event.BasicEventDispatcher.dispatchEvent(BasicEventDispatcher.java:56)
	at com.sun.javafx.event.EventDispatchChainImpl.dispatchEvent(EventDispatchChainImpl.java:114)
	at com.sun.javafx.event.BasicEventDispatcher.dispatchEvent(BasicEventDispatcher.java:56)
	at com.sun.javafx.event.EventDispatchChainImpl.dispatchEvent(EventDispatchChainImpl.java:114)
	at com.sun.javafx.event.EventUtil.fireEventImpl(EventUtil.java:74)
	at com.sun.javafx.event.EventUtil.fireEvent(EventUtil.java:54)
	at javafx.event.Event.fireEvent(Event.java:198)
	at javafx.scene.Scene$MouseHandler.process(Scene.java:3931)
	at javafx.scene.Scene.processMouseEvent(Scene.java:1918)
	at javafx.scene.Scene$ScenePeerListener.mouseEvent(Scene.java:2657)
	at com.sun.javafx.tk.quantum.GlassViewEventHandler$MouseEventNotification.run(GlassViewEventHandler.java:411)
	at com.sun.javafx.tk.quantum.GlassViewEventHandler$MouseEventNotification.run(GlassViewEventHandler.java:301)
	at java.base/java.security.AccessController.doPrivileged(AccessController.java:399)
	at com.sun.javafx.tk.quantum.GlassViewEventHandler.lambda$handleMouseEvent$2(GlassViewEventHandler.java:450)
	at com.sun.javafx.tk.quantum.QuantumToolkit.runWithoutRenderLock(QuantumToolkit.java:430)
	at com.sun.javafx.tk.quantum.GlassViewEventHandler.handleMouseEvent(GlassViewEventHandler.java:449)
	at com.sun.glass.ui.View.handleMouseEvent(View.java:551)
	at com.sun.glass.ui.View.notifyMouse(View.java:937)
	at com.sun.glass.ui.monocle.MonocleView.notifyMouse(MonocleView.java:116)
	... 22 common frames omitted
2026-07-10 15:30:07,336 [ERROR] from com.jpro.meta.tk.SceneInputListener in JavaFX Application Thread - Error while processing the input: MouseEventToken(MouseMoved,1245.5999755859375,760.7999877929688,MouseButtonToken(2),false,false,false,false,false,false,false,false) app: stage title: 練習モード
java.lang.reflect.InvocationTargetException: null
	at jdk.internal.reflect.GeneratedMethodAccessor9.invoke(Unknown Source)
	at java.base/jdk.internal.reflect.DelegatingMethodAccessorImpl.invoke(DelegatingMethodAccessorImpl.java:43)
	at java.base/java.lang.reflect.Method.invoke(Method.java:569)
	at simplefx.util.ReflectionUtil$UseReflection.applyDynamic(ReflectionUtil.scala:21)
	at com.jpro.meta.tk.SceneInputListener.processInputInScene(SceneInputListener.scala:264)
	at com.jpro.meta.tk.SceneInputListener.processInput(SceneInputListener.scala:178)
	at com.jpro.meta.tk.SceneInputListener.processInputs(SceneInputListener.scala:108)
	at com.jpro.meta.tk.SceneInputListener.$anonfun$new$4(SceneInputListener.scala:42)
	at simplefx.cores.standard.parts.CoreTimeEvent$$anon$3.run(CoreTimeEvent.scala:62)
	at com.sun.javafx.application.PlatformImpl.lambda$runLater$10(PlatformImpl.java:457)
	at java.base/java.security.AccessController.doPrivileged(AccessController.java:399)
	at com.sun.javafx.application.PlatformImpl.lambda$runLater$11(PlatformImpl.java:456)
	at com.sun.glass.ui.monocle.RunnableProcessor.runLoop(RunnableProcessor.java:92)
	at com.sun.glass.ui.monocle.RunnableProcessor.run(RunnableProcessor.java:51)
	at java.base/java.lang.Thread.run(Thread.java:840)
Caused by: java.lang.reflect.InvocationTargetException: null
	at jdk.internal.reflect.GeneratedMethodAccessor10.invoke(Unknown Source)
	at java.base/jdk.internal.reflect.DelegatingMethodAccessorImpl.invoke(DelegatingMethodAccessorImpl.java:43)
	at java.base/java.lang.reflect.Method.invoke(Method.java:569)
	at simplefx.util.ReflectionUtil$UseReflection.applyDynamic(ReflectionUtil.scala:21)
	at com.sun.glass.ui.monocle.input.fork.NativeMouseInput.notifyMouse(NativeMouseInput.scala:330)
	at com.sun.glass.ui.monocle.input.fork.NativeMouseInput.postMouseEvent(NativeMouseInput.scala:226)
	at com.sun.glass.ui.monocle.input.fork.NativeMouseInput.setState(NativeMouseInput.scala:186)
	... 15 common frames omitted
Caused by: java.lang.NullPointerException: Cannot invoke "javafx.scene.media.AudioClip.stop()" because "this.cancelSound" is null
	at story.Practice.lambda$createScene$8(Practice.java:152)
	at com.sun.javafx.event.CompositeEventHandler.dispatchBubblingEvent(CompositeEventHandler.java:86)
	at com.sun.javafx.event.EventHandlerManager.dispatchBubblingEvent(EventHandlerManager.java:234)
	at com.sun.javafx.event.EventHandlerManager.dispatchBubblingEvent(EventHandlerManager.java:191)
	at com.sun.javafx.event.CompositeEventDispatcher.dispatchBubblingEvent(CompositeEventDispatcher.java:59)
	at com.sun.javafx.event.BasicEventDispatcher.dispatchEvent(BasicEventDispatcher.java:58)
	at com.sun.javafx.event.EventDispatchChainImpl.dispatchEvent(EventDispatchChainImpl.java:114)
	at com.sun.javafx.event.BasicEventDispatcher.dispatchEvent(BasicEventDispatcher.java:56)
	at com.sun.javafx.event.EventDispatchChainImpl.dispatchEvent(EventDispatchChainImpl.java:114)
	at com.sun.javafx.event.BasicEventDispatcher.dispatchEvent(BasicEventDispatcher.java:56)
	at com.sun.javafx.event.EventDispatchChainImpl.dispatchEvent(EventDispatchChainImpl.java:114)
	at com.sun.javafx.event.EventUtil.fireEventImpl(EventUtil.java:74)
	at com.sun.javafx.event.EventUtil.fireEvent(EventUtil.java:49)
	at javafx.event.Event.fireEvent(Event.java:198)
	at javafx.scene.Node.fireEvent(Node.java:8797)
	at javafx.scene.control.Button.fire(Button.java:203)
	at com.sun.javafx.scene.control.behavior.ButtonBehavior.mouseReleased(ButtonBehavior.java:208)
	at com.sun.javafx.scene.control.inputmap.InputMap.handle(InputMap.java:274)
	at com.sun.javafx.event.CompositeEventHandler$NormalEventHandlerRecord.handleBubblingEvent(CompositeEventHandler.java:247)
	at com.sun.javafx.event.CompositeEventHandler.dispatchBubblingEvent(CompositeEventHandler.java:80)
	at com.sun.javafx.event.EventHandlerManager.dispatchBubblingEvent(EventHandlerManager.java:234)
	at com.sun.javafx.event.EventHandlerManager.dispatchBubblingEvent(EventHandlerManager.java:191)
	at com.sun.javafx.event.CompositeEventDispatcher.dispatchBubblingEvent(CompositeEventDispatcher.java:59)
	at com.sun.javafx.event.BasicEventDispatcher.dispatchEvent(BasicEventDispatcher.java:58)
	at com.sun.javafx.event.EventDispatchChainImpl.dispatchEvent(EventDispatchChainImpl.java:114)
	at com.sun.javafx.event.BasicEventDispatcher.dispatchEvent(BasicEventDispatcher.java:56)
	at com.sun.javafx.event.EventDispatchChainImpl.dispatchEvent(EventDispatchChainImpl.java:114)
	at com.sun.javafx.event.BasicEventDispatcher.dispatchEvent(BasicEventDispatcher.java:56)
	at com.sun.javafx.event.EventDispatchChainImpl.dispatchEvent(EventDispatchChainImpl.java:114)
	at com.sun.javafx.event.EventUtil.fireEventImpl(EventUtil.java:74)
	at com.sun.javafx.event.EventUtil.fireEvent(EventUtil.java:54)
	at javafx.event.Event.fireEvent(Event.java:198)
	at javafx.scene.Scene$MouseHandler.process(Scene.java:3931)
	at javafx.scene.Scene.processMouseEvent(Scene.java:1918)
	at javafx.scene.Scene$ScenePeerListener.mouseEvent(Scene.java:2657)
	at com.sun.javafx.tk.quantum.GlassViewEventHandler$MouseEventNotification.run(GlassViewEventHandler.java:411)
	at com.sun.javafx.tk.quantum.GlassViewEventHandler$MouseEventNotification.run(GlassViewEventHandler.java:301)
	at java.base/java.security.AccessController.doPrivileged(AccessController.java:399)
	at com.sun.javafx.tk.quantum.GlassViewEventHandler.lambda$handleMouseEvent$2(GlassViewEventHandler.java:450)
	at com.sun.javafx.tk.quantum.QuantumToolkit.runWithoutRenderLock(QuantumToolkit.java:430)
	at com.sun.javafx.tk.quantum.GlassViewEventHandler.handleMouseEvent(GlassViewEventHandler.java:449)
	at com.sun.glass.ui.View.handleMouseEvent(View.java:551)
	at com.sun.glass.ui.View.notifyMouse(View.java:937)
	at com.sun.glass.ui.monocle.MonocleView.notifyMouse(MonocleView.java:116)
	... 22 common frames omitted
<<<<<<< HEAD
>>>>>>> branch 'jpro' of https://github.com/hayakawa-rai/GameApplication.git
=======
2026-07-10 15:32:16,762 [ERROR] from com.jpro.meta.tk.SceneInputListener in JavaFX Application Thread - Error while processing the input: MouseEventToken(MouseReleased,890.4000244140625,482.3999938964844,MouseButtonToken(3),false,false,false,false,false,false,false,false) app: stage title: 練習モード
java.lang.reflect.InvocationTargetException: null
	at jdk.internal.reflect.GeneratedMethodAccessor9.invoke(Unknown Source)
	at java.base/jdk.internal.reflect.DelegatingMethodAccessorImpl.invoke(DelegatingMethodAccessorImpl.java:43)
	at java.base/java.lang.reflect.Method.invoke(Method.java:569)
	at simplefx.util.ReflectionUtil$UseReflection.applyDynamic(ReflectionUtil.scala:21)
	at com.jpro.meta.tk.SceneInputListener.processInputInScene(SceneInputListener.scala:264)
	at com.jpro.meta.tk.SceneInputListener.processInput(SceneInputListener.scala:175)
	at com.jpro.meta.tk.SceneInputListener.processInputs(SceneInputListener.scala:108)
	at com.jpro.meta.tk.SceneInputListener.$anonfun$new$4(SceneInputListener.scala:42)
	at simplefx.cores.standard.parts.CoreTimeEvent$$anon$3.run(CoreTimeEvent.scala:62)
	at com.sun.javafx.application.PlatformImpl.lambda$runLater$10(PlatformImpl.java:457)
	at java.base/java.security.AccessController.doPrivileged(AccessController.java:399)
	at com.sun.javafx.application.PlatformImpl.lambda$runLater$11(PlatformImpl.java:456)
	at com.sun.glass.ui.monocle.RunnableProcessor.runLoop(RunnableProcessor.java:92)
	at com.sun.glass.ui.monocle.RunnableProcessor.run(RunnableProcessor.java:51)
	at java.base/java.lang.Thread.run(Thread.java:840)
Caused by: java.lang.reflect.InvocationTargetException: null
	at jdk.internal.reflect.GeneratedMethodAccessor10.invoke(Unknown Source)
	at java.base/jdk.internal.reflect.DelegatingMethodAccessorImpl.invoke(DelegatingMethodAccessorImpl.java:43)
	at java.base/java.lang.reflect.Method.invoke(Method.java:569)
	at simplefx.util.ReflectionUtil$UseReflection.applyDynamic(ReflectionUtil.scala:21)
	at com.sun.glass.ui.monocle.input.fork.NativeMouseInput.notifyMouse(NativeMouseInput.scala:330)
	at com.sun.glass.ui.monocle.input.fork.NativeMouseInput.postMouseEvent(NativeMouseInput.scala:226)
	at com.sun.glass.ui.monocle.input.fork.NativeMouseInput.setState(NativeMouseInput.scala:186)
	... 15 common frames omitted
Caused by: java.lang.NullPointerException: Cannot invoke "javafx.scene.media.AudioClip.stop()" because "this.clickSound" is null
	at story.Practice.lambda$createScene$4(Practice.java:132)
	at com.sun.javafx.event.CompositeEventHandler.dispatchBubblingEvent(CompositeEventHandler.java:86)
	at com.sun.javafx.event.EventHandlerManager.dispatchBubblingEvent(EventHandlerManager.java:234)
	at com.sun.javafx.event.EventHandlerManager.dispatchBubblingEvent(EventHandlerManager.java:191)
	at com.sun.javafx.event.CompositeEventDispatcher.dispatchBubblingEvent(CompositeEventDispatcher.java:59)
	at com.sun.javafx.event.BasicEventDispatcher.dispatchEvent(BasicEventDispatcher.java:58)
	at com.sun.javafx.event.EventDispatchChainImpl.dispatchEvent(EventDispatchChainImpl.java:114)
	at com.sun.javafx.event.BasicEventDispatcher.dispatchEvent(BasicEventDispatcher.java:56)
	at com.sun.javafx.event.EventDispatchChainImpl.dispatchEvent(EventDispatchChainImpl.java:114)
	at com.sun.javafx.event.BasicEventDispatcher.dispatchEvent(BasicEventDispatcher.java:56)
	at com.sun.javafx.event.EventDispatchChainImpl.dispatchEvent(EventDispatchChainImpl.java:114)
	at com.sun.javafx.event.EventUtil.fireEventImpl(EventUtil.java:74)
	at com.sun.javafx.event.EventUtil.fireEvent(EventUtil.java:49)
	at javafx.event.Event.fireEvent(Event.java:198)
	at javafx.scene.Node.fireEvent(Node.java:8797)
	at javafx.scene.control.Button.fire(Button.java:203)
	at com.sun.javafx.scene.control.behavior.ButtonBehavior.mouseReleased(ButtonBehavior.java:208)
	at com.sun.javafx.scene.control.inputmap.InputMap.handle(InputMap.java:274)
	at com.sun.javafx.event.CompositeEventHandler$NormalEventHandlerRecord.handleBubblingEvent(CompositeEventHandler.java:247)
	at com.sun.javafx.event.CompositeEventHandler.dispatchBubblingEvent(CompositeEventHandler.java:80)
	at com.sun.javafx.event.EventHandlerManager.dispatchBubblingEvent(EventHandlerManager.java:234)
	at com.sun.javafx.event.EventHandlerManager.dispatchBubblingEvent(EventHandlerManager.java:191)
	at com.sun.javafx.event.CompositeEventDispatcher.dispatchBubblingEvent(CompositeEventDispatcher.java:59)
	at com.sun.javafx.event.BasicEventDispatcher.dispatchEvent(BasicEventDispatcher.java:58)
	at com.sun.javafx.event.EventDispatchChainImpl.dispatchEvent(EventDispatchChainImpl.java:114)
	at com.sun.javafx.event.BasicEventDispatcher.dispatchEvent(BasicEventDispatcher.java:56)
	at com.sun.javafx.event.EventDispatchChainImpl.dispatchEvent(EventDispatchChainImpl.java:114)
	at com.sun.javafx.event.BasicEventDispatcher.dispatchEvent(BasicEventDispatcher.java:56)
	at com.sun.javafx.event.EventDispatchChainImpl.dispatchEvent(EventDispatchChainImpl.java:114)
	at com.sun.javafx.event.EventUtil.fireEventImpl(EventUtil.java:74)
	at com.sun.javafx.event.EventUtil.fireEvent(EventUtil.java:54)
	at javafx.event.Event.fireEvent(Event.java:198)
	at javafx.scene.Scene$MouseHandler.process(Scene.java:3931)
	at javafx.scene.Scene.processMouseEvent(Scene.java:1918)
	at javafx.scene.Scene$ScenePeerListener.mouseEvent(Scene.java:2657)
	at com.sun.javafx.tk.quantum.GlassViewEventHandler$MouseEventNotification.run(GlassViewEventHandler.java:411)
	at com.sun.javafx.tk.quantum.GlassViewEventHandler$MouseEventNotification.run(GlassViewEventHandler.java:301)
	at java.base/java.security.AccessController.doPrivileged(AccessController.java:399)
	at com.sun.javafx.tk.quantum.GlassViewEventHandler.lambda$handleMouseEvent$2(GlassViewEventHandler.java:450)
	at com.sun.javafx.tk.quantum.QuantumToolkit.runWithoutRenderLock(QuantumToolkit.java:430)
	at com.sun.javafx.tk.quantum.GlassViewEventHandler.handleMouseEvent(GlassViewEventHandler.java:449)
	at com.sun.glass.ui.View.handleMouseEvent(View.java:551)
	at com.sun.glass.ui.View.notifyMouse(View.java:937)
	at com.sun.glass.ui.monocle.MonocleView.notifyMouse(MonocleView.java:116)
	... 22 common frames omitted
2026-07-10 15:32:17,003 [ERROR] from com.jpro.meta.tk.SceneInputListener in JavaFX Application Thread - Error while processing the input: MouseEventToken(MouseMoved,890.4000244140625,484.0,MouseButtonToken(2),false,false,false,false,false,false,false,false) app: stage title: 練習モード
java.lang.reflect.InvocationTargetException: null
	at jdk.internal.reflect.GeneratedMethodAccessor9.invoke(Unknown Source)
	at java.base/jdk.internal.reflect.DelegatingMethodAccessorImpl.invoke(DelegatingMethodAccessorImpl.java:43)
	at java.base/java.lang.reflect.Method.invoke(Method.java:569)
	at simplefx.util.ReflectionUtil$UseReflection.applyDynamic(ReflectionUtil.scala:21)
	at com.jpro.meta.tk.SceneInputListener.processInputInScene(SceneInputListener.scala:264)
	at com.jpro.meta.tk.SceneInputListener.processInput(SceneInputListener.scala:178)
	at com.jpro.meta.tk.SceneInputListener.processInputs(SceneInputListener.scala:108)
	at com.jpro.meta.tk.SceneInputListener.$anonfun$new$4(SceneInputListener.scala:42)
	at simplefx.cores.standard.parts.CoreTimeEvent$$anon$3.run(CoreTimeEvent.scala:62)
	at com.sun.javafx.application.PlatformImpl.lambda$runLater$10(PlatformImpl.java:457)
	at java.base/java.security.AccessController.doPrivileged(AccessController.java:399)
	at com.sun.javafx.application.PlatformImpl.lambda$runLater$11(PlatformImpl.java:456)
	at com.sun.glass.ui.monocle.RunnableProcessor.runLoop(RunnableProcessor.java:92)
	at com.sun.glass.ui.monocle.RunnableProcessor.run(RunnableProcessor.java:51)
	at java.base/java.lang.Thread.run(Thread.java:840)
Caused by: java.lang.reflect.InvocationTargetException: null
	at jdk.internal.reflect.GeneratedMethodAccessor10.invoke(Unknown Source)
	at java.base/jdk.internal.reflect.DelegatingMethodAccessorImpl.invoke(DelegatingMethodAccessorImpl.java:43)
	at java.base/java.lang.reflect.Method.invoke(Method.java:569)
	at simplefx.util.ReflectionUtil$UseReflection.applyDynamic(ReflectionUtil.scala:21)
	at com.sun.glass.ui.monocle.input.fork.NativeMouseInput.notifyMouse(NativeMouseInput.scala:330)
	at com.sun.glass.ui.monocle.input.fork.NativeMouseInput.postMouseEvent(NativeMouseInput.scala:226)
	at com.sun.glass.ui.monocle.input.fork.NativeMouseInput.setState(NativeMouseInput.scala:186)
	... 15 common frames omitted
Caused by: java.lang.NullPointerException: Cannot invoke "javafx.scene.media.AudioClip.stop()" because "this.clickSound" is null
	at story.Practice.lambda$createScene$4(Practice.java:132)
	at com.sun.javafx.event.CompositeEventHandler.dispatchBubblingEvent(CompositeEventHandler.java:86)
	at com.sun.javafx.event.EventHandlerManager.dispatchBubblingEvent(EventHandlerManager.java:234)
	at com.sun.javafx.event.EventHandlerManager.dispatchBubblingEvent(EventHandlerManager.java:191)
	at com.sun.javafx.event.CompositeEventDispatcher.dispatchBubblingEvent(CompositeEventDispatcher.java:59)
	at com.sun.javafx.event.BasicEventDispatcher.dispatchEvent(BasicEventDispatcher.java:58)
	at com.sun.javafx.event.EventDispatchChainImpl.dispatchEvent(EventDispatchChainImpl.java:114)
	at com.sun.javafx.event.BasicEventDispatcher.dispatchEvent(BasicEventDispatcher.java:56)
	at com.sun.javafx.event.EventDispatchChainImpl.dispatchEvent(EventDispatchChainImpl.java:114)
	at com.sun.javafx.event.BasicEventDispatcher.dispatchEvent(BasicEventDispatcher.java:56)
	at com.sun.javafx.event.EventDispatchChainImpl.dispatchEvent(EventDispatchChainImpl.java:114)
	at com.sun.javafx.event.EventUtil.fireEventImpl(EventUtil.java:74)
	at com.sun.javafx.event.EventUtil.fireEvent(EventUtil.java:49)
	at javafx.event.Event.fireEvent(Event.java:198)
	at javafx.scene.Node.fireEvent(Node.java:8797)
	at javafx.scene.control.Button.fire(Button.java:203)
	at com.sun.javafx.scene.control.behavior.ButtonBehavior.mouseReleased(ButtonBehavior.java:208)
	at com.sun.javafx.scene.control.inputmap.InputMap.handle(InputMap.java:274)
	at com.sun.javafx.event.CompositeEventHandler$NormalEventHandlerRecord.handleBubblingEvent(CompositeEventHandler.java:247)
	at com.sun.javafx.event.CompositeEventHandler.dispatchBubblingEvent(CompositeEventHandler.java:80)
	at com.sun.javafx.event.EventHandlerManager.dispatchBubblingEvent(EventHandlerManager.java:234)
	at com.sun.javafx.event.EventHandlerManager.dispatchBubblingEvent(EventHandlerManager.java:191)
	at com.sun.javafx.event.CompositeEventDispatcher.dispatchBubblingEvent(CompositeEventDispatcher.java:59)
	at com.sun.javafx.event.BasicEventDispatcher.dispatchEvent(BasicEventDispatcher.java:58)
	at com.sun.javafx.event.EventDispatchChainImpl.dispatchEvent(EventDispatchChainImpl.java:114)
	at com.sun.javafx.event.BasicEventDispatcher.dispatchEvent(BasicEventDispatcher.java:56)
	at com.sun.javafx.event.EventDispatchChainImpl.dispatchEvent(EventDispatchChainImpl.java:114)
	at com.sun.javafx.event.BasicEventDispatcher.dispatchEvent(BasicEventDispatcher.java:56)
	at com.sun.javafx.event.EventDispatchChainImpl.dispatchEvent(EventDispatchChainImpl.java:114)
	at com.sun.javafx.event.EventUtil.fireEventImpl(EventUtil.java:74)
	at com.sun.javafx.event.EventUtil.fireEvent(EventUtil.java:54)
	at javafx.event.Event.fireEvent(Event.java:198)
	at javafx.scene.Scene$MouseHandler.process(Scene.java:3931)
	at javafx.scene.Scene.processMouseEvent(Scene.java:1918)
	at javafx.scene.Scene$ScenePeerListener.mouseEvent(Scene.java:2657)
	at com.sun.javafx.tk.quantum.GlassViewEventHandler$MouseEventNotification.run(GlassViewEventHandler.java:411)
	at com.sun.javafx.tk.quantum.GlassViewEventHandler$MouseEventNotification.run(GlassViewEventHandler.java:301)
	at java.base/java.security.AccessController.doPrivileged(AccessController.java:399)
	at com.sun.javafx.tk.quantum.GlassViewEventHandler.lambda$handleMouseEvent$2(GlassViewEventHandler.java:450)
	at com.sun.javafx.tk.quantum.QuantumToolkit.runWithoutRenderLock(QuantumToolkit.java:430)
	at com.sun.javafx.tk.quantum.GlassViewEventHandler.handleMouseEvent(GlassViewEventHandler.java:449)
	at com.sun.glass.ui.View.handleMouseEvent(View.java:551)
	at com.sun.glass.ui.View.notifyMouse(View.java:937)
	at com.sun.glass.ui.monocle.MonocleView.notifyMouse(MonocleView.java:116)
	... 22 common frames omitted
2026-07-10 15:32:17,031 [ERROR] from com.jpro.meta.tk.SceneInputListener in JavaFX Application Thread - Error while processing the input: MouseEventToken(MouseMoved,891.2000122070312,516.0,MouseButtonToken(2),false,false,false,false,false,false,false,false) app: stage title: 練習モード
java.lang.reflect.InvocationTargetException: null
	at jdk.internal.reflect.GeneratedMethodAccessor9.invoke(Unknown Source)
	at java.base/jdk.internal.reflect.DelegatingMethodAccessorImpl.invoke(DelegatingMethodAccessorImpl.java:43)
	at java.base/java.lang.reflect.Method.invoke(Method.java:569)
	at simplefx.util.ReflectionUtil$UseReflection.applyDynamic(ReflectionUtil.scala:21)
	at com.jpro.meta.tk.SceneInputListener.processInputInScene(SceneInputListener.scala:264)
	at com.jpro.meta.tk.SceneInputListener.processInput(SceneInputListener.scala:178)
	at com.jpro.meta.tk.SceneInputListener.processInputs(SceneInputListener.scala:108)
	at com.jpro.meta.tk.SceneInputListener.$anonfun$new$4(SceneInputListener.scala:42)
	at simplefx.cores.standard.parts.CoreTimeEvent$$anon$3.run(CoreTimeEvent.scala:62)
	at com.sun.javafx.application.PlatformImpl.lambda$runLater$10(PlatformImpl.java:457)
	at java.base/java.security.AccessController.doPrivileged(AccessController.java:399)
	at com.sun.javafx.application.PlatformImpl.lambda$runLater$11(PlatformImpl.java:456)
	at com.sun.glass.ui.monocle.RunnableProcessor.runLoop(RunnableProcessor.java:92)
	at com.sun.glass.ui.monocle.RunnableProcessor.run(RunnableProcessor.java:51)
	at java.base/java.lang.Thread.run(Thread.java:840)
Caused by: java.lang.reflect.InvocationTargetException: null
	at jdk.internal.reflect.GeneratedMethodAccessor10.invoke(Unknown Source)
	at java.base/jdk.internal.reflect.DelegatingMethodAccessorImpl.invoke(DelegatingMethodAccessorImpl.java:43)
	at java.base/java.lang.reflect.Method.invoke(Method.java:569)
	at simplefx.util.ReflectionUtil$UseReflection.applyDynamic(ReflectionUtil.scala:21)
	at com.sun.glass.ui.monocle.input.fork.NativeMouseInput.notifyMouse(NativeMouseInput.scala:330)
	at com.sun.glass.ui.monocle.input.fork.NativeMouseInput.postMouseEvent(NativeMouseInput.scala:226)
	at com.sun.glass.ui.monocle.input.fork.NativeMouseInput.setState(NativeMouseInput.scala:186)
	... 15 common frames omitted
Caused by: java.lang.NullPointerException: Cannot invoke "javafx.scene.media.AudioClip.stop()" because "this.clickSound" is null
	at story.Practice.lambda$createScene$4(Practice.java:132)
	at com.sun.javafx.event.CompositeEventHandler.dispatchBubblingEvent(CompositeEventHandler.java:86)
	at com.sun.javafx.event.EventHandlerManager.dispatchBubblingEvent(EventHandlerManager.java:234)
	at com.sun.javafx.event.EventHandlerManager.dispatchBubblingEvent(EventHandlerManager.java:191)
	at com.sun.javafx.event.CompositeEventDispatcher.dispatchBubblingEvent(CompositeEventDispatcher.java:59)
	at com.sun.javafx.event.BasicEventDispatcher.dispatchEvent(BasicEventDispatcher.java:58)
	at com.sun.javafx.event.EventDispatchChainImpl.dispatchEvent(EventDispatchChainImpl.java:114)
	at com.sun.javafx.event.BasicEventDispatcher.dispatchEvent(BasicEventDispatcher.java:56)
	at com.sun.javafx.event.EventDispatchChainImpl.dispatchEvent(EventDispatchChainImpl.java:114)
	at com.sun.javafx.event.BasicEventDispatcher.dispatchEvent(BasicEventDispatcher.java:56)
	at com.sun.javafx.event.EventDispatchChainImpl.dispatchEvent(EventDispatchChainImpl.java:114)
	at com.sun.javafx.event.EventUtil.fireEventImpl(EventUtil.java:74)
	at com.sun.javafx.event.EventUtil.fireEvent(EventUtil.java:49)
	at javafx.event.Event.fireEvent(Event.java:198)
	at javafx.scene.Node.fireEvent(Node.java:8797)
	at javafx.scene.control.Button.fire(Button.java:203)
	at com.sun.javafx.scene.control.behavior.ButtonBehavior.mouseReleased(ButtonBehavior.java:208)
	at com.sun.javafx.scene.control.inputmap.InputMap.handle(InputMap.java:274)
	at com.sun.javafx.event.CompositeEventHandler$NormalEventHandlerRecord.handleBubblingEvent(CompositeEventHandler.java:247)
	at com.sun.javafx.event.CompositeEventHandler.dispatchBubblingEvent(CompositeEventHandler.java:80)
	at com.sun.javafx.event.EventHandlerManager.dispatchBubblingEvent(EventHandlerManager.java:234)
	at com.sun.javafx.event.EventHandlerManager.dispatchBubblingEvent(EventHandlerManager.java:191)
	at com.sun.javafx.event.CompositeEventDispatcher.dispatchBubblingEvent(CompositeEventDispatcher.java:59)
	at com.sun.javafx.event.BasicEventDispatcher.dispatchEvent(BasicEventDispatcher.java:58)
	at com.sun.javafx.event.EventDispatchChainImpl.dispatchEvent(EventDispatchChainImpl.java:114)
	at com.sun.javafx.event.BasicEventDispatcher.dispatchEvent(BasicEventDispatcher.java:56)
	at com.sun.javafx.event.EventDispatchChainImpl.dispatchEvent(EventDispatchChainImpl.java:114)
	at com.sun.javafx.event.BasicEventDispatcher.dispatchEvent(BasicEventDispatcher.java:56)
	at com.sun.javafx.event.EventDispatchChainImpl.dispatchEvent(EventDispatchChainImpl.java:114)
	at com.sun.javafx.event.EventUtil.fireEventImpl(EventUtil.java:74)
	at com.sun.javafx.event.EventUtil.fireEvent(EventUtil.java:54)
	at javafx.event.Event.fireEvent(Event.java:198)
	at javafx.scene.Scene$MouseHandler.process(Scene.java:3931)
	at javafx.scene.Scene.processMouseEvent(Scene.java:1918)
	at javafx.scene.Scene$ScenePeerListener.mouseEvent(Scene.java:2657)
	at com.sun.javafx.tk.quantum.GlassViewEventHandler$MouseEventNotification.run(GlassViewEventHandler.java:411)
	at com.sun.javafx.tk.quantum.GlassViewEventHandler$MouseEventNotification.run(GlassViewEventHandler.java:301)
	at java.base/java.security.AccessController.doPrivileged(AccessController.java:399)
	at com.sun.javafx.tk.quantum.GlassViewEventHandler.lambda$handleMouseEvent$2(GlassViewEventHandler.java:450)
	at com.sun.javafx.tk.quantum.QuantumToolkit.runWithoutRenderLock(QuantumToolkit.java:430)
	at com.sun.javafx.tk.quantum.GlassViewEventHandler.handleMouseEvent(GlassViewEventHandler.java:449)
	at com.sun.glass.ui.View.handleMouseEvent(View.java:551)
	at com.sun.glass.ui.View.notifyMouse(View.java:937)
	at com.sun.glass.ui.monocle.MonocleView.notifyMouse(MonocleView.java:116)
	... 22 common frames omitted
2026-07-10 15:32:17,048 [ERROR] from com.jpro.meta.tk.SceneInputListener in JavaFX Application Thread - Error while processing the input: MouseEventToken(MouseMoved,902.4000244140625,564.0,MouseButtonToken(2),false,false,false,false,false,false,false,false) app: stage title: 練習モード
java.lang.reflect.InvocationTargetException: null
	at jdk.internal.reflect.GeneratedMethodAccessor9.invoke(Unknown Source)
	at java.base/jdk.internal.reflect.DelegatingMethodAccessorImpl.invoke(DelegatingMethodAccessorImpl.java:43)
	at java.base/java.lang.reflect.Method.invoke(Method.java:569)
	at simplefx.util.ReflectionUtil$UseReflection.applyDynamic(ReflectionUtil.scala:21)
	at com.jpro.meta.tk.SceneInputListener.processInputInScene(SceneInputListener.scala:264)
	at com.jpro.meta.tk.SceneInputListener.processInput(SceneInputListener.scala:178)
	at com.jpro.meta.tk.SceneInputListener.processInputs(SceneInputListener.scala:108)
	at com.jpro.meta.tk.SceneInputListener.$anonfun$new$4(SceneInputListener.scala:42)
	at simplefx.cores.standard.parts.CoreTimeEvent$$anon$3.run(CoreTimeEvent.scala:62)
	at com.sun.javafx.application.PlatformImpl.lambda$runLater$10(PlatformImpl.java:457)
	at java.base/java.security.AccessController.doPrivileged(AccessController.java:399)
	at com.sun.javafx.application.PlatformImpl.lambda$runLater$11(PlatformImpl.java:456)
	at com.sun.glass.ui.monocle.RunnableProcessor.runLoop(RunnableProcessor.java:92)
	at com.sun.glass.ui.monocle.RunnableProcessor.run(RunnableProcessor.java:51)
	at java.base/java.lang.Thread.run(Thread.java:840)
Caused by: java.lang.reflect.InvocationTargetException: null
	at jdk.internal.reflect.GeneratedMethodAccessor10.invoke(Unknown Source)
	at java.base/jdk.internal.reflect.DelegatingMethodAccessorImpl.invoke(DelegatingMethodAccessorImpl.java:43)
	at java.base/java.lang.reflect.Method.invoke(Method.java:569)
	at simplefx.util.ReflectionUtil$UseReflection.applyDynamic(ReflectionUtil.scala:21)
	at com.sun.glass.ui.monocle.input.fork.NativeMouseInput.notifyMouse(NativeMouseInput.scala:330)
	at com.sun.glass.ui.monocle.input.fork.NativeMouseInput.postMouseEvent(NativeMouseInput.scala:226)
	at com.sun.glass.ui.monocle.input.fork.NativeMouseInput.setState(NativeMouseInput.scala:186)
	... 15 common frames omitted
Caused by: java.lang.NullPointerException: Cannot invoke "javafx.scene.media.AudioClip.stop()" because "this.clickSound" is null
	at story.Practice.lambda$createScene$6(Practice.java:142)
	at com.sun.javafx.event.CompositeEventHandler.dispatchBubblingEvent(CompositeEventHandler.java:86)
	at com.sun.javafx.event.EventHandlerManager.dispatchBubblingEvent(EventHandlerManager.java:234)
	at com.sun.javafx.event.EventHandlerManager.dispatchBubblingEvent(EventHandlerManager.java:191)
	at com.sun.javafx.event.CompositeEventDispatcher.dispatchBubblingEvent(CompositeEventDispatcher.java:59)
	at com.sun.javafx.event.BasicEventDispatcher.dispatchEvent(BasicEventDispatcher.java:58)
	at com.sun.javafx.event.EventDispatchChainImpl.dispatchEvent(EventDispatchChainImpl.java:114)
	at com.sun.javafx.event.BasicEventDispatcher.dispatchEvent(BasicEventDispatcher.java:56)
	at com.sun.javafx.event.EventDispatchChainImpl.dispatchEvent(EventDispatchChainImpl.java:114)
	at com.sun.javafx.event.BasicEventDispatcher.dispatchEvent(BasicEventDispatcher.java:56)
	at com.sun.javafx.event.EventDispatchChainImpl.dispatchEvent(EventDispatchChainImpl.java:114)
	at com.sun.javafx.event.EventUtil.fireEventImpl(EventUtil.java:74)
	at com.sun.javafx.event.EventUtil.fireEvent(EventUtil.java:49)
	at javafx.event.Event.fireEvent(Event.java:198)
	at javafx.scene.Node.fireEvent(Node.java:8797)
	at javafx.scene.control.Button.fire(Button.java:203)
	at com.sun.javafx.scene.control.behavior.ButtonBehavior.mouseReleased(ButtonBehavior.java:208)
	at com.sun.javafx.scene.control.inputmap.InputMap.handle(InputMap.java:274)
	at com.sun.javafx.event.CompositeEventHandler$NormalEventHandlerRecord.handleBubblingEvent(CompositeEventHandler.java:247)
	at com.sun.javafx.event.CompositeEventHandler.dispatchBubblingEvent(CompositeEventHandler.java:80)
	at com.sun.javafx.event.EventHandlerManager.dispatchBubblingEvent(EventHandlerManager.java:234)
	at com.sun.javafx.event.EventHandlerManager.dispatchBubblingEvent(EventHandlerManager.java:191)
	at com.sun.javafx.event.CompositeEventDispatcher.dispatchBubblingEvent(CompositeEventDispatcher.java:59)
	at com.sun.javafx.event.BasicEventDispatcher.dispatchEvent(BasicEventDispatcher.java:58)
	at com.sun.javafx.event.EventDispatchChainImpl.dispatchEvent(EventDispatchChainImpl.java:114)
	at com.sun.javafx.event.BasicEventDispatcher.dispatchEvent(BasicEventDispatcher.java:56)
	at com.sun.javafx.event.EventDispatchChainImpl.dispatchEvent(EventDispatchChainImpl.java:114)
	at com.sun.javafx.event.BasicEventDispatcher.dispatchEvent(BasicEventDispatcher.java:56)
	at com.sun.javafx.event.EventDispatchChainImpl.dispatchEvent(EventDispatchChainImpl.java:114)
	at com.sun.javafx.event.EventUtil.fireEventImpl(EventUtil.java:74)
	at com.sun.javafx.event.EventUtil.fireEvent(EventUtil.java:54)
	at javafx.event.Event.fireEvent(Event.java:198)
	at javafx.scene.Scene$MouseHandler.process(Scene.java:3931)
	at javafx.scene.Scene.processMouseEvent(Scene.java:1918)
	at javafx.scene.Scene$ScenePeerListener.mouseEvent(Scene.java:2657)
	at com.sun.javafx.tk.quantum.GlassViewEventHandler$MouseEventNotification.run(GlassViewEventHandler.java:411)
	at com.sun.javafx.tk.quantum.GlassViewEventHandler$MouseEventNotification.run(GlassViewEventHandler.java:301)
	at java.base/java.security.AccessController.doPrivileged(AccessController.java:399)
	at com.sun.javafx.tk.quantum.GlassViewEventHandler.lambda$handleMouseEvent$2(GlassViewEventHandler.java:450)
	at com.sun.javafx.tk.quantum.QuantumToolkit.runWithoutRenderLock(QuantumToolkit.java:430)
	at com.sun.javafx.tk.quantum.GlassViewEventHandler.handleMouseEvent(GlassViewEventHandler.java:449)
	at com.sun.glass.ui.View.handleMouseEvent(View.java:551)
	at com.sun.glass.ui.View.notifyMouse(View.java:937)
	at com.sun.glass.ui.monocle.MonocleView.notifyMouse(MonocleView.java:116)
	... 22 common frames omitted
2026-07-10 15:32:17,063 [ERROR] from com.jpro.meta.tk.SceneInputListener in JavaFX Application Thread - Error while processing the input: MouseEventToken(MouseMoved,906.4000244140625,585.6000366210938,MouseButtonToken(2),false,false,false,false,false,false,false,false) app: stage title: 練習モード
java.lang.reflect.InvocationTargetException: null
	at jdk.internal.reflect.GeneratedMethodAccessor9.invoke(Unknown Source)
	at java.base/jdk.internal.reflect.DelegatingMethodAccessorImpl.invoke(DelegatingMethodAccessorImpl.java:43)
	at java.base/java.lang.reflect.Method.invoke(Method.java:569)
	at simplefx.util.ReflectionUtil$UseReflection.applyDynamic(ReflectionUtil.scala:21)
	at com.jpro.meta.tk.SceneInputListener.processInputInScene(SceneInputListener.scala:264)
	at com.jpro.meta.tk.SceneInputListener.processInput(SceneInputListener.scala:178)
	at com.jpro.meta.tk.SceneInputListener.processInputs(SceneInputListener.scala:108)
	at com.jpro.meta.tk.SceneInputListener.$anonfun$new$4(SceneInputListener.scala:42)
	at simplefx.cores.standard.parts.CoreTimeEvent$$anon$3.run(CoreTimeEvent.scala:62)
	at com.sun.javafx.application.PlatformImpl.lambda$runLater$10(PlatformImpl.java:457)
	at java.base/java.security.AccessController.doPrivileged(AccessController.java:399)
	at com.sun.javafx.application.PlatformImpl.lambda$runLater$11(PlatformImpl.java:456)
	at com.sun.glass.ui.monocle.RunnableProcessor.runLoop(RunnableProcessor.java:92)
	at com.sun.glass.ui.monocle.RunnableProcessor.run(RunnableProcessor.java:51)
	at java.base/java.lang.Thread.run(Thread.java:840)
Caused by: java.lang.reflect.InvocationTargetException: null
	at jdk.internal.reflect.GeneratedMethodAccessor10.invoke(Unknown Source)
	at java.base/jdk.internal.reflect.DelegatingMethodAccessorImpl.invoke(DelegatingMethodAccessorImpl.java:43)
	at java.base/java.lang.reflect.Method.invoke(Method.java:569)
	at simplefx.util.ReflectionUtil$UseReflection.applyDynamic(ReflectionUtil.scala:21)
	at com.sun.glass.ui.monocle.input.fork.NativeMouseInput.notifyMouse(NativeMouseInput.scala:330)
	at com.sun.glass.ui.monocle.input.fork.NativeMouseInput.postMouseEvent(NativeMouseInput.scala:226)
	at com.sun.glass.ui.monocle.input.fork.NativeMouseInput.setState(NativeMouseInput.scala:186)
	... 15 common frames omitted
Caused by: java.lang.NullPointerException: Cannot invoke "javafx.scene.media.AudioClip.stop()" because "this.clickSound" is null
	at story.Practice.lambda$createScene$6(Practice.java:142)
	at com.sun.javafx.event.CompositeEventHandler.dispatchBubblingEvent(CompositeEventHandler.java:86)
	at com.sun.javafx.event.EventHandlerManager.dispatchBubblingEvent(EventHandlerManager.java:234)
	at com.sun.javafx.event.EventHandlerManager.dispatchBubblingEvent(EventHandlerManager.java:191)
	at com.sun.javafx.event.CompositeEventDispatcher.dispatchBubblingEvent(CompositeEventDispatcher.java:59)
	at com.sun.javafx.event.BasicEventDispatcher.dispatchEvent(BasicEventDispatcher.java:58)
	at com.sun.javafx.event.EventDispatchChainImpl.dispatchEvent(EventDispatchChainImpl.java:114)
	at com.sun.javafx.event.BasicEventDispatcher.dispatchEvent(BasicEventDispatcher.java:56)
	at com.sun.javafx.event.EventDispatchChainImpl.dispatchEvent(EventDispatchChainImpl.java:114)
	at com.sun.javafx.event.BasicEventDispatcher.dispatchEvent(BasicEventDispatcher.java:56)
	at com.sun.javafx.event.EventDispatchChainImpl.dispatchEvent(EventDispatchChainImpl.java:114)
	at com.sun.javafx.event.EventUtil.fireEventImpl(EventUtil.java:74)
	at com.sun.javafx.event.EventUtil.fireEvent(EventUtil.java:49)
	at javafx.event.Event.fireEvent(Event.java:198)
	at javafx.scene.Node.fireEvent(Node.java:8797)
	at javafx.scene.control.Button.fire(Button.java:203)
	at com.sun.javafx.scene.control.behavior.ButtonBehavior.mouseReleased(ButtonBehavior.java:208)
	at com.sun.javafx.scene.control.inputmap.InputMap.handle(InputMap.java:274)
	at com.sun.javafx.event.CompositeEventHandler$NormalEventHandlerRecord.handleBubblingEvent(CompositeEventHandler.java:247)
	at com.sun.javafx.event.CompositeEventHandler.dispatchBubblingEvent(CompositeEventHandler.java:80)
	at com.sun.javafx.event.EventHandlerManager.dispatchBubblingEvent(EventHandlerManager.java:234)
	at com.sun.javafx.event.EventHandlerManager.dispatchBubblingEvent(EventHandlerManager.java:191)
	at com.sun.javafx.event.CompositeEventDispatcher.dispatchBubblingEvent(CompositeEventDispatcher.java:59)
	at com.sun.javafx.event.BasicEventDispatcher.dispatchEvent(BasicEventDispatcher.java:58)
	at com.sun.javafx.event.EventDispatchChainImpl.dispatchEvent(EventDispatchChainImpl.java:114)
	at com.sun.javafx.event.BasicEventDispatcher.dispatchEvent(BasicEventDispatcher.java:56)
	at com.sun.javafx.event.EventDispatchChainImpl.dispatchEvent(EventDispatchChainImpl.java:114)
	at com.sun.javafx.event.BasicEventDispatcher.dispatchEvent(BasicEventDispatcher.java:56)
	at com.sun.javafx.event.EventDispatchChainImpl.dispatchEvent(EventDispatchChainImpl.java:114)
	at com.sun.javafx.event.EventUtil.fireEventImpl(EventUtil.java:74)
	at com.sun.javafx.event.EventUtil.fireEvent(EventUtil.java:54)
	at javafx.event.Event.fireEvent(Event.java:198)
	at javafx.scene.Scene$MouseHandler.process(Scene.java:3931)
	at javafx.scene.Scene.processMouseEvent(Scene.java:1918)
	at javafx.scene.Scene$ScenePeerListener.mouseEvent(Scene.java:2657)
	at com.sun.javafx.tk.quantum.GlassViewEventHandler$MouseEventNotification.run(GlassViewEventHandler.java:411)
	at com.sun.javafx.tk.quantum.GlassViewEventHandler$MouseEventNotification.run(GlassViewEventHandler.java:301)
	at java.base/java.security.AccessController.doPrivileged(AccessController.java:399)
	at com.sun.javafx.tk.quantum.GlassViewEventHandler.lambda$handleMouseEvent$2(GlassViewEventHandler.java:450)
	at com.sun.javafx.tk.quantum.QuantumToolkit.runWithoutRenderLock(QuantumToolkit.java:430)
	at com.sun.javafx.tk.quantum.GlassViewEventHandler.handleMouseEvent(GlassViewEventHandler.java:449)
	at com.sun.glass.ui.View.handleMouseEvent(View.java:551)
	at com.sun.glass.ui.View.notifyMouse(View.java:937)
	at com.sun.glass.ui.monocle.MonocleView.notifyMouse(MonocleView.java:116)
	... 22 common frames omitted
2026-07-10 15:32:17,081 [ERROR] from com.jpro.meta.tk.SceneInputListener in JavaFX Application Thread - Error while processing the input: MouseEventToken(MouseMoved,906.4000244140625,594.4000244140625,MouseButtonToken(2),false,false,false,false,false,false,false,false) app: stage title: 練習モード
java.lang.reflect.InvocationTargetException: null
	at jdk.internal.reflect.GeneratedMethodAccessor9.invoke(Unknown Source)
	at java.base/jdk.internal.reflect.DelegatingMethodAccessorImpl.invoke(DelegatingMethodAccessorImpl.java:43)
	at java.base/java.lang.reflect.Method.invoke(Method.java:569)
	at simplefx.util.ReflectionUtil$UseReflection.applyDynamic(ReflectionUtil.scala:21)
	at com.jpro.meta.tk.SceneInputListener.processInputInScene(SceneInputListener.scala:264)
	at com.jpro.meta.tk.SceneInputListener.processInput(SceneInputListener.scala:178)
	at com.jpro.meta.tk.SceneInputListener.processInputs(SceneInputListener.scala:108)
	at com.jpro.meta.tk.SceneInputListener.$anonfun$new$4(SceneInputListener.scala:42)
	at simplefx.cores.standard.parts.CoreTimeEvent$$anon$3.run(CoreTimeEvent.scala:62)
	at com.sun.javafx.application.PlatformImpl.lambda$runLater$10(PlatformImpl.java:457)
	at java.base/java.security.AccessController.doPrivileged(AccessController.java:399)
	at com.sun.javafx.application.PlatformImpl.lambda$runLater$11(PlatformImpl.java:456)
	at com.sun.glass.ui.monocle.RunnableProcessor.runLoop(RunnableProcessor.java:92)
	at com.sun.glass.ui.monocle.RunnableProcessor.run(RunnableProcessor.java:51)
	at java.base/java.lang.Thread.run(Thread.java:840)
Caused by: java.lang.reflect.InvocationTargetException: null
	at jdk.internal.reflect.GeneratedMethodAccessor10.invoke(Unknown Source)
	at java.base/jdk.internal.reflect.DelegatingMethodAccessorImpl.invoke(DelegatingMethodAccessorImpl.java:43)
	at java.base/java.lang.reflect.Method.invoke(Method.java:569)
	at simplefx.util.ReflectionUtil$UseReflection.applyDynamic(ReflectionUtil.scala:21)
	at com.sun.glass.ui.monocle.input.fork.NativeMouseInput.notifyMouse(NativeMouseInput.scala:330)
	at com.sun.glass.ui.monocle.input.fork.NativeMouseInput.postMouseEvent(NativeMouseInput.scala:226)
	at com.sun.glass.ui.monocle.input.fork.NativeMouseInput.setState(NativeMouseInput.scala:186)
	... 15 common frames omitted
Caused by: java.lang.NullPointerException: Cannot invoke "javafx.scene.media.AudioClip.stop()" because "this.clickSound" is null
	at story.Practice.lambda$createScene$6(Practice.java:142)
	at com.sun.javafx.event.CompositeEventHandler.dispatchBubblingEvent(CompositeEventHandler.java:86)
	at com.sun.javafx.event.EventHandlerManager.dispatchBubblingEvent(EventHandlerManager.java:234)
	at com.sun.javafx.event.EventHandlerManager.dispatchBubblingEvent(EventHandlerManager.java:191)
	at com.sun.javafx.event.CompositeEventDispatcher.dispatchBubblingEvent(CompositeEventDispatcher.java:59)
	at com.sun.javafx.event.BasicEventDispatcher.dispatchEvent(BasicEventDispatcher.java:58)
	at com.sun.javafx.event.EventDispatchChainImpl.dispatchEvent(EventDispatchChainImpl.java:114)
	at com.sun.javafx.event.BasicEventDispatcher.dispatchEvent(BasicEventDispatcher.java:56)
	at com.sun.javafx.event.EventDispatchChainImpl.dispatchEvent(EventDispatchChainImpl.java:114)
	at com.sun.javafx.event.BasicEventDispatcher.dispatchEvent(BasicEventDispatcher.java:56)
	at com.sun.javafx.event.EventDispatchChainImpl.dispatchEvent(EventDispatchChainImpl.java:114)
	at com.sun.javafx.event.EventUtil.fireEventImpl(EventUtil.java:74)
	at com.sun.javafx.event.EventUtil.fireEvent(EventUtil.java:49)
	at javafx.event.Event.fireEvent(Event.java:198)
	at javafx.scene.Node.fireEvent(Node.java:8797)
	at javafx.scene.control.Button.fire(Button.java:203)
	at com.sun.javafx.scene.control.behavior.ButtonBehavior.mouseReleased(ButtonBehavior.java:208)
	at com.sun.javafx.scene.control.inputmap.InputMap.handle(InputMap.java:274)
	at com.sun.javafx.event.CompositeEventHandler$NormalEventHandlerRecord.handleBubblingEvent(CompositeEventHandler.java:247)
	at com.sun.javafx.event.CompositeEventHandler.dispatchBubblingEvent(CompositeEventHandler.java:80)
	at com.sun.javafx.event.EventHandlerManager.dispatchBubblingEvent(EventHandlerManager.java:234)
	at com.sun.javafx.event.EventHandlerManager.dispatchBubblingEvent(EventHandlerManager.java:191)
	at com.sun.javafx.event.CompositeEventDispatcher.dispatchBubblingEvent(CompositeEventDispatcher.java:59)
	at com.sun.javafx.event.BasicEventDispatcher.dispatchEvent(BasicEventDispatcher.java:58)
	at com.sun.javafx.event.EventDispatchChainImpl.dispatchEvent(EventDispatchChainImpl.java:114)
	at com.sun.javafx.event.BasicEventDispatcher.dispatchEvent(BasicEventDispatcher.java:56)
	at com.sun.javafx.event.EventDispatchChainImpl.dispatchEvent(EventDispatchChainImpl.java:114)
	at com.sun.javafx.event.BasicEventDispatcher.dispatchEvent(BasicEventDispatcher.java:56)
	at com.sun.javafx.event.EventDispatchChainImpl.dispatchEvent(EventDispatchChainImpl.java:114)
	at com.sun.javafx.event.EventUtil.fireEventImpl(EventUtil.java:74)
	at com.sun.javafx.event.EventUtil.fireEvent(EventUtil.java:54)
	at javafx.event.Event.fireEvent(Event.java:198)
	at javafx.scene.Scene$MouseHandler.process(Scene.java:3931)
	at javafx.scene.Scene.processMouseEvent(Scene.java:1918)
	at javafx.scene.Scene$ScenePeerListener.mouseEvent(Scene.java:2657)
	at com.sun.javafx.tk.quantum.GlassViewEventHandler$MouseEventNotification.run(GlassViewEventHandler.java:411)
	at com.sun.javafx.tk.quantum.GlassViewEventHandler$MouseEventNotification.run(GlassViewEventHandler.java:301)
	at java.base/java.security.AccessController.doPrivileged(AccessController.java:399)
	at com.sun.javafx.tk.quantum.GlassViewEventHandler.lambda$handleMouseEvent$2(GlassViewEventHandler.java:450)
	at com.sun.javafx.tk.quantum.QuantumToolkit.runWithoutRenderLock(QuantumToolkit.java:430)
	at com.sun.javafx.tk.quantum.GlassViewEventHandler.handleMouseEvent(GlassViewEventHandler.java:449)
	at com.sun.glass.ui.View.handleMouseEvent(View.java:551)
	at com.sun.glass.ui.View.notifyMouse(View.java:937)
	at com.sun.glass.ui.monocle.MonocleView.notifyMouse(MonocleView.java:116)
	... 22 common frames omitted
2026-07-10 15:32:17,263 [ERROR] from com.jpro.meta.tk.SceneInputListener in JavaFX Application Thread - Error while processing the input: MouseEventToken(MouseReleased,906.4000244140625,594.4000244140625,MouseButtonToken(3),false,false,false,false,false,false,false,false) app: stage title: 練習モード
java.lang.reflect.InvocationTargetException: null
	at jdk.internal.reflect.GeneratedMethodAccessor9.invoke(Unknown Source)
	at java.base/jdk.internal.reflect.DelegatingMethodAccessorImpl.invoke(DelegatingMethodAccessorImpl.java:43)
	at java.base/java.lang.reflect.Method.invoke(Method.java:569)
	at simplefx.util.ReflectionUtil$UseReflection.applyDynamic(ReflectionUtil.scala:21)
	at com.jpro.meta.tk.SceneInputListener.processInputInScene(SceneInputListener.scala:264)
	at com.jpro.meta.tk.SceneInputListener.processInput(SceneInputListener.scala:175)
	at com.jpro.meta.tk.SceneInputListener.processInputs(SceneInputListener.scala:108)
	at com.jpro.meta.tk.SceneInputListener.$anonfun$new$4(SceneInputListener.scala:42)
	at simplefx.cores.standard.parts.CoreTimeEvent$$anon$3.run(CoreTimeEvent.scala:62)
	at com.sun.javafx.application.PlatformImpl.lambda$runLater$10(PlatformImpl.java:457)
	at java.base/java.security.AccessController.doPrivileged(AccessController.java:399)
	at com.sun.javafx.application.PlatformImpl.lambda$runLater$11(PlatformImpl.java:456)
	at com.sun.glass.ui.monocle.RunnableProcessor.runLoop(RunnableProcessor.java:92)
	at com.sun.glass.ui.monocle.RunnableProcessor.run(RunnableProcessor.java:51)
	at java.base/java.lang.Thread.run(Thread.java:840)
Caused by: java.lang.reflect.InvocationTargetException: null
	at jdk.internal.reflect.GeneratedMethodAccessor10.invoke(Unknown Source)
	at java.base/jdk.internal.reflect.DelegatingMethodAccessorImpl.invoke(DelegatingMethodAccessorImpl.java:43)
	at java.base/java.lang.reflect.Method.invoke(Method.java:569)
	at simplefx.util.ReflectionUtil$UseReflection.applyDynamic(ReflectionUtil.scala:21)
	at com.sun.glass.ui.monocle.input.fork.NativeMouseInput.notifyMouse(NativeMouseInput.scala:330)
	at com.sun.glass.ui.monocle.input.fork.NativeMouseInput.postMouseEvent(NativeMouseInput.scala:226)
	at com.sun.glass.ui.monocle.input.fork.NativeMouseInput.setState(NativeMouseInput.scala:186)
	... 15 common frames omitted
Caused by: java.lang.NullPointerException: Cannot invoke "javafx.scene.media.AudioClip.stop()" because "this.clickSound" is null
	at story.Practice.lambda$createScene$6(Practice.java:142)
	at com.sun.javafx.event.CompositeEventHandler.dispatchBubblingEvent(CompositeEventHandler.java:86)
	at com.sun.javafx.event.EventHandlerManager.dispatchBubblingEvent(EventHandlerManager.java:234)
	at com.sun.javafx.event.EventHandlerManager.dispatchBubblingEvent(EventHandlerManager.java:191)
	at com.sun.javafx.event.CompositeEventDispatcher.dispatchBubblingEvent(CompositeEventDispatcher.java:59)
	at com.sun.javafx.event.BasicEventDispatcher.dispatchEvent(BasicEventDispatcher.java:58)
	at com.sun.javafx.event.EventDispatchChainImpl.dispatchEvent(EventDispatchChainImpl.java:114)
	at com.sun.javafx.event.BasicEventDispatcher.dispatchEvent(BasicEventDispatcher.java:56)
	at com.sun.javafx.event.EventDispatchChainImpl.dispatchEvent(EventDispatchChainImpl.java:114)
	at com.sun.javafx.event.BasicEventDispatcher.dispatchEvent(BasicEventDispatcher.java:56)
	at com.sun.javafx.event.EventDispatchChainImpl.dispatchEvent(EventDispatchChainImpl.java:114)
	at com.sun.javafx.event.EventUtil.fireEventImpl(EventUtil.java:74)
	at com.sun.javafx.event.EventUtil.fireEvent(EventUtil.java:49)
	at javafx.event.Event.fireEvent(Event.java:198)
	at javafx.scene.Node.fireEvent(Node.java:8797)
	at javafx.scene.control.Button.fire(Button.java:203)
	at com.sun.javafx.scene.control.behavior.ButtonBehavior.mouseReleased(ButtonBehavior.java:208)
	at com.sun.javafx.scene.control.inputmap.InputMap.handle(InputMap.java:274)
	at com.sun.javafx.event.CompositeEventHandler$NormalEventHandlerRecord.handleBubblingEvent(CompositeEventHandler.java:247)
	at com.sun.javafx.event.CompositeEventHandler.dispatchBubblingEvent(CompositeEventHandler.java:80)
	at com.sun.javafx.event.EventHandlerManager.dispatchBubblingEvent(EventHandlerManager.java:234)
	at com.sun.javafx.event.EventHandlerManager.dispatchBubblingEvent(EventHandlerManager.java:191)
	at com.sun.javafx.event.CompositeEventDispatcher.dispatchBubblingEvent(CompositeEventDispatcher.java:59)
	at com.sun.javafx.event.BasicEventDispatcher.dispatchEvent(BasicEventDispatcher.java:58)
	at com.sun.javafx.event.EventDispatchChainImpl.dispatchEvent(EventDispatchChainImpl.java:114)
	at com.sun.javafx.event.BasicEventDispatcher.dispatchEvent(BasicEventDispatcher.java:56)
	at com.sun.javafx.event.EventDispatchChainImpl.dispatchEvent(EventDispatchChainImpl.java:114)
	at com.sun.javafx.event.BasicEventDispatcher.dispatchEvent(BasicEventDispatcher.java:56)
	at com.sun.javafx.event.EventDispatchChainImpl.dispatchEvent(EventDispatchChainImpl.java:114)
	at com.sun.javafx.event.EventUtil.fireEventImpl(EventUtil.java:74)
	at com.sun.javafx.event.EventUtil.fireEvent(EventUtil.java:54)
	at javafx.event.Event.fireEvent(Event.java:198)
	at javafx.scene.Scene$MouseHandler.process(Scene.java:3931)
	at javafx.scene.Scene.processMouseEvent(Scene.java:1918)
	at javafx.scene.Scene$ScenePeerListener.mouseEvent(Scene.java:2657)
	at com.sun.javafx.tk.quantum.GlassViewEventHandler$MouseEventNotification.run(GlassViewEventHandler.java:411)
	at com.sun.javafx.tk.quantum.GlassViewEventHandler$MouseEventNotification.run(GlassViewEventHandler.java:301)
	at java.base/java.security.AccessController.doPrivileged(AccessController.java:399)
	at com.sun.javafx.tk.quantum.GlassViewEventHandler.lambda$handleMouseEvent$2(GlassViewEventHandler.java:450)
	at com.sun.javafx.tk.quantum.QuantumToolkit.runWithoutRenderLock(QuantumToolkit.java:430)
	at com.sun.javafx.tk.quantum.GlassViewEventHandler.handleMouseEvent(GlassViewEventHandler.java:449)
	at com.sun.glass.ui.View.handleMouseEvent(View.java:551)
	at com.sun.glass.ui.View.notifyMouse(View.java:937)
	at com.sun.glass.ui.monocle.MonocleView.notifyMouse(MonocleView.java:116)
	... 22 common frames omitted
2026-07-10 15:32:17,312 [ERROR] from com.jpro.meta.tk.SceneInputListener in JavaFX Application Thread - Error while processing the input: MouseEventToken(MouseMoved,906.4000244140625,592.7999877929688,MouseButtonToken(2),false,false,false,false,false,false,false,false) app: stage title: 練習モード
java.lang.reflect.InvocationTargetException: null
	at jdk.internal.reflect.GeneratedMethodAccessor9.invoke(Unknown Source)
	at java.base/jdk.internal.reflect.DelegatingMethodAccessorImpl.invoke(DelegatingMethodAccessorImpl.java:43)
	at java.base/java.lang.reflect.Method.invoke(Method.java:569)
	at simplefx.util.ReflectionUtil$UseReflection.applyDynamic(ReflectionUtil.scala:21)
	at com.jpro.meta.tk.SceneInputListener.processInputInScene(SceneInputListener.scala:264)
	at com.jpro.meta.tk.SceneInputListener.processInput(SceneInputListener.scala:178)
	at com.jpro.meta.tk.SceneInputListener.processInputs(SceneInputListener.scala:108)
	at com.jpro.meta.tk.SceneInputListener.$anonfun$new$4(SceneInputListener.scala:42)
	at simplefx.cores.standard.parts.CoreTimeEvent$$anon$3.run(CoreTimeEvent.scala:62)
	at com.sun.javafx.application.PlatformImpl.lambda$runLater$10(PlatformImpl.java:457)
	at java.base/java.security.AccessController.doPrivileged(AccessController.java:399)
	at com.sun.javafx.application.PlatformImpl.lambda$runLater$11(PlatformImpl.java:456)
	at com.sun.glass.ui.monocle.RunnableProcessor.runLoop(RunnableProcessor.java:92)
	at com.sun.glass.ui.monocle.RunnableProcessor.run(RunnableProcessor.java:51)
	at java.base/java.lang.Thread.run(Thread.java:840)
Caused by: java.lang.reflect.InvocationTargetException: null
	at jdk.internal.reflect.GeneratedMethodAccessor10.invoke(Unknown Source)
	at java.base/jdk.internal.reflect.DelegatingMethodAccessorImpl.invoke(DelegatingMethodAccessorImpl.java:43)
	at java.base/java.lang.reflect.Method.invoke(Method.java:569)
	at simplefx.util.ReflectionUtil$UseReflection.applyDynamic(ReflectionUtil.scala:21)
	at com.sun.glass.ui.monocle.input.fork.NativeMouseInput.notifyMouse(NativeMouseInput.scala:330)
	at com.sun.glass.ui.monocle.input.fork.NativeMouseInput.postMouseEvent(NativeMouseInput.scala:226)
	at com.sun.glass.ui.monocle.input.fork.NativeMouseInput.setState(NativeMouseInput.scala:186)
	... 15 common frames omitted
Caused by: java.lang.NullPointerException: Cannot invoke "javafx.scene.media.AudioClip.stop()" because "this.clickSound" is null
	at story.Practice.lambda$createScene$6(Practice.java:142)
	at com.sun.javafx.event.CompositeEventHandler.dispatchBubblingEvent(CompositeEventHandler.java:86)
	at com.sun.javafx.event.EventHandlerManager.dispatchBubblingEvent(EventHandlerManager.java:234)
	at com.sun.javafx.event.EventHandlerManager.dispatchBubblingEvent(EventHandlerManager.java:191)
	at com.sun.javafx.event.CompositeEventDispatcher.dispatchBubblingEvent(CompositeEventDispatcher.java:59)
	at com.sun.javafx.event.BasicEventDispatcher.dispatchEvent(BasicEventDispatcher.java:58)
	at com.sun.javafx.event.EventDispatchChainImpl.dispatchEvent(EventDispatchChainImpl.java:114)
	at com.sun.javafx.event.BasicEventDispatcher.dispatchEvent(BasicEventDispatcher.java:56)
	at com.sun.javafx.event.EventDispatchChainImpl.dispatchEvent(EventDispatchChainImpl.java:114)
	at com.sun.javafx.event.BasicEventDispatcher.dispatchEvent(BasicEventDispatcher.java:56)
	at com.sun.javafx.event.EventDispatchChainImpl.dispatchEvent(EventDispatchChainImpl.java:114)
	at com.sun.javafx.event.EventUtil.fireEventImpl(EventUtil.java:74)
	at com.sun.javafx.event.EventUtil.fireEvent(EventUtil.java:49)
	at javafx.event.Event.fireEvent(Event.java:198)
	at javafx.scene.Node.fireEvent(Node.java:8797)
	at javafx.scene.control.Button.fire(Button.java:203)
	at com.sun.javafx.scene.control.behavior.ButtonBehavior.mouseReleased(ButtonBehavior.java:208)
	at com.sun.javafx.scene.control.inputmap.InputMap.handle(InputMap.java:274)
	at com.sun.javafx.event.CompositeEventHandler$NormalEventHandlerRecord.handleBubblingEvent(CompositeEventHandler.java:247)
	at com.sun.javafx.event.CompositeEventHandler.dispatchBubblingEvent(CompositeEventHandler.java:80)
	at com.sun.javafx.event.EventHandlerManager.dispatchBubblingEvent(EventHandlerManager.java:234)
	at com.sun.javafx.event.EventHandlerManager.dispatchBubblingEvent(EventHandlerManager.java:191)
	at com.sun.javafx.event.CompositeEventDispatcher.dispatchBubblingEvent(CompositeEventDispatcher.java:59)
	at com.sun.javafx.event.BasicEventDispatcher.dispatchEvent(BasicEventDispatcher.java:58)
	at com.sun.javafx.event.EventDispatchChainImpl.dispatchEvent(EventDispatchChainImpl.java:114)
	at com.sun.javafx.event.BasicEventDispatcher.dispatchEvent(BasicEventDispatcher.java:56)
	at com.sun.javafx.event.EventDispatchChainImpl.dispatchEvent(EventDispatchChainImpl.java:114)
	at com.sun.javafx.event.BasicEventDispatcher.dispatchEvent(BasicEventDispatcher.java:56)
	at com.sun.javafx.event.EventDispatchChainImpl.dispatchEvent(EventDispatchChainImpl.java:114)
	at com.sun.javafx.event.EventUtil.fireEventImpl(EventUtil.java:74)
	at com.sun.javafx.event.EventUtil.fireEvent(EventUtil.java:54)
	at javafx.event.Event.fireEvent(Event.java:198)
	at javafx.scene.Scene$MouseHandler.process(Scene.java:3931)
	at javafx.scene.Scene.processMouseEvent(Scene.java:1918)
	at javafx.scene.Scene$ScenePeerListener.mouseEvent(Scene.java:2657)
	at com.sun.javafx.tk.quantum.GlassViewEventHandler$MouseEventNotification.run(GlassViewEventHandler.java:411)
	at com.sun.javafx.tk.quantum.GlassViewEventHandler$MouseEventNotification.run(GlassViewEventHandler.java:301)
	at java.base/java.security.AccessController.doPrivileged(AccessController.java:399)
	at com.sun.javafx.tk.quantum.GlassViewEventHandler.lambda$handleMouseEvent$2(GlassViewEventHandler.java:450)
	at com.sun.javafx.tk.quantum.QuantumToolkit.runWithoutRenderLock(QuantumToolkit.java:430)
	at com.sun.javafx.tk.quantum.GlassViewEventHandler.handleMouseEvent(GlassViewEventHandler.java:449)
	at com.sun.glass.ui.View.handleMouseEvent(View.java:551)
	at com.sun.glass.ui.View.notifyMouse(View.java:937)
	at com.sun.glass.ui.monocle.MonocleView.notifyMouse(MonocleView.java:116)
	... 22 common frames omitted
2026-07-10 15:32:17,330 [ERROR] from com.jpro.meta.tk.SceneInputListener in JavaFX Application Thread - Error while processing the input: MouseEventToken(MouseMoved,906.4000244140625,566.4000244140625,MouseButtonToken(2),false,false,false,false,false,false,false,false) app: stage title: 練習モード
java.lang.reflect.InvocationTargetException: null
	at jdk.internal.reflect.GeneratedMethodAccessor9.invoke(Unknown Source)
	at java.base/jdk.internal.reflect.DelegatingMethodAccessorImpl.invoke(DelegatingMethodAccessorImpl.java:43)
	at java.base/java.lang.reflect.Method.invoke(Method.java:569)
	at simplefx.util.ReflectionUtil$UseReflection.applyDynamic(ReflectionUtil.scala:21)
	at com.jpro.meta.tk.SceneInputListener.processInputInScene(SceneInputListener.scala:264)
	at com.jpro.meta.tk.SceneInputListener.processInput(SceneInputListener.scala:178)
	at com.jpro.meta.tk.SceneInputListener.processInputs(SceneInputListener.scala:108)
	at com.jpro.meta.tk.SceneInputListener.$anonfun$new$4(SceneInputListener.scala:42)
	at simplefx.cores.standard.parts.CoreTimeEvent$$anon$3.run(CoreTimeEvent.scala:62)
	at com.sun.javafx.application.PlatformImpl.lambda$runLater$10(PlatformImpl.java:457)
	at java.base/java.security.AccessController.doPrivileged(AccessController.java:399)
	at com.sun.javafx.application.PlatformImpl.lambda$runLater$11(PlatformImpl.java:456)
	at com.sun.glass.ui.monocle.RunnableProcessor.runLoop(RunnableProcessor.java:92)
	at com.sun.glass.ui.monocle.RunnableProcessor.run(RunnableProcessor.java:51)
	at java.base/java.lang.Thread.run(Thread.java:840)
Caused by: java.lang.reflect.InvocationTargetException: null
	at jdk.internal.reflect.GeneratedMethodAccessor10.invoke(Unknown Source)
	at java.base/jdk.internal.reflect.DelegatingMethodAccessorImpl.invoke(DelegatingMethodAccessorImpl.java:43)
	at java.base/java.lang.reflect.Method.invoke(Method.java:569)
	at simplefx.util.ReflectionUtil$UseReflection.applyDynamic(ReflectionUtil.scala:21)
	at com.sun.glass.ui.monocle.input.fork.NativeMouseInput.notifyMouse(NativeMouseInput.scala:330)
	at com.sun.glass.ui.monocle.input.fork.NativeMouseInput.postMouseEvent(NativeMouseInput.scala:226)
	at com.sun.glass.ui.monocle.input.fork.NativeMouseInput.setState(NativeMouseInput.scala:186)
	... 15 common frames omitted
Caused by: java.lang.NullPointerException: Cannot invoke "javafx.scene.media.AudioClip.stop()" because "this.clickSound" is null
	at story.Practice.lambda$createScene$6(Practice.java:142)
	at com.sun.javafx.event.CompositeEventHandler.dispatchBubblingEvent(CompositeEventHandler.java:86)
	at com.sun.javafx.event.EventHandlerManager.dispatchBubblingEvent(EventHandlerManager.java:234)
	at com.sun.javafx.event.EventHandlerManager.dispatchBubblingEvent(EventHandlerManager.java:191)
	at com.sun.javafx.event.CompositeEventDispatcher.dispatchBubblingEvent(CompositeEventDispatcher.java:59)
	at com.sun.javafx.event.BasicEventDispatcher.dispatchEvent(BasicEventDispatcher.java:58)
	at com.sun.javafx.event.EventDispatchChainImpl.dispatchEvent(EventDispatchChainImpl.java:114)
	at com.sun.javafx.event.BasicEventDispatcher.dispatchEvent(BasicEventDispatcher.java:56)
	at com.sun.javafx.event.EventDispatchChainImpl.dispatchEvent(EventDispatchChainImpl.java:114)
	at com.sun.javafx.event.BasicEventDispatcher.dispatchEvent(BasicEventDispatcher.java:56)
	at com.sun.javafx.event.EventDispatchChainImpl.dispatchEvent(EventDispatchChainImpl.java:114)
	at com.sun.javafx.event.EventUtil.fireEventImpl(EventUtil.java:74)
	at com.sun.javafx.event.EventUtil.fireEvent(EventUtil.java:49)
	at javafx.event.Event.fireEvent(Event.java:198)
	at javafx.scene.Node.fireEvent(Node.java:8797)
	at javafx.scene.control.Button.fire(Button.java:203)
	at com.sun.javafx.scene.control.behavior.ButtonBehavior.mouseReleased(ButtonBehavior.java:208)
	at com.sun.javafx.scene.control.inputmap.InputMap.handle(InputMap.java:274)
	at com.sun.javafx.event.CompositeEventHandler$NormalEventHandlerRecord.handleBubblingEvent(CompositeEventHandler.java:247)
	at com.sun.javafx.event.CompositeEventHandler.dispatchBubblingEvent(CompositeEventHandler.java:80)
	at com.sun.javafx.event.EventHandlerManager.dispatchBubblingEvent(EventHandlerManager.java:234)
	at com.sun.javafx.event.EventHandlerManager.dispatchBubblingEvent(EventHandlerManager.java:191)
	at com.sun.javafx.event.CompositeEventDispatcher.dispatchBubblingEvent(CompositeEventDispatcher.java:59)
	at com.sun.javafx.event.BasicEventDispatcher.dispatchEvent(BasicEventDispatcher.java:58)
	at com.sun.javafx.event.EventDispatchChainImpl.dispatchEvent(EventDispatchChainImpl.java:114)
	at com.sun.javafx.event.BasicEventDispatcher.dispatchEvent(BasicEventDispatcher.java:56)
	at com.sun.javafx.event.EventDispatchChainImpl.dispatchEvent(EventDispatchChainImpl.java:114)
	at com.sun.javafx.event.BasicEventDispatcher.dispatchEvent(BasicEventDispatcher.java:56)
	at com.sun.javafx.event.EventDispatchChainImpl.dispatchEvent(EventDispatchChainImpl.java:114)
	at com.sun.javafx.event.EventUtil.fireEventImpl(EventUtil.java:74)
	at com.sun.javafx.event.EventUtil.fireEvent(EventUtil.java:54)
	at javafx.event.Event.fireEvent(Event.java:198)
	at javafx.scene.Scene$MouseHandler.process(Scene.java:3931)
	at javafx.scene.Scene.processMouseEvent(Scene.java:1918)
	at javafx.scene.Scene$ScenePeerListener.mouseEvent(Scene.java:2657)
	at com.sun.javafx.tk.quantum.GlassViewEventHandler$MouseEventNotification.run(GlassViewEventHandler.java:411)
	at com.sun.javafx.tk.quantum.GlassViewEventHandler$MouseEventNotification.run(GlassViewEventHandler.java:301)
	at java.base/java.security.AccessController.doPrivileged(AccessController.java:399)
	at com.sun.javafx.tk.quantum.GlassViewEventHandler.lambda$handleMouseEvent$2(GlassViewEventHandler.java:450)
	at com.sun.javafx.tk.quantum.QuantumToolkit.runWithoutRenderLock(QuantumToolkit.java:430)
	at com.sun.javafx.tk.quantum.GlassViewEventHandler.handleMouseEvent(GlassViewEventHandler.java:449)
	at com.sun.glass.ui.View.handleMouseEvent(View.java:551)
	at com.sun.glass.ui.View.notifyMouse(View.java:937)
	at com.sun.glass.ui.monocle.MonocleView.notifyMouse(MonocleView.java:116)
	... 22 common frames omitted
2026-07-10 15:32:17,347 [ERROR] from com.jpro.meta.tk.SceneInputListener in JavaFX Application Thread - Error while processing the input: MouseEventToken(MouseMoved,906.4000244140625,535.2000122070312,MouseButtonToken(2),false,false,false,false,false,false,false,false) app: stage title: 練習モード
java.lang.reflect.InvocationTargetException: null
	at jdk.internal.reflect.GeneratedMethodAccessor9.invoke(Unknown Source)
	at java.base/jdk.internal.reflect.DelegatingMethodAccessorImpl.invoke(DelegatingMethodAccessorImpl.java:43)
	at java.base/java.lang.reflect.Method.invoke(Method.java:569)
	at simplefx.util.ReflectionUtil$UseReflection.applyDynamic(ReflectionUtil.scala:21)
	at com.jpro.meta.tk.SceneInputListener.processInputInScene(SceneInputListener.scala:264)
	at com.jpro.meta.tk.SceneInputListener.processInput(SceneInputListener.scala:178)
	at com.jpro.meta.tk.SceneInputListener.processInputs(SceneInputListener.scala:108)
	at com.jpro.meta.tk.SceneInputListener.$anonfun$new$4(SceneInputListener.scala:42)
	at simplefx.cores.standard.parts.CoreTimeEvent$$anon$3.run(CoreTimeEvent.scala:62)
	at com.sun.javafx.application.PlatformImpl.lambda$runLater$10(PlatformImpl.java:457)
	at java.base/java.security.AccessController.doPrivileged(AccessController.java:399)
	at com.sun.javafx.application.PlatformImpl.lambda$runLater$11(PlatformImpl.java:456)
	at com.sun.glass.ui.monocle.RunnableProcessor.runLoop(RunnableProcessor.java:92)
	at com.sun.glass.ui.monocle.RunnableProcessor.run(RunnableProcessor.java:51)
	at java.base/java.lang.Thread.run(Thread.java:840)
Caused by: java.lang.reflect.InvocationTargetException: null
	at jdk.internal.reflect.GeneratedMethodAccessor10.invoke(Unknown Source)
	at java.base/jdk.internal.reflect.DelegatingMethodAccessorImpl.invoke(DelegatingMethodAccessorImpl.java:43)
	at java.base/java.lang.reflect.Method.invoke(Method.java:569)
	at simplefx.util.ReflectionUtil$UseReflection.applyDynamic(ReflectionUtil.scala:21)
	at com.sun.glass.ui.monocle.input.fork.NativeMouseInput.notifyMouse(NativeMouseInput.scala:330)
	at com.sun.glass.ui.monocle.input.fork.NativeMouseInput.postMouseEvent(NativeMouseInput.scala:226)
	at com.sun.glass.ui.monocle.input.fork.NativeMouseInput.setState(NativeMouseInput.scala:186)
	... 15 common frames omitted
Caused by: java.lang.NullPointerException: Cannot invoke "javafx.scene.media.AudioClip.stop()" because "this.clickSound" is null
	at story.Practice.lambda$createScene$6(Practice.java:142)
	at com.sun.javafx.event.CompositeEventHandler.dispatchBubblingEvent(CompositeEventHandler.java:86)
	at com.sun.javafx.event.EventHandlerManager.dispatchBubblingEvent(EventHandlerManager.java:234)
	at com.sun.javafx.event.EventHandlerManager.dispatchBubblingEvent(EventHandlerManager.java:191)
	at com.sun.javafx.event.CompositeEventDispatcher.dispatchBubblingEvent(CompositeEventDispatcher.java:59)
	at com.sun.javafx.event.BasicEventDispatcher.dispatchEvent(BasicEventDispatcher.java:58)
	at com.sun.javafx.event.EventDispatchChainImpl.dispatchEvent(EventDispatchChainImpl.java:114)
	at com.sun.javafx.event.BasicEventDispatcher.dispatchEvent(BasicEventDispatcher.java:56)
	at com.sun.javafx.event.EventDispatchChainImpl.dispatchEvent(EventDispatchChainImpl.java:114)
	at com.sun.javafx.event.BasicEventDispatcher.dispatchEvent(BasicEventDispatcher.java:56)
	at com.sun.javafx.event.EventDispatchChainImpl.dispatchEvent(EventDispatchChainImpl.java:114)
	at com.sun.javafx.event.EventUtil.fireEventImpl(EventUtil.java:74)
	at com.sun.javafx.event.EventUtil.fireEvent(EventUtil.java:49)
	at javafx.event.Event.fireEvent(Event.java:198)
	at javafx.scene.Node.fireEvent(Node.java:8797)
	at javafx.scene.control.Button.fire(Button.java:203)
	at com.sun.javafx.scene.control.behavior.ButtonBehavior.mouseReleased(ButtonBehavior.java:208)
	at com.sun.javafx.scene.control.inputmap.InputMap.handle(InputMap.java:274)
	at com.sun.javafx.event.CompositeEventHandler$NormalEventHandlerRecord.handleBubblingEvent(CompositeEventHandler.java:247)
	at com.sun.javafx.event.CompositeEventHandler.dispatchBubblingEvent(CompositeEventHandler.java:80)
	at com.sun.javafx.event.EventHandlerManager.dispatchBubblingEvent(EventHandlerManager.java:234)
	at com.sun.javafx.event.EventHandlerManager.dispatchBubblingEvent(EventHandlerManager.java:191)
	at com.sun.javafx.event.CompositeEventDispatcher.dispatchBubblingEvent(CompositeEventDispatcher.java:59)
	at com.sun.javafx.event.BasicEventDispatcher.dispatchEvent(BasicEventDispatcher.java:58)
	at com.sun.javafx.event.EventDispatchChainImpl.dispatchEvent(EventDispatchChainImpl.java:114)
	at com.sun.javafx.event.BasicEventDispatcher.dispatchEvent(BasicEventDispatcher.java:56)
	at com.sun.javafx.event.EventDispatchChainImpl.dispatchEvent(EventDispatchChainImpl.java:114)
	at com.sun.javafx.event.BasicEventDispatcher.dispatchEvent(BasicEventDispatcher.java:56)
	at com.sun.javafx.event.EventDispatchChainImpl.dispatchEvent(EventDispatchChainImpl.java:114)
	at com.sun.javafx.event.EventUtil.fireEventImpl(EventUtil.java:74)
	at com.sun.javafx.event.EventUtil.fireEvent(EventUtil.java:54)
	at javafx.event.Event.fireEvent(Event.java:198)
	at javafx.scene.Scene$MouseHandler.process(Scene.java:3931)
	at javafx.scene.Scene.processMouseEvent(Scene.java:1918)
	at javafx.scene.Scene$ScenePeerListener.mouseEvent(Scene.java:2657)
	at com.sun.javafx.tk.quantum.GlassViewEventHandler$MouseEventNotification.run(GlassViewEventHandler.java:411)
	at com.sun.javafx.tk.quantum.GlassViewEventHandler$MouseEventNotification.run(GlassViewEventHandler.java:301)
	at java.base/java.security.AccessController.doPrivileged(AccessController.java:399)
	at com.sun.javafx.tk.quantum.GlassViewEventHandler.lambda$handleMouseEvent$2(GlassViewEventHandler.java:450)
	at com.sun.javafx.tk.quantum.QuantumToolkit.runWithoutRenderLock(QuantumToolkit.java:430)
	at com.sun.javafx.tk.quantum.GlassViewEventHandler.handleMouseEvent(GlassViewEventHandler.java:449)
	at com.sun.glass.ui.View.handleMouseEvent(View.java:551)
	at com.sun.glass.ui.View.notifyMouse(View.java:937)
	at com.sun.glass.ui.monocle.MonocleView.notifyMouse(MonocleView.java:116)
	... 22 common frames omitted
2026-07-10 15:32:17,363 [ERROR] from com.jpro.meta.tk.SceneInputListener in JavaFX Application Thread - Error while processing the input: MouseEventToken(MouseMoved,908.0,511.20001220703125,MouseButtonToken(2),false,false,false,false,false,false,false,false) app: stage title: 練習モード
java.lang.reflect.InvocationTargetException: null
	at jdk.internal.reflect.GeneratedMethodAccessor9.invoke(Unknown Source)
	at java.base/jdk.internal.reflect.DelegatingMethodAccessorImpl.invoke(DelegatingMethodAccessorImpl.java:43)
	at java.base/java.lang.reflect.Method.invoke(Method.java:569)
	at simplefx.util.ReflectionUtil$UseReflection.applyDynamic(ReflectionUtil.scala:21)
	at com.jpro.meta.tk.SceneInputListener.processInputInScene(SceneInputListener.scala:264)
	at com.jpro.meta.tk.SceneInputListener.processInput(SceneInputListener.scala:178)
	at com.jpro.meta.tk.SceneInputListener.processInputs(SceneInputListener.scala:108)
	at com.jpro.meta.tk.SceneInputListener.$anonfun$new$4(SceneInputListener.scala:42)
	at simplefx.cores.standard.parts.CoreTimeEvent$$anon$3.run(CoreTimeEvent.scala:62)
	at com.sun.javafx.application.PlatformImpl.lambda$runLater$10(PlatformImpl.java:457)
	at java.base/java.security.AccessController.doPrivileged(AccessController.java:399)
	at com.sun.javafx.application.PlatformImpl.lambda$runLater$11(PlatformImpl.java:456)
	at com.sun.glass.ui.monocle.RunnableProcessor.runLoop(RunnableProcessor.java:92)
	at com.sun.glass.ui.monocle.RunnableProcessor.run(RunnableProcessor.java:51)
	at java.base/java.lang.Thread.run(Thread.java:840)
Caused by: java.lang.reflect.InvocationTargetException: null
	at jdk.internal.reflect.GeneratedMethodAccessor10.invoke(Unknown Source)
	at java.base/jdk.internal.reflect.DelegatingMethodAccessorImpl.invoke(DelegatingMethodAccessorImpl.java:43)
	at java.base/java.lang.reflect.Method.invoke(Method.java:569)
	at simplefx.util.ReflectionUtil$UseReflection.applyDynamic(ReflectionUtil.scala:21)
	at com.sun.glass.ui.monocle.input.fork.NativeMouseInput.notifyMouse(NativeMouseInput.scala:330)
	at com.sun.glass.ui.monocle.input.fork.NativeMouseInput.postMouseEvent(NativeMouseInput.scala:226)
	at com.sun.glass.ui.monocle.input.fork.NativeMouseInput.setState(NativeMouseInput.scala:186)
	... 15 common frames omitted
Caused by: java.lang.NullPointerException: Cannot invoke "javafx.scene.media.AudioClip.stop()" because "this.clickSound" is null
	at story.Practice.lambda$createScene$4(Practice.java:132)
	at com.sun.javafx.event.CompositeEventHandler.dispatchBubblingEvent(CompositeEventHandler.java:86)
	at com.sun.javafx.event.EventHandlerManager.dispatchBubblingEvent(EventHandlerManager.java:234)
	at com.sun.javafx.event.EventHandlerManager.dispatchBubblingEvent(EventHandlerManager.java:191)
	at com.sun.javafx.event.CompositeEventDispatcher.dispatchBubblingEvent(CompositeEventDispatcher.java:59)
	at com.sun.javafx.event.BasicEventDispatcher.dispatchEvent(BasicEventDispatcher.java:58)
	at com.sun.javafx.event.EventDispatchChainImpl.dispatchEvent(EventDispatchChainImpl.java:114)
	at com.sun.javafx.event.BasicEventDispatcher.dispatchEvent(BasicEventDispatcher.java:56)
	at com.sun.javafx.event.EventDispatchChainImpl.dispatchEvent(EventDispatchChainImpl.java:114)
	at com.sun.javafx.event.BasicEventDispatcher.dispatchEvent(BasicEventDispatcher.java:56)
	at com.sun.javafx.event.EventDispatchChainImpl.dispatchEvent(EventDispatchChainImpl.java:114)
	at com.sun.javafx.event.EventUtil.fireEventImpl(EventUtil.java:74)
	at com.sun.javafx.event.EventUtil.fireEvent(EventUtil.java:49)
	at javafx.event.Event.fireEvent(Event.java:198)
	at javafx.scene.Node.fireEvent(Node.java:8797)
	at javafx.scene.control.Button.fire(Button.java:203)
	at com.sun.javafx.scene.control.behavior.ButtonBehavior.mouseReleased(ButtonBehavior.java:208)
	at com.sun.javafx.scene.control.inputmap.InputMap.handle(InputMap.java:274)
	at com.sun.javafx.event.CompositeEventHandler$NormalEventHandlerRecord.handleBubblingEvent(CompositeEventHandler.java:247)
	at com.sun.javafx.event.CompositeEventHandler.dispatchBubblingEvent(CompositeEventHandler.java:80)
	at com.sun.javafx.event.EventHandlerManager.dispatchBubblingEvent(EventHandlerManager.java:234)
	at com.sun.javafx.event.EventHandlerManager.dispatchBubblingEvent(EventHandlerManager.java:191)
	at com.sun.javafx.event.CompositeEventDispatcher.dispatchBubblingEvent(CompositeEventDispatcher.java:59)
	at com.sun.javafx.event.BasicEventDispatcher.dispatchEvent(BasicEventDispatcher.java:58)
	at com.sun.javafx.event.EventDispatchChainImpl.dispatchEvent(EventDispatchChainImpl.java:114)
	at com.sun.javafx.event.BasicEventDispatcher.dispatchEvent(BasicEventDispatcher.java:56)
	at com.sun.javafx.event.EventDispatchChainImpl.dispatchEvent(EventDispatchChainImpl.java:114)
	at com.sun.javafx.event.BasicEventDispatcher.dispatchEvent(BasicEventDispatcher.java:56)
	at com.sun.javafx.event.EventDispatchChainImpl.dispatchEvent(EventDispatchChainImpl.java:114)
	at com.sun.javafx.event.EventUtil.fireEventImpl(EventUtil.java:74)
	at com.sun.javafx.event.EventUtil.fireEvent(EventUtil.java:54)
	at javafx.event.Event.fireEvent(Event.java:198)
	at javafx.scene.Scene$MouseHandler.process(Scene.java:3931)
	at javafx.scene.Scene.processMouseEvent(Scene.java:1918)
	at javafx.scene.Scene$ScenePeerListener.mouseEvent(Scene.java:2657)
	at com.sun.javafx.tk.quantum.GlassViewEventHandler$MouseEventNotification.run(GlassViewEventHandler.java:411)
	at com.sun.javafx.tk.quantum.GlassViewEventHandler$MouseEventNotification.run(GlassViewEventHandler.java:301)
	at java.base/java.security.AccessController.doPrivileged(AccessController.java:399)
	at com.sun.javafx.tk.quantum.GlassViewEventHandler.lambda$handleMouseEvent$2(GlassViewEventHandler.java:450)
	at com.sun.javafx.tk.quantum.QuantumToolkit.runWithoutRenderLock(QuantumToolkit.java:430)
	at com.sun.javafx.tk.quantum.GlassViewEventHandler.handleMouseEvent(GlassViewEventHandler.java:449)
	at com.sun.glass.ui.View.handleMouseEvent(View.java:551)
	at com.sun.glass.ui.View.notifyMouse(View.java:937)
	at com.sun.glass.ui.monocle.MonocleView.notifyMouse(MonocleView.java:116)
	... 22 common frames omitted
2026-07-10 15:32:17,381 [ERROR] from com.jpro.meta.tk.SceneInputListener in JavaFX Application Thread - Error while processing the input: MouseEventToken(MouseMoved,912.0,495.20001220703125,MouseButtonToken(2),false,false,false,false,false,false,false,false) app: stage title: 練習モード
java.lang.reflect.InvocationTargetException: null
	at jdk.internal.reflect.GeneratedMethodAccessor9.invoke(Unknown Source)
	at java.base/jdk.internal.reflect.DelegatingMethodAccessorImpl.invoke(DelegatingMethodAccessorImpl.java:43)
	at java.base/java.lang.reflect.Method.invoke(Method.java:569)
	at simplefx.util.ReflectionUtil$UseReflection.applyDynamic(ReflectionUtil.scala:21)
	at com.jpro.meta.tk.SceneInputListener.processInputInScene(SceneInputListener.scala:264)
	at com.jpro.meta.tk.SceneInputListener.processInput(SceneInputListener.scala:178)
	at com.jpro.meta.tk.SceneInputListener.processInputs(SceneInputListener.scala:108)
	at com.jpro.meta.tk.SceneInputListener.$anonfun$new$4(SceneInputListener.scala:42)
	at simplefx.cores.standard.parts.CoreTimeEvent$$anon$3.run(CoreTimeEvent.scala:62)
	at com.sun.javafx.application.PlatformImpl.lambda$runLater$10(PlatformImpl.java:457)
	at java.base/java.security.AccessController.doPrivileged(AccessController.java:399)
	at com.sun.javafx.application.PlatformImpl.lambda$runLater$11(PlatformImpl.java:456)
	at com.sun.glass.ui.monocle.RunnableProcessor.runLoop(RunnableProcessor.java:92)
	at com.sun.glass.ui.monocle.RunnableProcessor.run(RunnableProcessor.java:51)
	at java.base/java.lang.Thread.run(Thread.java:840)
Caused by: java.lang.reflect.InvocationTargetException: null
	at jdk.internal.reflect.GeneratedMethodAccessor10.invoke(Unknown Source)
	at java.base/jdk.internal.reflect.DelegatingMethodAccessorImpl.invoke(DelegatingMethodAccessorImpl.java:43)
	at java.base/java.lang.reflect.Method.invoke(Method.java:569)
	at simplefx.util.ReflectionUtil$UseReflection.applyDynamic(ReflectionUtil.scala:21)
	at com.sun.glass.ui.monocle.input.fork.NativeMouseInput.notifyMouse(NativeMouseInput.scala:330)
	at com.sun.glass.ui.monocle.input.fork.NativeMouseInput.postMouseEvent(NativeMouseInput.scala:226)
	at com.sun.glass.ui.monocle.input.fork.NativeMouseInput.setState(NativeMouseInput.scala:186)
	... 15 common frames omitted
Caused by: java.lang.NullPointerException: Cannot invoke "javafx.scene.media.AudioClip.stop()" because "this.clickSound" is null
	at story.Practice.lambda$createScene$4(Practice.java:132)
	at com.sun.javafx.event.CompositeEventHandler.dispatchBubblingEvent(CompositeEventHandler.java:86)
	at com.sun.javafx.event.EventHandlerManager.dispatchBubblingEvent(EventHandlerManager.java:234)
	at com.sun.javafx.event.EventHandlerManager.dispatchBubblingEvent(EventHandlerManager.java:191)
	at com.sun.javafx.event.CompositeEventDispatcher.dispatchBubblingEvent(CompositeEventDispatcher.java:59)
	at com.sun.javafx.event.BasicEventDispatcher.dispatchEvent(BasicEventDispatcher.java:58)
	at com.sun.javafx.event.EventDispatchChainImpl.dispatchEvent(EventDispatchChainImpl.java:114)
	at com.sun.javafx.event.BasicEventDispatcher.dispatchEvent(BasicEventDispatcher.java:56)
	at com.sun.javafx.event.EventDispatchChainImpl.dispatchEvent(EventDispatchChainImpl.java:114)
	at com.sun.javafx.event.BasicEventDispatcher.dispatchEvent(BasicEventDispatcher.java:56)
	at com.sun.javafx.event.EventDispatchChainImpl.dispatchEvent(EventDispatchChainImpl.java:114)
	at com.sun.javafx.event.EventUtil.fireEventImpl(EventUtil.java:74)
	at com.sun.javafx.event.EventUtil.fireEvent(EventUtil.java:49)
	at javafx.event.Event.fireEvent(Event.java:198)
	at javafx.scene.Node.fireEvent(Node.java:8797)
	at javafx.scene.control.Button.fire(Button.java:203)
	at com.sun.javafx.scene.control.behavior.ButtonBehavior.mouseReleased(ButtonBehavior.java:208)
	at com.sun.javafx.scene.control.inputmap.InputMap.handle(InputMap.java:274)
	at com.sun.javafx.event.CompositeEventHandler$NormalEventHandlerRecord.handleBubblingEvent(CompositeEventHandler.java:247)
	at com.sun.javafx.event.CompositeEventHandler.dispatchBubblingEvent(CompositeEventHandler.java:80)
	at com.sun.javafx.event.EventHandlerManager.dispatchBubblingEvent(EventHandlerManager.java:234)
	at com.sun.javafx.event.EventHandlerManager.dispatchBubblingEvent(EventHandlerManager.java:191)
	at com.sun.javafx.event.CompositeEventDispatcher.dispatchBubblingEvent(CompositeEventDispatcher.java:59)
	at com.sun.javafx.event.BasicEventDispatcher.dispatchEvent(BasicEventDispatcher.java:58)
	at com.sun.javafx.event.EventDispatchChainImpl.dispatchEvent(EventDispatchChainImpl.java:114)
	at com.sun.javafx.event.BasicEventDispatcher.dispatchEvent(BasicEventDispatcher.java:56)
	at com.sun.javafx.event.EventDispatchChainImpl.dispatchEvent(EventDispatchChainImpl.java:114)
	at com.sun.javafx.event.BasicEventDispatcher.dispatchEvent(BasicEventDispatcher.java:56)
	at com.sun.javafx.event.EventDispatchChainImpl.dispatchEvent(EventDispatchChainImpl.java:114)
	at com.sun.javafx.event.EventUtil.fireEventImpl(EventUtil.java:74)
	at com.sun.javafx.event.EventUtil.fireEvent(EventUtil.java:54)
	at javafx.event.Event.fireEvent(Event.java:198)
	at javafx.scene.Scene$MouseHandler.process(Scene.java:3931)
	at javafx.scene.Scene.processMouseEvent(Scene.java:1918)
	at javafx.scene.Scene$ScenePeerListener.mouseEvent(Scene.java:2657)
	at com.sun.javafx.tk.quantum.GlassViewEventHandler$MouseEventNotification.run(GlassViewEventHandler.java:411)
	at com.sun.javafx.tk.quantum.GlassViewEventHandler$MouseEventNotification.run(GlassViewEventHandler.java:301)
	at java.base/java.security.AccessController.doPrivileged(AccessController.java:399)
	at com.sun.javafx.tk.quantum.GlassViewEventHandler.lambda$handleMouseEvent$2(GlassViewEventHandler.java:450)
	at com.sun.javafx.tk.quantum.QuantumToolkit.runWithoutRenderLock(QuantumToolkit.java:430)
	at com.sun.javafx.tk.quantum.GlassViewEventHandler.handleMouseEvent(GlassViewEventHandler.java:449)
	at com.sun.glass.ui.View.handleMouseEvent(View.java:551)
	at com.sun.glass.ui.View.notifyMouse(View.java:937)
	at com.sun.glass.ui.monocle.MonocleView.notifyMouse(MonocleView.java:116)
	... 22 common frames omitted
2026-07-10 15:32:17,396 [ERROR] from com.jpro.meta.tk.SceneInputListener in JavaFX Application Thread - Error while processing the input: MouseEventToken(MouseMoved,914.4000244140625,484.8000183105469,MouseButtonToken(2),false,false,false,false,false,false,false,false) app: stage title: 練習モード
java.lang.reflect.InvocationTargetException: null
	at jdk.internal.reflect.GeneratedMethodAccessor9.invoke(Unknown Source)
	at java.base/jdk.internal.reflect.DelegatingMethodAccessorImpl.invoke(DelegatingMethodAccessorImpl.java:43)
	at java.base/java.lang.reflect.Method.invoke(Method.java:569)
	at simplefx.util.ReflectionUtil$UseReflection.applyDynamic(ReflectionUtil.scala:21)
	at com.jpro.meta.tk.SceneInputListener.processInputInScene(SceneInputListener.scala:264)
	at com.jpro.meta.tk.SceneInputListener.processInput(SceneInputListener.scala:178)
	at com.jpro.meta.tk.SceneInputListener.processInputs(SceneInputListener.scala:108)
	at com.jpro.meta.tk.SceneInputListener.$anonfun$new$4(SceneInputListener.scala:42)
	at simplefx.cores.standard.parts.CoreTimeEvent$$anon$3.run(CoreTimeEvent.scala:62)
	at com.sun.javafx.application.PlatformImpl.lambda$runLater$10(PlatformImpl.java:457)
	at java.base/java.security.AccessController.doPrivileged(AccessController.java:399)
	at com.sun.javafx.application.PlatformImpl.lambda$runLater$11(PlatformImpl.java:456)
	at com.sun.glass.ui.monocle.RunnableProcessor.runLoop(RunnableProcessor.java:92)
	at com.sun.glass.ui.monocle.RunnableProcessor.run(RunnableProcessor.java:51)
	at java.base/java.lang.Thread.run(Thread.java:840)
Caused by: java.lang.reflect.InvocationTargetException: null
	at jdk.internal.reflect.GeneratedMethodAccessor10.invoke(Unknown Source)
	at java.base/jdk.internal.reflect.DelegatingMethodAccessorImpl.invoke(DelegatingMethodAccessorImpl.java:43)
	at java.base/java.lang.reflect.Method.invoke(Method.java:569)
	at simplefx.util.ReflectionUtil$UseReflection.applyDynamic(ReflectionUtil.scala:21)
	at com.sun.glass.ui.monocle.input.fork.NativeMouseInput.notifyMouse(NativeMouseInput.scala:330)
	at com.sun.glass.ui.monocle.input.fork.NativeMouseInput.postMouseEvent(NativeMouseInput.scala:226)
	at com.sun.glass.ui.monocle.input.fork.NativeMouseInput.setState(NativeMouseInput.scala:186)
	... 15 common frames omitted
Caused by: java.lang.NullPointerException: Cannot invoke "javafx.scene.media.AudioClip.stop()" because "this.clickSound" is null
	at story.Practice.lambda$createScene$4(Practice.java:132)
	at com.sun.javafx.event.CompositeEventHandler.dispatchBubblingEvent(CompositeEventHandler.java:86)
	at com.sun.javafx.event.EventHandlerManager.dispatchBubblingEvent(EventHandlerManager.java:234)
	at com.sun.javafx.event.EventHandlerManager.dispatchBubblingEvent(EventHandlerManager.java:191)
	at com.sun.javafx.event.CompositeEventDispatcher.dispatchBubblingEvent(CompositeEventDispatcher.java:59)
	at com.sun.javafx.event.BasicEventDispatcher.dispatchEvent(BasicEventDispatcher.java:58)
	at com.sun.javafx.event.EventDispatchChainImpl.dispatchEvent(EventDispatchChainImpl.java:114)
	at com.sun.javafx.event.BasicEventDispatcher.dispatchEvent(BasicEventDispatcher.java:56)
	at com.sun.javafx.event.EventDispatchChainImpl.dispatchEvent(EventDispatchChainImpl.java:114)
	at com.sun.javafx.event.BasicEventDispatcher.dispatchEvent(BasicEventDispatcher.java:56)
	at com.sun.javafx.event.EventDispatchChainImpl.dispatchEvent(EventDispatchChainImpl.java:114)
	at com.sun.javafx.event.EventUtil.fireEventImpl(EventUtil.java:74)
	at com.sun.javafx.event.EventUtil.fireEvent(EventUtil.java:49)
	at javafx.event.Event.fireEvent(Event.java:198)
	at javafx.scene.Node.fireEvent(Node.java:8797)
	at javafx.scene.control.Button.fire(Button.java:203)
	at com.sun.javafx.scene.control.behavior.ButtonBehavior.mouseReleased(ButtonBehavior.java:208)
	at com.sun.javafx.scene.control.inputmap.InputMap.handle(InputMap.java:274)
	at com.sun.javafx.event.CompositeEventHandler$NormalEventHandlerRecord.handleBubblingEvent(CompositeEventHandler.java:247)
	at com.sun.javafx.event.CompositeEventHandler.dispatchBubblingEvent(CompositeEventHandler.java:80)
	at com.sun.javafx.event.EventHandlerManager.dispatchBubblingEvent(EventHandlerManager.java:234)
	at com.sun.javafx.event.EventHandlerManager.dispatchBubblingEvent(EventHandlerManager.java:191)
	at com.sun.javafx.event.CompositeEventDispatcher.dispatchBubblingEvent(CompositeEventDispatcher.java:59)
	at com.sun.javafx.event.BasicEventDispatcher.dispatchEvent(BasicEventDispatcher.java:58)
	at com.sun.javafx.event.EventDispatchChainImpl.dispatchEvent(EventDispatchChainImpl.java:114)
	at com.sun.javafx.event.BasicEventDispatcher.dispatchEvent(BasicEventDispatcher.java:56)
	at com.sun.javafx.event.EventDispatchChainImpl.dispatchEvent(EventDispatchChainImpl.java:114)
	at com.sun.javafx.event.BasicEventDispatcher.dispatchEvent(BasicEventDispatcher.java:56)
	at com.sun.javafx.event.EventDispatchChainImpl.dispatchEvent(EventDispatchChainImpl.java:114)
	at com.sun.javafx.event.EventUtil.fireEventImpl(EventUtil.java:74)
	at com.sun.javafx.event.EventUtil.fireEvent(EventUtil.java:54)
	at javafx.event.Event.fireEvent(Event.java:198)
	at javafx.scene.Scene$MouseHandler.process(Scene.java:3931)
	at javafx.scene.Scene.processMouseEvent(Scene.java:1918)
	at javafx.scene.Scene$ScenePeerListener.mouseEvent(Scene.java:2657)
	at com.sun.javafx.tk.quantum.GlassViewEventHandler$MouseEventNotification.run(GlassViewEventHandler.java:411)
	at com.sun.javafx.tk.quantum.GlassViewEventHandler$MouseEventNotification.run(GlassViewEventHandler.java:301)
	at java.base/java.security.AccessController.doPrivileged(AccessController.java:399)
	at com.sun.javafx.tk.quantum.GlassViewEventHandler.lambda$handleMouseEvent$2(GlassViewEventHandler.java:450)
	at com.sun.javafx.tk.quantum.QuantumToolkit.runWithoutRenderLock(QuantumToolkit.java:430)
	at com.sun.javafx.tk.quantum.GlassViewEventHandler.handleMouseEvent(GlassViewEventHandler.java:449)
	at com.sun.glass.ui.View.handleMouseEvent(View.java:551)
	at com.sun.glass.ui.View.notifyMouse(View.java:937)
	at com.sun.glass.ui.monocle.MonocleView.notifyMouse(MonocleView.java:116)
	... 22 common frames omitted
2026-07-10 15:32:17,413 [ERROR] from com.jpro.meta.tk.SceneInputListener in JavaFX Application Thread - Error while processing the input: MouseEventToken(MouseMoved,915.2000122070312,482.3999938964844,MouseButtonToken(2),false,false,false,false,false,false,false,false) app: stage title: 練習モード
java.lang.reflect.InvocationTargetException: null
	at jdk.internal.reflect.GeneratedMethodAccessor9.invoke(Unknown Source)
	at java.base/jdk.internal.reflect.DelegatingMethodAccessorImpl.invoke(DelegatingMethodAccessorImpl.java:43)
	at java.base/java.lang.reflect.Method.invoke(Method.java:569)
	at simplefx.util.ReflectionUtil$UseReflection.applyDynamic(ReflectionUtil.scala:21)
	at com.jpro.meta.tk.SceneInputListener.processInputInScene(SceneInputListener.scala:264)
	at com.jpro.meta.tk.SceneInputListener.processInput(SceneInputListener.scala:178)
	at com.jpro.meta.tk.SceneInputListener.processInputs(SceneInputListener.scala:108)
	at com.jpro.meta.tk.SceneInputListener.$anonfun$new$4(SceneInputListener.scala:42)
	at simplefx.cores.standard.parts.CoreTimeEvent$$anon$3.run(CoreTimeEvent.scala:62)
	at com.sun.javafx.application.PlatformImpl.lambda$runLater$10(PlatformImpl.java:457)
	at java.base/java.security.AccessController.doPrivileged(AccessController.java:399)
	at com.sun.javafx.application.PlatformImpl.lambda$runLater$11(PlatformImpl.java:456)
	at com.sun.glass.ui.monocle.RunnableProcessor.runLoop(RunnableProcessor.java:92)
	at com.sun.glass.ui.monocle.RunnableProcessor.run(RunnableProcessor.java:51)
	at java.base/java.lang.Thread.run(Thread.java:840)
Caused by: java.lang.reflect.InvocationTargetException: null
	at jdk.internal.reflect.GeneratedMethodAccessor10.invoke(Unknown Source)
	at java.base/jdk.internal.reflect.DelegatingMethodAccessorImpl.invoke(DelegatingMethodAccessorImpl.java:43)
	at java.base/java.lang.reflect.Method.invoke(Method.java:569)
	at simplefx.util.ReflectionUtil$UseReflection.applyDynamic(ReflectionUtil.scala:21)
	at com.sun.glass.ui.monocle.input.fork.NativeMouseInput.notifyMouse(NativeMouseInput.scala:330)
	at com.sun.glass.ui.monocle.input.fork.NativeMouseInput.postMouseEvent(NativeMouseInput.scala:226)
	at com.sun.glass.ui.monocle.input.fork.NativeMouseInput.setState(NativeMouseInput.scala:186)
	... 15 common frames omitted
Caused by: java.lang.NullPointerException: Cannot invoke "javafx.scene.media.AudioClip.stop()" because "this.clickSound" is null
	at story.Practice.lambda$createScene$4(Practice.java:132)
	at com.sun.javafx.event.CompositeEventHandler.dispatchBubblingEvent(CompositeEventHandler.java:86)
	at com.sun.javafx.event.EventHandlerManager.dispatchBubblingEvent(EventHandlerManager.java:234)
	at com.sun.javafx.event.EventHandlerManager.dispatchBubblingEvent(EventHandlerManager.java:191)
	at com.sun.javafx.event.CompositeEventDispatcher.dispatchBubblingEvent(CompositeEventDispatcher.java:59)
	at com.sun.javafx.event.BasicEventDispatcher.dispatchEvent(BasicEventDispatcher.java:58)
	at com.sun.javafx.event.EventDispatchChainImpl.dispatchEvent(EventDispatchChainImpl.java:114)
	at com.sun.javafx.event.BasicEventDispatcher.dispatchEvent(BasicEventDispatcher.java:56)
	at com.sun.javafx.event.EventDispatchChainImpl.dispatchEvent(EventDispatchChainImpl.java:114)
	at com.sun.javafx.event.BasicEventDispatcher.dispatchEvent(BasicEventDispatcher.java:56)
	at com.sun.javafx.event.EventDispatchChainImpl.dispatchEvent(EventDispatchChainImpl.java:114)
	at com.sun.javafx.event.EventUtil.fireEventImpl(EventUtil.java:74)
	at com.sun.javafx.event.EventUtil.fireEvent(EventUtil.java:49)
	at javafx.event.Event.fireEvent(Event.java:198)
	at javafx.scene.Node.fireEvent(Node.java:8797)
	at javafx.scene.control.Button.fire(Button.java:203)
	at com.sun.javafx.scene.control.behavior.ButtonBehavior.mouseReleased(ButtonBehavior.java:208)
	at com.sun.javafx.scene.control.inputmap.InputMap.handle(InputMap.java:274)
	at com.sun.javafx.event.CompositeEventHandler$NormalEventHandlerRecord.handleBubblingEvent(CompositeEventHandler.java:247)
	at com.sun.javafx.event.CompositeEventHandler.dispatchBubblingEvent(CompositeEventHandler.java:80)
	at com.sun.javafx.event.EventHandlerManager.dispatchBubblingEvent(EventHandlerManager.java:234)
	at com.sun.javafx.event.EventHandlerManager.dispatchBubblingEvent(EventHandlerManager.java:191)
	at com.sun.javafx.event.CompositeEventDispatcher.dispatchBubblingEvent(CompositeEventDispatcher.java:59)
	at com.sun.javafx.event.BasicEventDispatcher.dispatchEvent(BasicEventDispatcher.java:58)
	at com.sun.javafx.event.EventDispatchChainImpl.dispatchEvent(EventDispatchChainImpl.java:114)
	at com.sun.javafx.event.BasicEventDispatcher.dispatchEvent(BasicEventDispatcher.java:56)
	at com.sun.javafx.event.EventDispatchChainImpl.dispatchEvent(EventDispatchChainImpl.java:114)
	at com.sun.javafx.event.BasicEventDispatcher.dispatchEvent(BasicEventDispatcher.java:56)
	at com.sun.javafx.event.EventDispatchChainImpl.dispatchEvent(EventDispatchChainImpl.java:114)
	at com.sun.javafx.event.EventUtil.fireEventImpl(EventUtil.java:74)
	at com.sun.javafx.event.EventUtil.fireEvent(EventUtil.java:54)
	at javafx.event.Event.fireEvent(Event.java:198)
	at javafx.scene.Scene$MouseHandler.process(Scene.java:3931)
	at javafx.scene.Scene.processMouseEvent(Scene.java:1918)
	at javafx.scene.Scene$ScenePeerListener.mouseEvent(Scene.java:2657)
	at com.sun.javafx.tk.quantum.GlassViewEventHandler$MouseEventNotification.run(GlassViewEventHandler.java:411)
	at com.sun.javafx.tk.quantum.GlassViewEventHandler$MouseEventNotification.run(GlassViewEventHandler.java:301)
	at java.base/java.security.AccessController.doPrivileged(AccessController.java:399)
	at com.sun.javafx.tk.quantum.GlassViewEventHandler.lambda$handleMouseEvent$2(GlassViewEventHandler.java:450)
	at com.sun.javafx.tk.quantum.QuantumToolkit.runWithoutRenderLock(QuantumToolkit.java:430)
	at com.sun.javafx.tk.quantum.GlassViewEventHandler.handleMouseEvent(GlassViewEventHandler.java:449)
	at com.sun.glass.ui.View.handleMouseEvent(View.java:551)
	at com.sun.glass.ui.View.notifyMouse(View.java:937)
	at com.sun.glass.ui.monocle.MonocleView.notifyMouse(MonocleView.java:116)
	... 22 common frames omitted
2026-07-10 15:32:17,526 [ERROR] from com.jpro.meta.tk.SceneInputListener in JavaFX Application Thread - Error while processing the input: MouseEventToken(MouseReleased,915.2000122070312,482.3999938964844,MouseButtonToken(3),false,false,false,false,false,false,false,false) app: stage title: 練習モード
java.lang.reflect.InvocationTargetException: null
	at jdk.internal.reflect.GeneratedMethodAccessor9.invoke(Unknown Source)
	at java.base/jdk.internal.reflect.DelegatingMethodAccessorImpl.invoke(DelegatingMethodAccessorImpl.java:43)
	at java.base/java.lang.reflect.Method.invoke(Method.java:569)
	at simplefx.util.ReflectionUtil$UseReflection.applyDynamic(ReflectionUtil.scala:21)
	at com.jpro.meta.tk.SceneInputListener.processInputInScene(SceneInputListener.scala:264)
	at com.jpro.meta.tk.SceneInputListener.processInput(SceneInputListener.scala:175)
	at com.jpro.meta.tk.SceneInputListener.processInputs(SceneInputListener.scala:108)
	at com.jpro.meta.tk.SceneInputListener.$anonfun$new$4(SceneInputListener.scala:42)
	at simplefx.cores.standard.parts.CoreTimeEvent$$anon$3.run(CoreTimeEvent.scala:62)
	at com.sun.javafx.application.PlatformImpl.lambda$runLater$10(PlatformImpl.java:457)
	at java.base/java.security.AccessController.doPrivileged(AccessController.java:399)
	at com.sun.javafx.application.PlatformImpl.lambda$runLater$11(PlatformImpl.java:456)
	at com.sun.glass.ui.monocle.RunnableProcessor.runLoop(RunnableProcessor.java:92)
	at com.sun.glass.ui.monocle.RunnableProcessor.run(RunnableProcessor.java:51)
	at java.base/java.lang.Thread.run(Thread.java:840)
Caused by: java.lang.reflect.InvocationTargetException: null
	at jdk.internal.reflect.GeneratedMethodAccessor10.invoke(Unknown Source)
	at java.base/jdk.internal.reflect.DelegatingMethodAccessorImpl.invoke(DelegatingMethodAccessorImpl.java:43)
	at java.base/java.lang.reflect.Method.invoke(Method.java:569)
	at simplefx.util.ReflectionUtil$UseReflection.applyDynamic(ReflectionUtil.scala:21)
	at com.sun.glass.ui.monocle.input.fork.NativeMouseInput.notifyMouse(NativeMouseInput.scala:330)
	at com.sun.glass.ui.monocle.input.fork.NativeMouseInput.postMouseEvent(NativeMouseInput.scala:226)
	at com.sun.glass.ui.monocle.input.fork.NativeMouseInput.setState(NativeMouseInput.scala:186)
	... 15 common frames omitted
Caused by: java.lang.NullPointerException: Cannot invoke "javafx.scene.media.AudioClip.stop()" because "this.clickSound" is null
	at story.Practice.lambda$createScene$4(Practice.java:132)
	at com.sun.javafx.event.CompositeEventHandler.dispatchBubblingEvent(CompositeEventHandler.java:86)
	at com.sun.javafx.event.EventHandlerManager.dispatchBubblingEvent(EventHandlerManager.java:234)
	at com.sun.javafx.event.EventHandlerManager.dispatchBubblingEvent(EventHandlerManager.java:191)
	at com.sun.javafx.event.CompositeEventDispatcher.dispatchBubblingEvent(CompositeEventDispatcher.java:59)
	at com.sun.javafx.event.BasicEventDispatcher.dispatchEvent(BasicEventDispatcher.java:58)
	at com.sun.javafx.event.EventDispatchChainImpl.dispatchEvent(EventDispatchChainImpl.java:114)
	at com.sun.javafx.event.BasicEventDispatcher.dispatchEvent(BasicEventDispatcher.java:56)
	at com.sun.javafx.event.EventDispatchChainImpl.dispatchEvent(EventDispatchChainImpl.java:114)
	at com.sun.javafx.event.BasicEventDispatcher.dispatchEvent(BasicEventDispatcher.java:56)
	at com.sun.javafx.event.EventDispatchChainImpl.dispatchEvent(EventDispatchChainImpl.java:114)
	at com.sun.javafx.event.EventUtil.fireEventImpl(EventUtil.java:74)
	at com.sun.javafx.event.EventUtil.fireEvent(EventUtil.java:49)
	at javafx.event.Event.fireEvent(Event.java:198)
	at javafx.scene.Node.fireEvent(Node.java:8797)
	at javafx.scene.control.Button.fire(Button.java:203)
	at com.sun.javafx.scene.control.behavior.ButtonBehavior.mouseReleased(ButtonBehavior.java:208)
	at com.sun.javafx.scene.control.inputmap.InputMap.handle(InputMap.java:274)
	at com.sun.javafx.event.CompositeEventHandler$NormalEventHandlerRecord.handleBubblingEvent(CompositeEventHandler.java:247)
	at com.sun.javafx.event.CompositeEventHandler.dispatchBubblingEvent(CompositeEventHandler.java:80)
	at com.sun.javafx.event.EventHandlerManager.dispatchBubblingEvent(EventHandlerManager.java:234)
	at com.sun.javafx.event.EventHandlerManager.dispatchBubblingEvent(EventHandlerManager.java:191)
	at com.sun.javafx.event.CompositeEventDispatcher.dispatchBubblingEvent(CompositeEventDispatcher.java:59)
	at com.sun.javafx.event.BasicEventDispatcher.dispatchEvent(BasicEventDispatcher.java:58)
	at com.sun.javafx.event.EventDispatchChainImpl.dispatchEvent(EventDispatchChainImpl.java:114)
	at com.sun.javafx.event.BasicEventDispatcher.dispatchEvent(BasicEventDispatcher.java:56)
	at com.sun.javafx.event.EventDispatchChainImpl.dispatchEvent(EventDispatchChainImpl.java:114)
	at com.sun.javafx.event.BasicEventDispatcher.dispatchEvent(BasicEventDispatcher.java:56)
	at com.sun.javafx.event.EventDispatchChainImpl.dispatchEvent(EventDispatchChainImpl.java:114)
	at com.sun.javafx.event.EventUtil.fireEventImpl(EventUtil.java:74)
	at com.sun.javafx.event.EventUtil.fireEvent(EventUtil.java:54)
	at javafx.event.Event.fireEvent(Event.java:198)
	at javafx.scene.Scene$MouseHandler.process(Scene.java:3931)
	at javafx.scene.Scene.processMouseEvent(Scene.java:1918)
	at javafx.scene.Scene$ScenePeerListener.mouseEvent(Scene.java:2657)
	at com.sun.javafx.tk.quantum.GlassViewEventHandler$MouseEventNotification.run(GlassViewEventHandler.java:411)
	at com.sun.javafx.tk.quantum.GlassViewEventHandler$MouseEventNotification.run(GlassViewEventHandler.java:301)
	at java.base/java.security.AccessController.doPrivileged(AccessController.java:399)
	at com.sun.javafx.tk.quantum.GlassViewEventHandler.lambda$handleMouseEvent$2(GlassViewEventHandler.java:450)
	at com.sun.javafx.tk.quantum.QuantumToolkit.runWithoutRenderLock(QuantumToolkit.java:430)
	at com.sun.javafx.tk.quantum.GlassViewEventHandler.handleMouseEvent(GlassViewEventHandler.java:449)
	at com.sun.glass.ui.View.handleMouseEvent(View.java:551)
	at com.sun.glass.ui.View.notifyMouse(View.java:937)
	at com.sun.glass.ui.monocle.MonocleView.notifyMouse(MonocleView.java:116)
	... 22 common frames omitted
2026-07-10 15:32:17,575 [ERROR] from com.jpro.meta.tk.SceneInputListener in JavaFX Application Thread - Error while processing the input: MouseEventToken(MouseMoved,915.2000122070312,481.6000671386719,MouseButtonToken(2),false,false,false,false,false,false,false,false) app: stage title: 練習モード
java.lang.reflect.InvocationTargetException: null
	at jdk.internal.reflect.GeneratedMethodAccessor9.invoke(Unknown Source)
	at java.base/jdk.internal.reflect.DelegatingMethodAccessorImpl.invoke(DelegatingMethodAccessorImpl.java:43)
	at java.base/java.lang.reflect.Method.invoke(Method.java:569)
	at simplefx.util.ReflectionUtil$UseReflection.applyDynamic(ReflectionUtil.scala:21)
	at com.jpro.meta.tk.SceneInputListener.processInputInScene(SceneInputListener.scala:264)
	at com.jpro.meta.tk.SceneInputListener.processInput(SceneInputListener.scala:178)
	at com.jpro.meta.tk.SceneInputListener.processInputs(SceneInputListener.scala:108)
	at com.jpro.meta.tk.SceneInputListener.$anonfun$new$4(SceneInputListener.scala:42)
	at simplefx.cores.standard.parts.CoreTimeEvent$$anon$3.run(CoreTimeEvent.scala:62)
	at com.sun.javafx.application.PlatformImpl.lambda$runLater$10(PlatformImpl.java:457)
	at java.base/java.security.AccessController.doPrivileged(AccessController.java:399)
	at com.sun.javafx.application.PlatformImpl.lambda$runLater$11(PlatformImpl.java:456)
	at com.sun.glass.ui.monocle.RunnableProcessor.runLoop(RunnableProcessor.java:92)
	at com.sun.glass.ui.monocle.RunnableProcessor.run(RunnableProcessor.java:51)
	at java.base/java.lang.Thread.run(Thread.java:840)
Caused by: java.lang.reflect.InvocationTargetException: null
	at jdk.internal.reflect.GeneratedMethodAccessor10.invoke(Unknown Source)
	at java.base/jdk.internal.reflect.DelegatingMethodAccessorImpl.invoke(DelegatingMethodAccessorImpl.java:43)
	at java.base/java.lang.reflect.Method.invoke(Method.java:569)
	at simplefx.util.ReflectionUtil$UseReflection.applyDynamic(ReflectionUtil.scala:21)
	at com.sun.glass.ui.monocle.input.fork.NativeMouseInput.notifyMouse(NativeMouseInput.scala:330)
	at com.sun.glass.ui.monocle.input.fork.NativeMouseInput.postMouseEvent(NativeMouseInput.scala:226)
	at com.sun.glass.ui.monocle.input.fork.NativeMouseInput.setState(NativeMouseInput.scala:186)
	... 15 common frames omitted
Caused by: java.lang.NullPointerException: Cannot invoke "javafx.scene.media.AudioClip.stop()" because "this.clickSound" is null
	at story.Practice.lambda$createScene$4(Practice.java:132)
	at com.sun.javafx.event.CompositeEventHandler.dispatchBubblingEvent(CompositeEventHandler.java:86)
	at com.sun.javafx.event.EventHandlerManager.dispatchBubblingEvent(EventHandlerManager.java:234)
	at com.sun.javafx.event.EventHandlerManager.dispatchBubblingEvent(EventHandlerManager.java:191)
	at com.sun.javafx.event.CompositeEventDispatcher.dispatchBubblingEvent(CompositeEventDispatcher.java:59)
	at com.sun.javafx.event.BasicEventDispatcher.dispatchEvent(BasicEventDispatcher.java:58)
	at com.sun.javafx.event.EventDispatchChainImpl.dispatchEvent(EventDispatchChainImpl.java:114)
	at com.sun.javafx.event.BasicEventDispatcher.dispatchEvent(BasicEventDispatcher.java:56)
	at com.sun.javafx.event.EventDispatchChainImpl.dispatchEvent(EventDispatchChainImpl.java:114)
	at com.sun.javafx.event.BasicEventDispatcher.dispatchEvent(BasicEventDispatcher.java:56)
	at com.sun.javafx.event.EventDispatchChainImpl.dispatchEvent(EventDispatchChainImpl.java:114)
	at com.sun.javafx.event.EventUtil.fireEventImpl(EventUtil.java:74)
	at com.sun.javafx.event.EventUtil.fireEvent(EventUtil.java:49)
	at javafx.event.Event.fireEvent(Event.java:198)
	at javafx.scene.Node.fireEvent(Node.java:8797)
	at javafx.scene.control.Button.fire(Button.java:203)
	at com.sun.javafx.scene.control.behavior.ButtonBehavior.mouseReleased(ButtonBehavior.java:208)
	at com.sun.javafx.scene.control.inputmap.InputMap.handle(InputMap.java:274)
	at com.sun.javafx.event.CompositeEventHandler$NormalEventHandlerRecord.handleBubblingEvent(CompositeEventHandler.java:247)
	at com.sun.javafx.event.CompositeEventHandler.dispatchBubblingEvent(CompositeEventHandler.java:80)
	at com.sun.javafx.event.EventHandlerManager.dispatchBubblingEvent(EventHandlerManager.java:234)
	at com.sun.javafx.event.EventHandlerManager.dispatchBubblingEvent(EventHandlerManager.java:191)
	at com.sun.javafx.event.CompositeEventDispatcher.dispatchBubblingEvent(CompositeEventDispatcher.java:59)
	at com.sun.javafx.event.BasicEventDispatcher.dispatchEvent(BasicEventDispatcher.java:58)
	at com.sun.javafx.event.EventDispatchChainImpl.dispatchEvent(EventDispatchChainImpl.java:114)
	at com.sun.javafx.event.BasicEventDispatcher.dispatchEvent(BasicEventDispatcher.java:56)
	at com.sun.javafx.event.EventDispatchChainImpl.dispatchEvent(EventDispatchChainImpl.java:114)
	at com.sun.javafx.event.BasicEventDispatcher.dispatchEvent(BasicEventDispatcher.java:56)
	at com.sun.javafx.event.EventDispatchChainImpl.dispatchEvent(EventDispatchChainImpl.java:114)
	at com.sun.javafx.event.EventUtil.fireEventImpl(EventUtil.java:74)
	at com.sun.javafx.event.EventUtil.fireEvent(EventUtil.java:54)
	at javafx.event.Event.fireEvent(Event.java:198)
	at javafx.scene.Scene$MouseHandler.process(Scene.java:3931)
	at javafx.scene.Scene.processMouseEvent(Scene.java:1918)
	at javafx.scene.Scene$ScenePeerListener.mouseEvent(Scene.java:2657)
	at com.sun.javafx.tk.quantum.GlassViewEventHandler$MouseEventNotification.run(GlassViewEventHandler.java:411)
	at com.sun.javafx.tk.quantum.GlassViewEventHandler$MouseEventNotification.run(GlassViewEventHandler.java:301)
	at java.base/java.security.AccessController.doPrivileged(AccessController.java:399)
	at com.sun.javafx.tk.quantum.GlassViewEventHandler.lambda$handleMouseEvent$2(GlassViewEventHandler.java:450)
	at com.sun.javafx.tk.quantum.QuantumToolkit.runWithoutRenderLock(QuantumToolkit.java:430)
	at com.sun.javafx.tk.quantum.GlassViewEventHandler.handleMouseEvent(GlassViewEventHandler.java:449)
	at com.sun.glass.ui.View.handleMouseEvent(View.java:551)
	at com.sun.glass.ui.View.notifyMouse(View.java:937)
	at com.sun.glass.ui.monocle.MonocleView.notifyMouse(MonocleView.java:116)
	... 22 common frames omitted
2026-07-10 15:32:17,597 [ERROR] from com.jpro.meta.tk.SceneInputListener in JavaFX Application Thread - Error while processing the input: MouseEventToken(MouseMoved,915.2000122070312,466.3999938964844,MouseButtonToken(2),false,false,false,false,false,false,false,false) app: stage title: 練習モード
java.lang.reflect.InvocationTargetException: null
	at jdk.internal.reflect.GeneratedMethodAccessor9.invoke(Unknown Source)
	at java.base/jdk.internal.reflect.DelegatingMethodAccessorImpl.invoke(DelegatingMethodAccessorImpl.java:43)
	at java.base/java.lang.reflect.Method.invoke(Method.java:569)
	at simplefx.util.ReflectionUtil$UseReflection.applyDynamic(ReflectionUtil.scala:21)
	at com.jpro.meta.tk.SceneInputListener.processInputInScene(SceneInputListener.scala:264)
	at com.jpro.meta.tk.SceneInputListener.processInput(SceneInputListener.scala:178)
	at com.jpro.meta.tk.SceneInputListener.processInputs(SceneInputListener.scala:108)
	at com.jpro.meta.tk.SceneInputListener.$anonfun$new$4(SceneInputListener.scala:42)
	at simplefx.cores.standard.parts.CoreTimeEvent$$anon$3.run(CoreTimeEvent.scala:62)
	at com.sun.javafx.application.PlatformImpl.lambda$runLater$10(PlatformImpl.java:457)
	at java.base/java.security.AccessController.doPrivileged(AccessController.java:399)
	at com.sun.javafx.application.PlatformImpl.lambda$runLater$11(PlatformImpl.java:456)
	at com.sun.glass.ui.monocle.RunnableProcessor.runLoop(RunnableProcessor.java:92)
	at com.sun.glass.ui.monocle.RunnableProcessor.run(RunnableProcessor.java:51)
	at java.base/java.lang.Thread.run(Thread.java:840)
Caused by: java.lang.reflect.InvocationTargetException: null
	at jdk.internal.reflect.GeneratedMethodAccessor10.invoke(Unknown Source)
	at java.base/jdk.internal.reflect.DelegatingMethodAccessorImpl.invoke(DelegatingMethodAccessorImpl.java:43)
	at java.base/java.lang.reflect.Method.invoke(Method.java:569)
	at simplefx.util.ReflectionUtil$UseReflection.applyDynamic(ReflectionUtil.scala:21)
	at com.sun.glass.ui.monocle.input.fork.NativeMouseInput.notifyMouse(NativeMouseInput.scala:330)
	at com.sun.glass.ui.monocle.input.fork.NativeMouseInput.postMouseEvent(NativeMouseInput.scala:226)
	at com.sun.glass.ui.monocle.input.fork.NativeMouseInput.setState(NativeMouseInput.scala:186)
	... 15 common frames omitted
Caused by: java.lang.NullPointerException: Cannot invoke "javafx.scene.media.AudioClip.stop()" because "this.clickSound" is null
	at story.Practice.lambda$createScene$4(Practice.java:132)
	at com.sun.javafx.event.CompositeEventHandler.dispatchBubblingEvent(CompositeEventHandler.java:86)
	at com.sun.javafx.event.EventHandlerManager.dispatchBubblingEvent(EventHandlerManager.java:234)
	at com.sun.javafx.event.EventHandlerManager.dispatchBubblingEvent(EventHandlerManager.java:191)
	at com.sun.javafx.event.CompositeEventDispatcher.dispatchBubblingEvent(CompositeEventDispatcher.java:59)
	at com.sun.javafx.event.BasicEventDispatcher.dispatchEvent(BasicEventDispatcher.java:58)
	at com.sun.javafx.event.EventDispatchChainImpl.dispatchEvent(EventDispatchChainImpl.java:114)
	at com.sun.javafx.event.BasicEventDispatcher.dispatchEvent(BasicEventDispatcher.java:56)
	at com.sun.javafx.event.EventDispatchChainImpl.dispatchEvent(EventDispatchChainImpl.java:114)
	at com.sun.javafx.event.BasicEventDispatcher.dispatchEvent(BasicEventDispatcher.java:56)
	at com.sun.javafx.event.EventDispatchChainImpl.dispatchEvent(EventDispatchChainImpl.java:114)
	at com.sun.javafx.event.EventUtil.fireEventImpl(EventUtil.java:74)
	at com.sun.javafx.event.EventUtil.fireEvent(EventUtil.java:49)
	at javafx.event.Event.fireEvent(Event.java:198)
	at javafx.scene.Node.fireEvent(Node.java:8797)
	at javafx.scene.control.Button.fire(Button.java:203)
	at com.sun.javafx.scene.control.behavior.ButtonBehavior.mouseReleased(ButtonBehavior.java:208)
	at com.sun.javafx.scene.control.inputmap.InputMap.handle(InputMap.java:274)
	at com.sun.javafx.event.CompositeEventHandler$NormalEventHandlerRecord.handleBubblingEvent(CompositeEventHandler.java:247)
	at com.sun.javafx.event.CompositeEventHandler.dispatchBubblingEvent(CompositeEventHandler.java:80)
	at com.sun.javafx.event.EventHandlerManager.dispatchBubblingEvent(EventHandlerManager.java:234)
	at com.sun.javafx.event.EventHandlerManager.dispatchBubblingEvent(EventHandlerManager.java:191)
	at com.sun.javafx.event.CompositeEventDispatcher.dispatchBubblingEvent(CompositeEventDispatcher.java:59)
	at com.sun.javafx.event.BasicEventDispatcher.dispatchEvent(BasicEventDispatcher.java:58)
	at com.sun.javafx.event.EventDispatchChainImpl.dispatchEvent(EventDispatchChainImpl.java:114)
	at com.sun.javafx.event.BasicEventDispatcher.dispatchEvent(BasicEventDispatcher.java:56)
	at com.sun.javafx.event.EventDispatchChainImpl.dispatchEvent(EventDispatchChainImpl.java:114)
	at com.sun.javafx.event.BasicEventDispatcher.dispatchEvent(BasicEventDispatcher.java:56)
	at com.sun.javafx.event.EventDispatchChainImpl.dispatchEvent(EventDispatchChainImpl.java:114)
	at com.sun.javafx.event.EventUtil.fireEventImpl(EventUtil.java:74)
	at com.sun.javafx.event.EventUtil.fireEvent(EventUtil.java:54)
	at javafx.event.Event.fireEvent(Event.java:198)
	at javafx.scene.Scene$MouseHandler.process(Scene.java:3931)
	at javafx.scene.Scene.processMouseEvent(Scene.java:1918)
	at javafx.scene.Scene$ScenePeerListener.mouseEvent(Scene.java:2657)
	at com.sun.javafx.tk.quantum.GlassViewEventHandler$MouseEventNotification.run(GlassViewEventHandler.java:411)
	at com.sun.javafx.tk.quantum.GlassViewEventHandler$MouseEventNotification.run(GlassViewEventHandler.java:301)
	at java.base/java.security.AccessController.doPrivileged(AccessController.java:399)
	at com.sun.javafx.tk.quantum.GlassViewEventHandler.lambda$handleMouseEvent$2(GlassViewEventHandler.java:450)
	at com.sun.javafx.tk.quantum.QuantumToolkit.runWithoutRenderLock(QuantumToolkit.java:430)
	at com.sun.javafx.tk.quantum.GlassViewEventHandler.handleMouseEvent(GlassViewEventHandler.java:449)
	at com.sun.glass.ui.View.handleMouseEvent(View.java:551)
	at com.sun.glass.ui.View.notifyMouse(View.java:937)
	at com.sun.glass.ui.monocle.MonocleView.notifyMouse(MonocleView.java:116)
	... 22 common frames omitted
2026-07-10 15:32:17,613 [ERROR] from com.jpro.meta.tk.SceneInputListener in JavaFX Application Thread - Error while processing the input: MouseEventToken(MouseMoved,915.2000122070312,443.20001220703125,MouseButtonToken(2),false,false,false,false,false,false,false,false) app: stage title: 練習モード
java.lang.reflect.InvocationTargetException: null
	at jdk.internal.reflect.GeneratedMethodAccessor9.invoke(Unknown Source)
	at java.base/jdk.internal.reflect.DelegatingMethodAccessorImpl.invoke(DelegatingMethodAccessorImpl.java:43)
	at java.base/java.lang.reflect.Method.invoke(Method.java:569)
	at simplefx.util.ReflectionUtil$UseReflection.applyDynamic(ReflectionUtil.scala:21)
	at com.jpro.meta.tk.SceneInputListener.processInputInScene(SceneInputListener.scala:264)
	at com.jpro.meta.tk.SceneInputListener.processInput(SceneInputListener.scala:178)
	at com.jpro.meta.tk.SceneInputListener.processInputs(SceneInputListener.scala:108)
	at com.jpro.meta.tk.SceneInputListener.$anonfun$new$4(SceneInputListener.scala:42)
	at simplefx.cores.standard.parts.CoreTimeEvent$$anon$3.run(CoreTimeEvent.scala:62)
	at com.sun.javafx.application.PlatformImpl.lambda$runLater$10(PlatformImpl.java:457)
	at java.base/java.security.AccessController.doPrivileged(AccessController.java:399)
	at com.sun.javafx.application.PlatformImpl.lambda$runLater$11(PlatformImpl.java:456)
	at com.sun.glass.ui.monocle.RunnableProcessor.runLoop(RunnableProcessor.java:92)
	at com.sun.glass.ui.monocle.RunnableProcessor.run(RunnableProcessor.java:51)
	at java.base/java.lang.Thread.run(Thread.java:840)
Caused by: java.lang.reflect.InvocationTargetException: null
	at jdk.internal.reflect.GeneratedMethodAccessor10.invoke(Unknown Source)
	at java.base/jdk.internal.reflect.DelegatingMethodAccessorImpl.invoke(DelegatingMethodAccessorImpl.java:43)
	at java.base/java.lang.reflect.Method.invoke(Method.java:569)
	at simplefx.util.ReflectionUtil$UseReflection.applyDynamic(ReflectionUtil.scala:21)
	at com.sun.glass.ui.monocle.input.fork.NativeMouseInput.notifyMouse(NativeMouseInput.scala:330)
	at com.sun.glass.ui.monocle.input.fork.NativeMouseInput.postMouseEvent(NativeMouseInput.scala:226)
	at com.sun.glass.ui.monocle.input.fork.NativeMouseInput.setState(NativeMouseInput.scala:186)
	... 15 common frames omitted
Caused by: java.lang.NullPointerException: Cannot invoke "javafx.scene.media.AudioClip.stop()" because "this.clickSound" is null
	at story.Practice.lambda$createScene$4(Practice.java:132)
	at com.sun.javafx.event.CompositeEventHandler.dispatchBubblingEvent(CompositeEventHandler.java:86)
	at com.sun.javafx.event.EventHandlerManager.dispatchBubblingEvent(EventHandlerManager.java:234)
	at com.sun.javafx.event.EventHandlerManager.dispatchBubblingEvent(EventHandlerManager.java:191)
	at com.sun.javafx.event.CompositeEventDispatcher.dispatchBubblingEvent(CompositeEventDispatcher.java:59)
	at com.sun.javafx.event.BasicEventDispatcher.dispatchEvent(BasicEventDispatcher.java:58)
	at com.sun.javafx.event.EventDispatchChainImpl.dispatchEvent(EventDispatchChainImpl.java:114)
	at com.sun.javafx.event.BasicEventDispatcher.dispatchEvent(BasicEventDispatcher.java:56)
	at com.sun.javafx.event.EventDispatchChainImpl.dispatchEvent(EventDispatchChainImpl.java:114)
	at com.sun.javafx.event.BasicEventDispatcher.dispatchEvent(BasicEventDispatcher.java:56)
	at com.sun.javafx.event.EventDispatchChainImpl.dispatchEvent(EventDispatchChainImpl.java:114)
	at com.sun.javafx.event.EventUtil.fireEventImpl(EventUtil.java:74)
	at com.sun.javafx.event.EventUtil.fireEvent(EventUtil.java:49)
	at javafx.event.Event.fireEvent(Event.java:198)
	at javafx.scene.Node.fireEvent(Node.java:8797)
	at javafx.scene.control.Button.fire(Button.java:203)
	at com.sun.javafx.scene.control.behavior.ButtonBehavior.mouseReleased(ButtonBehavior.java:208)
	at com.sun.javafx.scene.control.inputmap.InputMap.handle(InputMap.java:274)
	at com.sun.javafx.event.CompositeEventHandler$NormalEventHandlerRecord.handleBubblingEvent(CompositeEventHandler.java:247)
	at com.sun.javafx.event.CompositeEventHandler.dispatchBubblingEvent(CompositeEventHandler.java:80)
	at com.sun.javafx.event.EventHandlerManager.dispatchBubblingEvent(EventHandlerManager.java:234)
	at com.sun.javafx.event.EventHandlerManager.dispatchBubblingEvent(EventHandlerManager.java:191)
	at com.sun.javafx.event.CompositeEventDispatcher.dispatchBubblingEvent(CompositeEventDispatcher.java:59)
	at com.sun.javafx.event.BasicEventDispatcher.dispatchEvent(BasicEventDispatcher.java:58)
	at com.sun.javafx.event.EventDispatchChainImpl.dispatchEvent(EventDispatchChainImpl.java:114)
	at com.sun.javafx.event.BasicEventDispatcher.dispatchEvent(BasicEventDispatcher.java:56)
	at com.sun.javafx.event.EventDispatchChainImpl.dispatchEvent(EventDispatchChainImpl.java:114)
	at com.sun.javafx.event.BasicEventDispatcher.dispatchEvent(BasicEventDispatcher.java:56)
	at com.sun.javafx.event.EventDispatchChainImpl.dispatchEvent(EventDispatchChainImpl.java:114)
	at com.sun.javafx.event.EventUtil.fireEventImpl(EventUtil.java:74)
	at com.sun.javafx.event.EventUtil.fireEvent(EventUtil.java:54)
	at javafx.event.Event.fireEvent(Event.java:198)
	at javafx.scene.Scene$MouseHandler.process(Scene.java:3931)
	at javafx.scene.Scene.processMouseEvent(Scene.java:1918)
	at javafx.scene.Scene$ScenePeerListener.mouseEvent(Scene.java:2657)
	at com.sun.javafx.tk.quantum.GlassViewEventHandler$MouseEventNotification.run(GlassViewEventHandler.java:411)
	at com.sun.javafx.tk.quantum.GlassViewEventHandler$MouseEventNotification.run(GlassViewEventHandler.java:301)
	at java.base/java.security.AccessController.doPrivileged(AccessController.java:399)
	at com.sun.javafx.tk.quantum.GlassViewEventHandler.lambda$handleMouseEvent$2(GlassViewEventHandler.java:450)
	at com.sun.javafx.tk.quantum.QuantumToolkit.runWithoutRenderLock(QuantumToolkit.java:430)
	at com.sun.javafx.tk.quantum.GlassViewEventHandler.handleMouseEvent(GlassViewEventHandler.java:449)
	at com.sun.glass.ui.View.handleMouseEvent(View.java:551)
	at com.sun.glass.ui.View.notifyMouse(View.java:937)
	at com.sun.glass.ui.monocle.MonocleView.notifyMouse(MonocleView.java:116)
	... 22 common frames omitted
2026-07-10 15:32:17,629 [ERROR] from com.jpro.meta.tk.SceneInputListener in JavaFX Application Thread - Error while processing the input: MouseEventToken(MouseMoved,915.2000122070312,414.3999938964844,MouseButtonToken(2),false,false,false,false,false,false,false,false) app: stage title: 練習モード
java.lang.reflect.InvocationTargetException: null
	at jdk.internal.reflect.GeneratedMethodAccessor9.invoke(Unknown Source)
	at java.base/jdk.internal.reflect.DelegatingMethodAccessorImpl.invoke(DelegatingMethodAccessorImpl.java:43)
	at java.base/java.lang.reflect.Method.invoke(Method.java:569)
	at simplefx.util.ReflectionUtil$UseReflection.applyDynamic(ReflectionUtil.scala:21)
	at com.jpro.meta.tk.SceneInputListener.processInputInScene(SceneInputListener.scala:264)
	at com.jpro.meta.tk.SceneInputListener.processInput(SceneInputListener.scala:178)
	at com.jpro.meta.tk.SceneInputListener.processInputs(SceneInputListener.scala:108)
	at com.jpro.meta.tk.SceneInputListener.$anonfun$new$4(SceneInputListener.scala:42)
	at simplefx.cores.standard.parts.CoreTimeEvent$$anon$3.run(CoreTimeEvent.scala:62)
	at com.sun.javafx.application.PlatformImpl.lambda$runLater$10(PlatformImpl.java:457)
	at java.base/java.security.AccessController.doPrivileged(AccessController.java:399)
	at com.sun.javafx.application.PlatformImpl.lambda$runLater$11(PlatformImpl.java:456)
	at com.sun.glass.ui.monocle.RunnableProcessor.runLoop(RunnableProcessor.java:92)
	at com.sun.glass.ui.monocle.RunnableProcessor.run(RunnableProcessor.java:51)
	at java.base/java.lang.Thread.run(Thread.java:840)
Caused by: java.lang.reflect.InvocationTargetException: null
	at jdk.internal.reflect.GeneratedMethodAccessor10.invoke(Unknown Source)
	at java.base/jdk.internal.reflect.DelegatingMethodAccessorImpl.invoke(DelegatingMethodAccessorImpl.java:43)
	at java.base/java.lang.reflect.Method.invoke(Method.java:569)
	at simplefx.util.ReflectionUtil$UseReflection.applyDynamic(ReflectionUtil.scala:21)
	at com.sun.glass.ui.monocle.input.fork.NativeMouseInput.notifyMouse(NativeMouseInput.scala:330)
	at com.sun.glass.ui.monocle.input.fork.NativeMouseInput.postMouseEvent(NativeMouseInput.scala:226)
	at com.sun.glass.ui.monocle.input.fork.NativeMouseInput.setState(NativeMouseInput.scala:186)
	... 15 common frames omitted
Caused by: java.lang.NullPointerException: Cannot invoke "javafx.scene.media.AudioClip.stop()" because "this.clickSound" is null
	at story.Practice.lambda$createScene$2(Practice.java:122)
	at com.sun.javafx.event.CompositeEventHandler.dispatchBubblingEvent(CompositeEventHandler.java:86)
	at com.sun.javafx.event.EventHandlerManager.dispatchBubblingEvent(EventHandlerManager.java:234)
	at com.sun.javafx.event.EventHandlerManager.dispatchBubblingEvent(EventHandlerManager.java:191)
	at com.sun.javafx.event.CompositeEventDispatcher.dispatchBubblingEvent(CompositeEventDispatcher.java:59)
	at com.sun.javafx.event.BasicEventDispatcher.dispatchEvent(BasicEventDispatcher.java:58)
	at com.sun.javafx.event.EventDispatchChainImpl.dispatchEvent(EventDispatchChainImpl.java:114)
	at com.sun.javafx.event.BasicEventDispatcher.dispatchEvent(BasicEventDispatcher.java:56)
	at com.sun.javafx.event.EventDispatchChainImpl.dispatchEvent(EventDispatchChainImpl.java:114)
	at com.sun.javafx.event.BasicEventDispatcher.dispatchEvent(BasicEventDispatcher.java:56)
	at com.sun.javafx.event.EventDispatchChainImpl.dispatchEvent(EventDispatchChainImpl.java:114)
	at com.sun.javafx.event.EventUtil.fireEventImpl(EventUtil.java:74)
	at com.sun.javafx.event.EventUtil.fireEvent(EventUtil.java:49)
	at javafx.event.Event.fireEvent(Event.java:198)
	at javafx.scene.Node.fireEvent(Node.java:8797)
	at javafx.scene.control.Button.fire(Button.java:203)
	at com.sun.javafx.scene.control.behavior.ButtonBehavior.mouseReleased(ButtonBehavior.java:208)
	at com.sun.javafx.scene.control.inputmap.InputMap.handle(InputMap.java:274)
	at com.sun.javafx.event.CompositeEventHandler$NormalEventHandlerRecord.handleBubblingEvent(CompositeEventHandler.java:247)
	at com.sun.javafx.event.CompositeEventHandler.dispatchBubblingEvent(CompositeEventHandler.java:80)
	at com.sun.javafx.event.EventHandlerManager.dispatchBubblingEvent(EventHandlerManager.java:234)
	at com.sun.javafx.event.EventHandlerManager.dispatchBubblingEvent(EventHandlerManager.java:191)
	at com.sun.javafx.event.CompositeEventDispatcher.dispatchBubblingEvent(CompositeEventDispatcher.java:59)
	at com.sun.javafx.event.BasicEventDispatcher.dispatchEvent(BasicEventDispatcher.java:58)
	at com.sun.javafx.event.EventDispatchChainImpl.dispatchEvent(EventDispatchChainImpl.java:114)
	at com.sun.javafx.event.BasicEventDispatcher.dispatchEvent(BasicEventDispatcher.java:56)
	at com.sun.javafx.event.EventDispatchChainImpl.dispatchEvent(EventDispatchChainImpl.java:114)
	at com.sun.javafx.event.BasicEventDispatcher.dispatchEvent(BasicEventDispatcher.java:56)
	at com.sun.javafx.event.EventDispatchChainImpl.dispatchEvent(EventDispatchChainImpl.java:114)
	at com.sun.javafx.event.EventUtil.fireEventImpl(EventUtil.java:74)
	at com.sun.javafx.event.EventUtil.fireEvent(EventUtil.java:54)
	at javafx.event.Event.fireEvent(Event.java:198)
	at javafx.scene.Scene$MouseHandler.process(Scene.java:3931)
	at javafx.scene.Scene.processMouseEvent(Scene.java:1918)
	at javafx.scene.Scene$ScenePeerListener.mouseEvent(Scene.java:2657)
	at com.sun.javafx.tk.quantum.GlassViewEventHandler$MouseEventNotification.run(GlassViewEventHandler.java:411)
	at com.sun.javafx.tk.quantum.GlassViewEventHandler$MouseEventNotification.run(GlassViewEventHandler.java:301)
	at java.base/java.security.AccessController.doPrivileged(AccessController.java:399)
	at com.sun.javafx.tk.quantum.GlassViewEventHandler.lambda$handleMouseEvent$2(GlassViewEventHandler.java:450)
	at com.sun.javafx.tk.quantum.QuantumToolkit.runWithoutRenderLock(QuantumToolkit.java:430)
	at com.sun.javafx.tk.quantum.GlassViewEventHandler.handleMouseEvent(GlassViewEventHandler.java:449)
	at com.sun.glass.ui.View.handleMouseEvent(View.java:551)
	at com.sun.glass.ui.View.notifyMouse(View.java:937)
	at com.sun.glass.ui.monocle.MonocleView.notifyMouse(MonocleView.java:116)
	... 22 common frames omitted
2026-07-10 15:32:17,646 [ERROR] from com.jpro.meta.tk.SceneInputListener in JavaFX Application Thread - Error while processing the input: MouseEventToken(MouseMoved,915.2000122070312,388.8000183105469,MouseButtonToken(2),false,false,false,false,false,false,false,false) app: stage title: 練習モード
java.lang.reflect.InvocationTargetException: null
	at jdk.internal.reflect.GeneratedMethodAccessor9.invoke(Unknown Source)
	at java.base/jdk.internal.reflect.DelegatingMethodAccessorImpl.invoke(DelegatingMethodAccessorImpl.java:43)
	at java.base/java.lang.reflect.Method.invoke(Method.java:569)
	at simplefx.util.ReflectionUtil$UseReflection.applyDynamic(ReflectionUtil.scala:21)
	at com.jpro.meta.tk.SceneInputListener.processInputInScene(SceneInputListener.scala:264)
	at com.jpro.meta.tk.SceneInputListener.processInput(SceneInputListener.scala:178)
	at com.jpro.meta.tk.SceneInputListener.processInputs(SceneInputListener.scala:108)
	at com.jpro.meta.tk.SceneInputListener.$anonfun$new$4(SceneInputListener.scala:42)
	at simplefx.cores.standard.parts.CoreTimeEvent$$anon$3.run(CoreTimeEvent.scala:62)
	at com.sun.javafx.application.PlatformImpl.lambda$runLater$10(PlatformImpl.java:457)
	at java.base/java.security.AccessController.doPrivileged(AccessController.java:399)
	at com.sun.javafx.application.PlatformImpl.lambda$runLater$11(PlatformImpl.java:456)
	at com.sun.glass.ui.monocle.RunnableProcessor.runLoop(RunnableProcessor.java:92)
	at com.sun.glass.ui.monocle.RunnableProcessor.run(RunnableProcessor.java:51)
	at java.base/java.lang.Thread.run(Thread.java:840)
Caused by: java.lang.reflect.InvocationTargetException: null
	at jdk.internal.reflect.GeneratedMethodAccessor10.invoke(Unknown Source)
	at java.base/jdk.internal.reflect.DelegatingMethodAccessorImpl.invoke(DelegatingMethodAccessorImpl.java:43)
	at java.base/java.lang.reflect.Method.invoke(Method.java:569)
	at simplefx.util.ReflectionUtil$UseReflection.applyDynamic(ReflectionUtil.scala:21)
	at com.sun.glass.ui.monocle.input.fork.NativeMouseInput.notifyMouse(NativeMouseInput.scala:330)
	at com.sun.glass.ui.monocle.input.fork.NativeMouseInput.postMouseEvent(NativeMouseInput.scala:226)
	at com.sun.glass.ui.monocle.input.fork.NativeMouseInput.setState(NativeMouseInput.scala:186)
	... 15 common frames omitted
Caused by: java.lang.NullPointerException: Cannot invoke "javafx.scene.media.AudioClip.stop()" because "this.clickSound" is null
	at story.Practice.lambda$createScene$2(Practice.java:122)
	at com.sun.javafx.event.CompositeEventHandler.dispatchBubblingEvent(CompositeEventHandler.java:86)
	at com.sun.javafx.event.EventHandlerManager.dispatchBubblingEvent(EventHandlerManager.java:234)
	at com.sun.javafx.event.EventHandlerManager.dispatchBubblingEvent(EventHandlerManager.java:191)
	at com.sun.javafx.event.CompositeEventDispatcher.dispatchBubblingEvent(CompositeEventDispatcher.java:59)
	at com.sun.javafx.event.BasicEventDispatcher.dispatchEvent(BasicEventDispatcher.java:58)
	at com.sun.javafx.event.EventDispatchChainImpl.dispatchEvent(EventDispatchChainImpl.java:114)
	at com.sun.javafx.event.BasicEventDispatcher.dispatchEvent(BasicEventDispatcher.java:56)
	at com.sun.javafx.event.EventDispatchChainImpl.dispatchEvent(EventDispatchChainImpl.java:114)
	at com.sun.javafx.event.BasicEventDispatcher.dispatchEvent(BasicEventDispatcher.java:56)
	at com.sun.javafx.event.EventDispatchChainImpl.dispatchEvent(EventDispatchChainImpl.java:114)
	at com.sun.javafx.event.EventUtil.fireEventImpl(EventUtil.java:74)
	at com.sun.javafx.event.EventUtil.fireEvent(EventUtil.java:49)
	at javafx.event.Event.fireEvent(Event.java:198)
	at javafx.scene.Node.fireEvent(Node.java:8797)
	at javafx.scene.control.Button.fire(Button.java:203)
	at com.sun.javafx.scene.control.behavior.ButtonBehavior.mouseReleased(ButtonBehavior.java:208)
	at com.sun.javafx.scene.control.inputmap.InputMap.handle(InputMap.java:274)
	at com.sun.javafx.event.CompositeEventHandler$NormalEventHandlerRecord.handleBubblingEvent(CompositeEventHandler.java:247)
	at com.sun.javafx.event.CompositeEventHandler.dispatchBubblingEvent(CompositeEventHandler.java:80)
	at com.sun.javafx.event.EventHandlerManager.dispatchBubblingEvent(EventHandlerManager.java:234)
	at com.sun.javafx.event.EventHandlerManager.dispatchBubblingEvent(EventHandlerManager.java:191)
	at com.sun.javafx.event.CompositeEventDispatcher.dispatchBubblingEvent(CompositeEventDispatcher.java:59)
	at com.sun.javafx.event.BasicEventDispatcher.dispatchEvent(BasicEventDispatcher.java:58)
	at com.sun.javafx.event.EventDispatchChainImpl.dispatchEvent(EventDispatchChainImpl.java:114)
	at com.sun.javafx.event.BasicEventDispatcher.dispatchEvent(BasicEventDispatcher.java:56)
	at com.sun.javafx.event.EventDispatchChainImpl.dispatchEvent(EventDispatchChainImpl.java:114)
	at com.sun.javafx.event.BasicEventDispatcher.dispatchEvent(BasicEventDispatcher.java:56)
	at com.sun.javafx.event.EventDispatchChainImpl.dispatchEvent(EventDispatchChainImpl.java:114)
	at com.sun.javafx.event.EventUtil.fireEventImpl(EventUtil.java:74)
	at com.sun.javafx.event.EventUtil.fireEvent(EventUtil.java:54)
	at javafx.event.Event.fireEvent(Event.java:198)
	at javafx.scene.Scene$MouseHandler.process(Scene.java:3931)
	at javafx.scene.Scene.processMouseEvent(Scene.java:1918)
	at javafx.scene.Scene$ScenePeerListener.mouseEvent(Scene.java:2657)
	at com.sun.javafx.tk.quantum.GlassViewEventHandler$MouseEventNotification.run(GlassViewEventHandler.java:411)
	at com.sun.javafx.tk.quantum.GlassViewEventHandler$MouseEventNotification.run(GlassViewEventHandler.java:301)
	at java.base/java.security.AccessController.doPrivileged(AccessController.java:399)
	at com.sun.javafx.tk.quantum.GlassViewEventHandler.lambda$handleMouseEvent$2(GlassViewEventHandler.java:450)
	at com.sun.javafx.tk.quantum.QuantumToolkit.runWithoutRenderLock(QuantumToolkit.java:430)
	at com.sun.javafx.tk.quantum.GlassViewEventHandler.handleMouseEvent(GlassViewEventHandler.java:449)
	at com.sun.glass.ui.View.handleMouseEvent(View.java:551)
	at com.sun.glass.ui.View.notifyMouse(View.java:937)
	at com.sun.glass.ui.monocle.MonocleView.notifyMouse(MonocleView.java:116)
	... 22 common frames omitted
2026-07-10 15:32:17,663 [ERROR] from com.jpro.meta.tk.SceneInputListener in JavaFX Application Thread - Error while processing the input: MouseEventToken(MouseMoved,916.0,388.0,MouseButtonToken(2),false,false,false,false,false,false,false,false) app: stage title: 練習モード
java.lang.reflect.InvocationTargetException: null
	at jdk.internal.reflect.GeneratedMethodAccessor9.invoke(Unknown Source)
	at java.base/jdk.internal.reflect.DelegatingMethodAccessorImpl.invoke(DelegatingMethodAccessorImpl.java:43)
	at java.base/java.lang.reflect.Method.invoke(Method.java:569)
	at simplefx.util.ReflectionUtil$UseReflection.applyDynamic(ReflectionUtil.scala:21)
	at com.jpro.meta.tk.SceneInputListener.processInputInScene(SceneInputListener.scala:264)
	at com.jpro.meta.tk.SceneInputListener.processInput(SceneInputListener.scala:178)
	at com.jpro.meta.tk.SceneInputListener.processInputs(SceneInputListener.scala:108)
	at com.jpro.meta.tk.SceneInputListener.$anonfun$new$4(SceneInputListener.scala:42)
	at simplefx.cores.standard.parts.CoreTimeEvent$$anon$3.run(CoreTimeEvent.scala:62)
	at com.sun.javafx.application.PlatformImpl.lambda$runLater$10(PlatformImpl.java:457)
	at java.base/java.security.AccessController.doPrivileged(AccessController.java:399)
	at com.sun.javafx.application.PlatformImpl.lambda$runLater$11(PlatformImpl.java:456)
	at com.sun.glass.ui.monocle.RunnableProcessor.runLoop(RunnableProcessor.java:92)
	at com.sun.glass.ui.monocle.RunnableProcessor.run(RunnableProcessor.java:51)
	at java.base/java.lang.Thread.run(Thread.java:840)
Caused by: java.lang.reflect.InvocationTargetException: null
	at jdk.internal.reflect.GeneratedMethodAccessor10.invoke(Unknown Source)
	at java.base/jdk.internal.reflect.DelegatingMethodAccessorImpl.invoke(DelegatingMethodAccessorImpl.java:43)
	at java.base/java.lang.reflect.Method.invoke(Method.java:569)
	at simplefx.util.ReflectionUtil$UseReflection.applyDynamic(ReflectionUtil.scala:21)
	at com.sun.glass.ui.monocle.input.fork.NativeMouseInput.notifyMouse(NativeMouseInput.scala:330)
	at com.sun.glass.ui.monocle.input.fork.NativeMouseInput.postMouseEvent(NativeMouseInput.scala:226)
	at com.sun.glass.ui.monocle.input.fork.NativeMouseInput.setState(NativeMouseInput.scala:186)
	... 15 common frames omitted
Caused by: java.lang.NullPointerException: Cannot invoke "javafx.scene.media.AudioClip.stop()" because "this.clickSound" is null
	at story.Practice.lambda$createScene$2(Practice.java:122)
	at com.sun.javafx.event.CompositeEventHandler.dispatchBubblingEvent(CompositeEventHandler.java:86)
	at com.sun.javafx.event.EventHandlerManager.dispatchBubblingEvent(EventHandlerManager.java:234)
	at com.sun.javafx.event.EventHandlerManager.dispatchBubblingEvent(EventHandlerManager.java:191)
	at com.sun.javafx.event.CompositeEventDispatcher.dispatchBubblingEvent(CompositeEventDispatcher.java:59)
	at com.sun.javafx.event.BasicEventDispatcher.dispatchEvent(BasicEventDispatcher.java:58)
	at com.sun.javafx.event.EventDispatchChainImpl.dispatchEvent(EventDispatchChainImpl.java:114)
	at com.sun.javafx.event.BasicEventDispatcher.dispatchEvent(BasicEventDispatcher.java:56)
	at com.sun.javafx.event.EventDispatchChainImpl.dispatchEvent(EventDispatchChainImpl.java:114)
	at com.sun.javafx.event.BasicEventDispatcher.dispatchEvent(BasicEventDispatcher.java:56)
	at com.sun.javafx.event.EventDispatchChainImpl.dispatchEvent(EventDispatchChainImpl.java:114)
	at com.sun.javafx.event.EventUtil.fireEventImpl(EventUtil.java:74)
	at com.sun.javafx.event.EventUtil.fireEvent(EventUtil.java:49)
	at javafx.event.Event.fireEvent(Event.java:198)
	at javafx.scene.Node.fireEvent(Node.java:8797)
	at javafx.scene.control.Button.fire(Button.java:203)
	at com.sun.javafx.scene.control.behavior.ButtonBehavior.mouseReleased(ButtonBehavior.java:208)
	at com.sun.javafx.scene.control.inputmap.InputMap.handle(InputMap.java:274)
	at com.sun.javafx.event.CompositeEventHandler$NormalEventHandlerRecord.handleBubblingEvent(CompositeEventHandler.java:247)
	at com.sun.javafx.event.CompositeEventHandler.dispatchBubblingEvent(CompositeEventHandler.java:80)
	at com.sun.javafx.event.EventHandlerManager.dispatchBubblingEvent(EventHandlerManager.java:234)
	at com.sun.javafx.event.EventHandlerManager.dispatchBubblingEvent(EventHandlerManager.java:191)
	at com.sun.javafx.event.CompositeEventDispatcher.dispatchBubblingEvent(CompositeEventDispatcher.java:59)
	at com.sun.javafx.event.BasicEventDispatcher.dispatchEvent(BasicEventDispatcher.java:58)
	at com.sun.javafx.event.EventDispatchChainImpl.dispatchEvent(EventDispatchChainImpl.java:114)
	at com.sun.javafx.event.BasicEventDispatcher.dispatchEvent(BasicEventDispatcher.java:56)
	at com.sun.javafx.event.EventDispatchChainImpl.dispatchEvent(EventDispatchChainImpl.java:114)
	at com.sun.javafx.event.BasicEventDispatcher.dispatchEvent(BasicEventDispatcher.java:56)
	at com.sun.javafx.event.EventDispatchChainImpl.dispatchEvent(EventDispatchChainImpl.java:114)
	at com.sun.javafx.event.EventUtil.fireEventImpl(EventUtil.java:74)
	at com.sun.javafx.event.EventUtil.fireEvent(EventUtil.java:54)
	at javafx.event.Event.fireEvent(Event.java:198)
	at javafx.scene.Scene$MouseHandler.process(Scene.java:3931)
	at javafx.scene.Scene.processMouseEvent(Scene.java:1918)
	at javafx.scene.Scene$ScenePeerListener.mouseEvent(Scene.java:2657)
	at com.sun.javafx.tk.quantum.GlassViewEventHandler$MouseEventNotification.run(GlassViewEventHandler.java:411)
	at com.sun.javafx.tk.quantum.GlassViewEventHandler$MouseEventNotification.run(GlassViewEventHandler.java:301)
	at java.base/java.security.AccessController.doPrivileged(AccessController.java:399)
	at com.sun.javafx.tk.quantum.GlassViewEventHandler.lambda$handleMouseEvent$2(GlassViewEventHandler.java:450)
	at com.sun.javafx.tk.quantum.QuantumToolkit.runWithoutRenderLock(QuantumToolkit.java:430)
	at com.sun.javafx.tk.quantum.GlassViewEventHandler.handleMouseEvent(GlassViewEventHandler.java:449)
	at com.sun.glass.ui.View.handleMouseEvent(View.java:551)
	at com.sun.glass.ui.View.notifyMouse(View.java:937)
	at com.sun.glass.ui.monocle.MonocleView.notifyMouse(MonocleView.java:116)
	... 22 common frames omitted
2026-07-10 15:32:17,774 [ERROR] from com.jpro.meta.tk.SceneInputListener in JavaFX Application Thread - Error while processing the input: MouseEventToken(MouseReleased,916.0,388.0,MouseButtonToken(3),false,false,false,false,false,false,false,false) app: stage title: 練習モード
java.lang.reflect.InvocationTargetException: null
	at jdk.internal.reflect.GeneratedMethodAccessor9.invoke(Unknown Source)
	at java.base/jdk.internal.reflect.DelegatingMethodAccessorImpl.invoke(DelegatingMethodAccessorImpl.java:43)
	at java.base/java.lang.reflect.Method.invoke(Method.java:569)
	at simplefx.util.ReflectionUtil$UseReflection.applyDynamic(ReflectionUtil.scala:21)
	at com.jpro.meta.tk.SceneInputListener.processInputInScene(SceneInputListener.scala:264)
	at com.jpro.meta.tk.SceneInputListener.processInput(SceneInputListener.scala:175)
	at com.jpro.meta.tk.SceneInputListener.processInputs(SceneInputListener.scala:108)
	at com.jpro.meta.tk.SceneInputListener.$anonfun$new$4(SceneInputListener.scala:42)
	at simplefx.cores.standard.parts.CoreTimeEvent$$anon$3.run(CoreTimeEvent.scala:62)
	at com.sun.javafx.application.PlatformImpl.lambda$runLater$10(PlatformImpl.java:457)
	at java.base/java.security.AccessController.doPrivileged(AccessController.java:399)
	at com.sun.javafx.application.PlatformImpl.lambda$runLater$11(PlatformImpl.java:456)
	at com.sun.glass.ui.monocle.RunnableProcessor.runLoop(RunnableProcessor.java:92)
	at com.sun.glass.ui.monocle.RunnableProcessor.run(RunnableProcessor.java:51)
	at java.base/java.lang.Thread.run(Thread.java:840)
Caused by: java.lang.reflect.InvocationTargetException: null
	at jdk.internal.reflect.GeneratedMethodAccessor10.invoke(Unknown Source)
	at java.base/jdk.internal.reflect.DelegatingMethodAccessorImpl.invoke(DelegatingMethodAccessorImpl.java:43)
	at java.base/java.lang.reflect.Method.invoke(Method.java:569)
	at simplefx.util.ReflectionUtil$UseReflection.applyDynamic(ReflectionUtil.scala:21)
	at com.sun.glass.ui.monocle.input.fork.NativeMouseInput.notifyMouse(NativeMouseInput.scala:330)
	at com.sun.glass.ui.monocle.input.fork.NativeMouseInput.postMouseEvent(NativeMouseInput.scala:226)
	at com.sun.glass.ui.monocle.input.fork.NativeMouseInput.setState(NativeMouseInput.scala:186)
	... 15 common frames omitted
Caused by: java.lang.NullPointerException: Cannot invoke "javafx.scene.media.AudioClip.stop()" because "this.clickSound" is null
	at story.Practice.lambda$createScene$2(Practice.java:122)
	at com.sun.javafx.event.CompositeEventHandler.dispatchBubblingEvent(CompositeEventHandler.java:86)
	at com.sun.javafx.event.EventHandlerManager.dispatchBubblingEvent(EventHandlerManager.java:234)
	at com.sun.javafx.event.EventHandlerManager.dispatchBubblingEvent(EventHandlerManager.java:191)
	at com.sun.javafx.event.CompositeEventDispatcher.dispatchBubblingEvent(CompositeEventDispatcher.java:59)
	at com.sun.javafx.event.BasicEventDispatcher.dispatchEvent(BasicEventDispatcher.java:58)
	at com.sun.javafx.event.EventDispatchChainImpl.dispatchEvent(EventDispatchChainImpl.java:114)
	at com.sun.javafx.event.BasicEventDispatcher.dispatchEvent(BasicEventDispatcher.java:56)
	at com.sun.javafx.event.EventDispatchChainImpl.dispatchEvent(EventDispatchChainImpl.java:114)
	at com.sun.javafx.event.BasicEventDispatcher.dispatchEvent(BasicEventDispatcher.java:56)
	at com.sun.javafx.event.EventDispatchChainImpl.dispatchEvent(EventDispatchChainImpl.java:114)
	at com.sun.javafx.event.EventUtil.fireEventImpl(EventUtil.java:74)
	at com.sun.javafx.event.EventUtil.fireEvent(EventUtil.java:49)
	at javafx.event.Event.fireEvent(Event.java:198)
	at javafx.scene.Node.fireEvent(Node.java:8797)
	at javafx.scene.control.Button.fire(Button.java:203)
	at com.sun.javafx.scene.control.behavior.ButtonBehavior.mouseReleased(ButtonBehavior.java:208)
	at com.sun.javafx.scene.control.inputmap.InputMap.handle(InputMap.java:274)
	at com.sun.javafx.event.CompositeEventHandler$NormalEventHandlerRecord.handleBubblingEvent(CompositeEventHandler.java:247)
	at com.sun.javafx.event.CompositeEventHandler.dispatchBubblingEvent(CompositeEventHandler.java:80)
	at com.sun.javafx.event.EventHandlerManager.dispatchBubblingEvent(EventHandlerManager.java:234)
	at com.sun.javafx.event.EventHandlerManager.dispatchBubblingEvent(EventHandlerManager.java:191)
	at com.sun.javafx.event.CompositeEventDispatcher.dispatchBubblingEvent(CompositeEventDispatcher.java:59)
	at com.sun.javafx.event.BasicEventDispatcher.dispatchEvent(BasicEventDispatcher.java:58)
	at com.sun.javafx.event.EventDispatchChainImpl.dispatchEvent(EventDispatchChainImpl.java:114)
	at com.sun.javafx.event.BasicEventDispatcher.dispatchEvent(BasicEventDispatcher.java:56)
	at com.sun.javafx.event.EventDispatchChainImpl.dispatchEvent(EventDispatchChainImpl.java:114)
	at com.sun.javafx.event.BasicEventDispatcher.dispatchEvent(BasicEventDispatcher.java:56)
	at com.sun.javafx.event.EventDispatchChainImpl.dispatchEvent(EventDispatchChainImpl.java:114)
	at com.sun.javafx.event.EventUtil.fireEventImpl(EventUtil.java:74)
	at com.sun.javafx.event.EventUtil.fireEvent(EventUtil.java:54)
	at javafx.event.Event.fireEvent(Event.java:198)
	at javafx.scene.Scene$MouseHandler.process(Scene.java:3931)
	at javafx.scene.Scene.processMouseEvent(Scene.java:1918)
	at javafx.scene.Scene$ScenePeerListener.mouseEvent(Scene.java:2657)
	at com.sun.javafx.tk.quantum.GlassViewEventHandler$MouseEventNotification.run(GlassViewEventHandler.java:411)
	at com.sun.javafx.tk.quantum.GlassViewEventHandler$MouseEventNotification.run(GlassViewEventHandler.java:301)
	at java.base/java.security.AccessController.doPrivileged(AccessController.java:399)
	at com.sun.javafx.tk.quantum.GlassViewEventHandler.lambda$handleMouseEvent$2(GlassViewEventHandler.java:450)
	at com.sun.javafx.tk.quantum.QuantumToolkit.runWithoutRenderLock(QuantumToolkit.java:430)
	at com.sun.javafx.tk.quantum.GlassViewEventHandler.handleMouseEvent(GlassViewEventHandler.java:449)
	at com.sun.glass.ui.View.handleMouseEvent(View.java:551)
	at com.sun.glass.ui.View.notifyMouse(View.java:937)
	at com.sun.glass.ui.monocle.MonocleView.notifyMouse(MonocleView.java:116)
	... 22 common frames omitted
2026-07-10 15:32:17,880 [ERROR] from com.jpro.meta.tk.SceneInputListener in JavaFX Application Thread - Error while processing the input: MouseEventToken(MouseMoved,916.0,384.0,MouseButtonToken(2),false,false,false,false,false,false,false,false) app: stage title: 練習モード
java.lang.reflect.InvocationTargetException: null
	at jdk.internal.reflect.GeneratedMethodAccessor9.invoke(Unknown Source)
	at java.base/jdk.internal.reflect.DelegatingMethodAccessorImpl.invoke(DelegatingMethodAccessorImpl.java:43)
	at java.base/java.lang.reflect.Method.invoke(Method.java:569)
	at simplefx.util.ReflectionUtil$UseReflection.applyDynamic(ReflectionUtil.scala:21)
	at com.jpro.meta.tk.SceneInputListener.processInputInScene(SceneInputListener.scala:264)
	at com.jpro.meta.tk.SceneInputListener.processInput(SceneInputListener.scala:178)
	at com.jpro.meta.tk.SceneInputListener.processInputs(SceneInputListener.scala:108)
	at com.jpro.meta.tk.SceneInputListener.$anonfun$new$4(SceneInputListener.scala:42)
	at simplefx.cores.standard.parts.CoreTimeEvent$$anon$3.run(CoreTimeEvent.scala:62)
	at com.sun.javafx.application.PlatformImpl.lambda$runLater$10(PlatformImpl.java:457)
	at java.base/java.security.AccessController.doPrivileged(AccessController.java:399)
	at com.sun.javafx.application.PlatformImpl.lambda$runLater$11(PlatformImpl.java:456)
	at com.sun.glass.ui.monocle.RunnableProcessor.runLoop(RunnableProcessor.java:92)
	at com.sun.glass.ui.monocle.RunnableProcessor.run(RunnableProcessor.java:51)
	at java.base/java.lang.Thread.run(Thread.java:840)
Caused by: java.lang.reflect.InvocationTargetException: null
	at jdk.internal.reflect.GeneratedMethodAccessor10.invoke(Unknown Source)
	at java.base/jdk.internal.reflect.DelegatingMethodAccessorImpl.invoke(DelegatingMethodAccessorImpl.java:43)
	at java.base/java.lang.reflect.Method.invoke(Method.java:569)
	at simplefx.util.ReflectionUtil$UseReflection.applyDynamic(ReflectionUtil.scala:21)
	at com.sun.glass.ui.monocle.input.fork.NativeMouseInput.notifyMouse(NativeMouseInput.scala:330)
	at com.sun.glass.ui.monocle.input.fork.NativeMouseInput.postMouseEvent(NativeMouseInput.scala:226)
	at com.sun.glass.ui.monocle.input.fork.NativeMouseInput.setState(NativeMouseInput.scala:186)
	... 15 common frames omitted
Caused by: java.lang.NullPointerException: Cannot invoke "javafx.scene.media.AudioClip.stop()" because "this.clickSound" is null
	at story.Practice.lambda$createScene$2(Practice.java:122)
	at com.sun.javafx.event.CompositeEventHandler.dispatchBubblingEvent(CompositeEventHandler.java:86)
	at com.sun.javafx.event.EventHandlerManager.dispatchBubblingEvent(EventHandlerManager.java:234)
	at com.sun.javafx.event.EventHandlerManager.dispatchBubblingEvent(EventHandlerManager.java:191)
	at com.sun.javafx.event.CompositeEventDispatcher.dispatchBubblingEvent(CompositeEventDispatcher.java:59)
	at com.sun.javafx.event.BasicEventDispatcher.dispatchEvent(BasicEventDispatcher.java:58)
	at com.sun.javafx.event.EventDispatchChainImpl.dispatchEvent(EventDispatchChainImpl.java:114)
	at com.sun.javafx.event.BasicEventDispatcher.dispatchEvent(BasicEventDispatcher.java:56)
	at com.sun.javafx.event.EventDispatchChainImpl.dispatchEvent(EventDispatchChainImpl.java:114)
	at com.sun.javafx.event.BasicEventDispatcher.dispatchEvent(BasicEventDispatcher.java:56)
	at com.sun.javafx.event.EventDispatchChainImpl.dispatchEvent(EventDispatchChainImpl.java:114)
	at com.sun.javafx.event.EventUtil.fireEventImpl(EventUtil.java:74)
	at com.sun.javafx.event.EventUtil.fireEvent(EventUtil.java:49)
	at javafx.event.Event.fireEvent(Event.java:198)
	at javafx.scene.Node.fireEvent(Node.java:8797)
	at javafx.scene.control.Button.fire(Button.java:203)
	at com.sun.javafx.scene.control.behavior.ButtonBehavior.mouseReleased(ButtonBehavior.java:208)
	at com.sun.javafx.scene.control.inputmap.InputMap.handle(InputMap.java:274)
	at com.sun.javafx.event.CompositeEventHandler$NormalEventHandlerRecord.handleBubblingEvent(CompositeEventHandler.java:247)
	at com.sun.javafx.event.CompositeEventHandler.dispatchBubblingEvent(CompositeEventHandler.java:80)
	at com.sun.javafx.event.EventHandlerManager.dispatchBubblingEvent(EventHandlerManager.java:234)
	at com.sun.javafx.event.EventHandlerManager.dispatchBubblingEvent(EventHandlerManager.java:191)
	at com.sun.javafx.event.CompositeEventDispatcher.dispatchBubblingEvent(CompositeEventDispatcher.java:59)
	at com.sun.javafx.event.BasicEventDispatcher.dispatchEvent(BasicEventDispatcher.java:58)
	at com.sun.javafx.event.EventDispatchChainImpl.dispatchEvent(EventDispatchChainImpl.java:114)
	at com.sun.javafx.event.BasicEventDispatcher.dispatchEvent(BasicEventDispatcher.java:56)
	at com.sun.javafx.event.EventDispatchChainImpl.dispatchEvent(EventDispatchChainImpl.java:114)
	at com.sun.javafx.event.BasicEventDispatcher.dispatchEvent(BasicEventDispatcher.java:56)
	at com.sun.javafx.event.EventDispatchChainImpl.dispatchEvent(EventDispatchChainImpl.java:114)
	at com.sun.javafx.event.EventUtil.fireEventImpl(EventUtil.java:74)
	at com.sun.javafx.event.EventUtil.fireEvent(EventUtil.java:54)
	at javafx.event.Event.fireEvent(Event.java:198)
	at javafx.scene.Scene$MouseHandler.process(Scene.java:3931)
	at javafx.scene.Scene.processMouseEvent(Scene.java:1918)
	at javafx.scene.Scene$ScenePeerListener.mouseEvent(Scene.java:2657)
	at com.sun.javafx.tk.quantum.GlassViewEventHandler$MouseEventNotification.run(GlassViewEventHandler.java:411)
	at com.sun.javafx.tk.quantum.GlassViewEventHandler$MouseEventNotification.run(GlassViewEventHandler.java:301)
	at java.base/java.security.AccessController.doPrivileged(AccessController.java:399)
	at com.sun.javafx.tk.quantum.GlassViewEventHandler.lambda$handleMouseEvent$2(GlassViewEventHandler.java:450)
	at com.sun.javafx.tk.quantum.QuantumToolkit.runWithoutRenderLock(QuantumToolkit.java:430)
	at com.sun.javafx.tk.quantum.GlassViewEventHandler.handleMouseEvent(GlassViewEventHandler.java:449)
	at com.sun.glass.ui.View.handleMouseEvent(View.java:551)
	at com.sun.glass.ui.View.notifyMouse(View.java:937)
	at com.sun.glass.ui.monocle.MonocleView.notifyMouse(MonocleView.java:116)
	... 22 common frames omitted
2026-07-10 15:32:17,897 [ERROR] from com.jpro.meta.tk.SceneInputListener in JavaFX Application Thread - Error while processing the input: MouseEventToken(MouseMoved,867.2000122070312,345.6000061035156,MouseButtonToken(2),false,false,false,false,false,false,false,false) app: stage title: 練習モード
java.lang.reflect.InvocationTargetException: null
	at jdk.internal.reflect.GeneratedMethodAccessor9.invoke(Unknown Source)
	at java.base/jdk.internal.reflect.DelegatingMethodAccessorImpl.invoke(DelegatingMethodAccessorImpl.java:43)
	at java.base/java.lang.reflect.Method.invoke(Method.java:569)
	at simplefx.util.ReflectionUtil$UseReflection.applyDynamic(ReflectionUtil.scala:21)
	at com.jpro.meta.tk.SceneInputListener.processInputInScene(SceneInputListener.scala:264)
	at com.jpro.meta.tk.SceneInputListener.processInput(SceneInputListener.scala:178)
	at com.jpro.meta.tk.SceneInputListener.processInputs(SceneInputListener.scala:108)
	at com.jpro.meta.tk.SceneInputListener.$anonfun$new$4(SceneInputListener.scala:42)
	at simplefx.cores.standard.parts.CoreTimeEvent$$anon$3.run(CoreTimeEvent.scala:62)
	at com.sun.javafx.application.PlatformImpl.lambda$runLater$10(PlatformImpl.java:457)
	at java.base/java.security.AccessController.doPrivileged(AccessController.java:399)
	at com.sun.javafx.application.PlatformImpl.lambda$runLater$11(PlatformImpl.java:456)
	at com.sun.glass.ui.monocle.RunnableProcessor.runLoop(RunnableProcessor.java:92)
	at com.sun.glass.ui.monocle.RunnableProcessor.run(RunnableProcessor.java:51)
	at java.base/java.lang.Thread.run(Thread.java:840)
Caused by: java.lang.reflect.InvocationTargetException: null
	at jdk.internal.reflect.GeneratedMethodAccessor10.invoke(Unknown Source)
	at java.base/jdk.internal.reflect.DelegatingMethodAccessorImpl.invoke(DelegatingMethodAccessorImpl.java:43)
	at java.base/java.lang.reflect.Method.invoke(Method.java:569)
	at simplefx.util.ReflectionUtil$UseReflection.applyDynamic(ReflectionUtil.scala:21)
	at com.sun.glass.ui.monocle.input.fork.NativeMouseInput.notifyMouse(NativeMouseInput.scala:330)
	at com.sun.glass.ui.monocle.input.fork.NativeMouseInput.postMouseEvent(NativeMouseInput.scala:226)
	at com.sun.glass.ui.monocle.input.fork.NativeMouseInput.setState(NativeMouseInput.scala:186)
	... 15 common frames omitted
Caused by: java.lang.NullPointerException: Cannot invoke "javafx.scene.media.AudioClip.stop()" because "this.clickSound" is null
	at story.Practice.lambda$createScene$2(Practice.java:122)
	at com.sun.javafx.event.CompositeEventHandler.dispatchBubblingEvent(CompositeEventHandler.java:86)
	at com.sun.javafx.event.EventHandlerManager.dispatchBubblingEvent(EventHandlerManager.java:234)
	at com.sun.javafx.event.EventHandlerManager.dispatchBubblingEvent(EventHandlerManager.java:191)
	at com.sun.javafx.event.CompositeEventDispatcher.dispatchBubblingEvent(CompositeEventDispatcher.java:59)
	at com.sun.javafx.event.BasicEventDispatcher.dispatchEvent(BasicEventDispatcher.java:58)
	at com.sun.javafx.event.EventDispatchChainImpl.dispatchEvent(EventDispatchChainImpl.java:114)
	at com.sun.javafx.event.BasicEventDispatcher.dispatchEvent(BasicEventDispatcher.java:56)
	at com.sun.javafx.event.EventDispatchChainImpl.dispatchEvent(EventDispatchChainImpl.java:114)
	at com.sun.javafx.event.BasicEventDispatcher.dispatchEvent(BasicEventDispatcher.java:56)
	at com.sun.javafx.event.EventDispatchChainImpl.dispatchEvent(EventDispatchChainImpl.java:114)
	at com.sun.javafx.event.EventUtil.fireEventImpl(EventUtil.java:74)
	at com.sun.javafx.event.EventUtil.fireEvent(EventUtil.java:49)
	at javafx.event.Event.fireEvent(Event.java:198)
	at javafx.scene.Node.fireEvent(Node.java:8797)
	at javafx.scene.control.Button.fire(Button.java:203)
	at com.sun.javafx.scene.control.behavior.ButtonBehavior.mouseReleased(ButtonBehavior.java:208)
	at com.sun.javafx.scene.control.inputmap.InputMap.handle(InputMap.java:274)
	at com.sun.javafx.event.CompositeEventHandler$NormalEventHandlerRecord.handleBubblingEvent(CompositeEventHandler.java:247)
	at com.sun.javafx.event.CompositeEventHandler.dispatchBubblingEvent(CompositeEventHandler.java:80)
	at com.sun.javafx.event.EventHandlerManager.dispatchBubblingEvent(EventHandlerManager.java:234)
	at com.sun.javafx.event.EventHandlerManager.dispatchBubblingEvent(EventHandlerManager.java:191)
	at com.sun.javafx.event.CompositeEventDispatcher.dispatchBubblingEvent(CompositeEventDispatcher.java:59)
	at com.sun.javafx.event.BasicEventDispatcher.dispatchEvent(BasicEventDispatcher.java:58)
	at com.sun.javafx.event.EventDispatchChainImpl.dispatchEvent(EventDispatchChainImpl.java:114)
	at com.sun.javafx.event.BasicEventDispatcher.dispatchEvent(BasicEventDispatcher.java:56)
	at com.sun.javafx.event.EventDispatchChainImpl.dispatchEvent(EventDispatchChainImpl.java:114)
	at com.sun.javafx.event.BasicEventDispatcher.dispatchEvent(BasicEventDispatcher.java:56)
	at com.sun.javafx.event.EventDispatchChainImpl.dispatchEvent(EventDispatchChainImpl.java:114)
	at com.sun.javafx.event.EventUtil.fireEventImpl(EventUtil.java:74)
	at com.sun.javafx.event.EventUtil.fireEvent(EventUtil.java:54)
	at javafx.event.Event.fireEvent(Event.java:198)
	at javafx.scene.Scene$MouseHandler.process(Scene.java:3931)
	at javafx.scene.Scene.processMouseEvent(Scene.java:1918)
	at javafx.scene.Scene$ScenePeerListener.mouseEvent(Scene.java:2657)
	at com.sun.javafx.tk.quantum.GlassViewEventHandler$MouseEventNotification.run(GlassViewEventHandler.java:411)
	at com.sun.javafx.tk.quantum.GlassViewEventHandler$MouseEventNotification.run(GlassViewEventHandler.java:301)
	at java.base/java.security.AccessController.doPrivileged(AccessController.java:399)
	at com.sun.javafx.tk.quantum.GlassViewEventHandler.lambda$handleMouseEvent$2(GlassViewEventHandler.java:450)
	at com.sun.javafx.tk.quantum.QuantumToolkit.runWithoutRenderLock(QuantumToolkit.java:430)
	at com.sun.javafx.tk.quantum.GlassViewEventHandler.handleMouseEvent(GlassViewEventHandler.java:449)
	at com.sun.glass.ui.View.handleMouseEvent(View.java:551)
	at com.sun.glass.ui.View.notifyMouse(View.java:937)
	at com.sun.glass.ui.monocle.MonocleView.notifyMouse(MonocleView.java:116)
	... 22 common frames omitted
>>>>>>> branch 'jpro' of https://github.com/hayakawa-rai/GameApplication.git
>>>>>>> branch 'jpro' of https://github.com/hayakawa-rai/GameApplication.git
<<<<<<< HEAD
2026-07-10 17:46:41,679 [ERROR] from com.jpro.JS in JavaFX Application Thread - received msg: Unexpected exception: DLinearGradient((0,0),(0,1),true,DCycle_NO_CYCLE,List((0,RGBA(1,0.37254902720451355,0.37254902720451355,1)), (1,RGBA(0.7764706015586853,0.1568627506494522,0.1568627506494522,1)))) (of class p.Data$DLinearGradient)
2026-07-10 17:46:41,679 [ERROR] from com.jpro.JS in JavaFX Application Thread - received msg: Unexpected exception: DLinearGradient((0,0),(0,1),true,DCycle_NO_CYCLE,List((0,RGBA(1,0.37254902720451355,0.37254902720451355,1)), (1,RGBA(0.7764706015586853,0.1568627506494522,0.1568627506494522,1)))) (of class p.Data$DLinearGradient)
=======
<<<<<<< HEAD
2026-07-10 16:33:17,053 [ERROR] from com.jpro.JS in JavaFX Application Thread - received msg: Unexpected exception: DLinearGradient((0,0),(0,1),true,DCycle_NO_CYCLE,List((0,RGBA(1,0.37254902720451355,0.37254902720451355,1)), (1,RGBA(0.7764706015586853,0.1568627506494522,0.1568627506494522,1)))) (of class p.Data$DLinearGradient)
2026-07-10 16:33:17,065 [ERROR] from com.jpro.JS in JavaFX Application Thread - received msg: Unexpected exception: DLinearGradient((0,0),(0,1),true,DCycle_NO_CYCLE,List((0,RGBA(1,0.37254902720451355,0.37254902720451355,1)), (1,RGBA(0.7764706015586853,0.1568627506494522,0.1568627506494522,1)))) (of class p.Data$DLinearGradient)
2026-07-10 16:33:59,732 [ERROR] from com.jpro.JS in JavaFX Application Thread - received msg: Unexpected exception: DLinearGradient((0,0),(0,1),true,DCycle_NO_CYCLE,List((0,RGBA(1,0.37254902720451355,0.37254902720451355,1)), (1,RGBA(0.7764706015586853,0.1568627506494522,0.1568627506494522,1)))) (of class p.Data$DLinearGradient)
2026-07-10 16:33:59,748 [ERROR] from com.jpro.JS in JavaFX Application Thread - received msg: Unexpected exception: DLinearGradient((0,0),(0,1),true,DCycle_NO_CYCLE,List((0,RGBA(1,0.37254902720451355,0.37254902720451355,1)), (1,RGBA(0.7764706015586853,0.1568627506494522,0.1568627506494522,1)))) (of class p.Data$DLinearGradient)
2026-07-10 16:35:08,661 [ERROR] from com.jpro.JS in JavaFX Application Thread - received msg: Unexpected exception: DLinearGradient((0,0),(0,1),true,DCycle_NO_CYCLE,List((0,RGBA(1,0.37254902720451355,0.37254902720451355,1)), (1,RGBA(0.7764706015586853,0.1568627506494522,0.1568627506494522,1)))) (of class p.Data$DLinearGradient)
2026-07-10 16:35:08,661 [ERROR] from com.jpro.JS in JavaFX Application Thread - received msg: Unexpected exception: DLinearGradient((0,0),(0,1),true,DCycle_NO_CYCLE,List((0,RGBA(1,0.37254902720451355,0.37254902720451355,1)), (1,RGBA(0.7764706015586853,0.1568627506494522,0.1568627506494522,1)))) (of class p.Data$DLinearGradient)
2026-07-10 16:48:38,636 [ERROR] from com.jpro.JS in JavaFX Application Thread - received msg: Unexpected exception: DLinearGradient((0,0),(0,1),true,DCycle_NO_CYCLE,List((0,RGBA(1,0.37254902720451355,0.37254902720451355,1)), (1,RGBA(0.7764706015586853,0.1568627506494522,0.1568627506494522,1)))) (of class p.Data$DLinearGradient)
2026-07-10 16:48:38,650 [ERROR] from com.jpro.JS in JavaFX Application Thread - received msg: Unexpected exception: DLinearGradient((0,0),(0,1),true,DCycle_NO_CYCLE,List((0,RGBA(1,0.37254902720451355,0.37254902720451355,1)), (1,RGBA(0.7764706015586853,0.1568627506494522,0.1568627506494522,1)))) (of class p.Data$DLinearGradient)
2026-07-10 16:57:18,542 [ERROR] from com.jpro.JS in JavaFX Application Thread - received msg: Unexpected exception: DLinearGradient((0,0),(0,1),true,DCycle_NO_CYCLE,List((0,RGBA(1,0.37254902720451355,0.37254902720451355,1)), (1,RGBA(0.7764706015586853,0.1568627506494522,0.1568627506494522,1)))) (of class p.Data$DLinearGradient)
2026-07-10 16:57:18,553 [ERROR] from com.jpro.JS in JavaFX Application Thread - received msg: Unexpected exception: DLinearGradient((0,0),(0,1),true,DCycle_NO_CYCLE,List((0,RGBA(1,0.37254902720451355,0.37254902720451355,1)), (1,RGBA(0.7764706015586853,0.1568627506494522,0.1568627506494522,1)))) (of class p.Data$DLinearGradient)
2026-07-10 16:57:54,028 [ERROR] from com.jpro.JS in JavaFX Application Thread - received msg: Unexpected exception: DLinearGradient((0,0),(0,1),true,DCycle_NO_CYCLE,List((0,RGBA(1,0.37254902720451355,0.37254902720451355,1)), (1,RGBA(0.7764706015586853,0.1568627506494522,0.1568627506494522,1)))) (of class p.Data$DLinearGradient)
2026-07-10 16:57:54,028 [ERROR] from com.jpro.JS in JavaFX Application Thread - received msg: Unexpected exception: DLinearGradient((0,0),(0,1),true,DCycle_NO_CYCLE,List((0,RGBA(1,0.37254902720451355,0.37254902720451355,1)), (1,RGBA(0.7764706015586853,0.1568627506494522,0.1568627506494522,1)))) (of class p.Data$DLinearGradient)
=======
>>>>>>> branch 'jpro' of https://github.com/hayakawa-rai/GameApplication.git
>>>>>>> branch 'jpro' of https://github.com/hayakawa-rai/GameApplication.git
